-- ECRMS Ferry System

INSERT INTO schedule (schedule_id, route_id, vessel_id, departure_datetime, arrival_datetime, status) VALUES (5, 1, 4, '2025-12-25 08:00:00', '2025-12-25 09:30:00', 'completed'), (6, 1, 2, '2025-12-25 12:00:00', '2025-12-25 13:30:00', 'completed'), (7, 1, 4, '2025-12-26 16:00:00', '2025-12-26 17:30:00', 'scheduled'), (8, 2, 3, '2025-12-24 10:00:00', '2025-12-24 11:30:00', 'completed');

INSERT INTO person (person_id, first_name, last_name, phone, email, date_of_birth) VALUES (1000, 'Susan', 'Wilson', '592-6349425', 'susan.wilson1000@email.com', '1950-01-01');
INSERT INTO passenger (person_id, id_number) VALUES (1000, 'GY-PASS-1000');
INSERT INTO person (person_id, first_name, last_name, phone, email, date_of_birth) VALUES (1001, 'Mary', 'Hill', '592-6126487', 'mary.hill1001@email.com', '1970-01-01');
INSERT INTO passenger (person_id, id_number) VALUES (1001, 'GY-PASS-1001');
INSERT INTO person (person_id, first_name, last_name, phone, email, date_of_birth) VALUES (1002, 'Matthew', 'Allen', '592-7033777', 'matthew.allen1002@email.com', '1950-01-01');
INSERT INTO passenger (person_id, id_number) VALUES (1002, 'GY-PASS-1002');
INSERT INTO person (person_id, first_name, last_name, phone, email, date_of_birth) VALUES (1003, 'Amanda', 'Morris', '592-6137211', 'amanda.morris1003@email.com', '2008-01-01');
INSERT INTO passenger (person_id, id_number) VALUES (1003, 'GY-PASS-1003');
INSERT INTO person (person_id, first_name, last_name, phone, email, date_of_birth) VALUES (1004, 'Patricia', 'Jones', '592-7364072', 'patricia.jones1004@email.com', '2003-01-01');
INSERT INTO passenger (person_id, id_number) VALUES (1004, 'GY-PASS-1004');
INSERT INTO person (person_id, first_name, last_name, phone, email, date_of_birth) VALUES (1005, 'Melissa', 'Taylor', '592-7995968', 'melissa.taylor1005@email.com', '1997-01-01');
INSERT INTO passenger (person_id, id_number) VALUES (1005, 'GY-PASS-1005');
INSERT INTO person (person_id, first_name, last_name, phone, email, date_of_birth) VALUES (1006, 'John', 'Murphy', '592-6436953', 'john.murphy1006@email.com', '1965-01-01');
INSERT INTO passenger (person_id, id_number) VALUES (1006, 'GY-PASS-1006');
INSERT INTO person (person_id, first_name, last_name, phone, email, date_of_birth) VALUES (1007, 'Melissa', 'Perez', '592-7497491', 'melissa.perez1007@email.com', '1960-01-01');
INSERT INTO passenger (person_id, id_number) VALUES (1007, 'GY-PASS-1007');
INSERT INTO person (person_id, first_name, last_name, phone, email, date_of_birth) VALUES (1008, 'Steven', 'Smith', '592-6786343', 'steven.smith1008@email.com', '1951-01-01');
INSERT INTO passenger (person_id, id_number) VALUES (1008, 'GY-PASS-1008');
INSERT INTO person (person_id, first_name, last_name, phone, email, date_of_birth) VALUES (1009, 'Donna', 'Smith', '592-7485537', 'donna.smith1009@email.com', '1991-01-01');
INSERT INTO passenger (person_id, id_number) VALUES (1009, 'GY-PASS-1009');
INSERT INTO person (person_id, first_name, last_name, phone, email, date_of_birth) VALUES (1010, 'Lisa', 'Bell', '592-6625163', 'lisa.bell1010@email.com', '1981-01-01');
INSERT INTO passenger (person_id, id_number) VALUES (1010, 'GY-PASS-1010');
INSERT INTO person (person_id, first_name, last_name, phone, email, date_of_birth) VALUES (1011, 'Donald', 'Thomas', '592-7587728', 'donald.thomas1011@email.com', '1955-01-01');
INSERT INTO passenger (person_id, id_number) VALUES (1011, 'GY-PASS-1011');
INSERT INTO person (person_id, first_name, last_name, phone, email, date_of_birth) VALUES (1012, 'Mary', 'Bell', '592-7862342', 'mary.bell1012@email.com', '1977-01-01');
INSERT INTO passenger (person_id, id_number) VALUES (1012, 'GY-PASS-1012');
INSERT INTO person (person_id, first_name, last_name, phone, email, date_of_birth) VALUES (1013, 'Cynthia', 'Perez', '592-6237964', 'cynthia.perez1013@email.com', '1968-01-01');
INSERT INTO passenger (person_id, id_number) VALUES (1013, 'GY-PASS-1013');
INSERT INTO person (person_id, first_name, last_name, phone, email, date_of_birth) VALUES (1014, 'George', 'Harris', '592-7294568', 'george.harris1014@email.com', '1969-01-01');
INSERT INTO passenger (person_id, id_number) VALUES (1014, 'GY-PASS-1014');
INSERT INTO person (person_id, first_name, last_name, phone, email, date_of_birth) VALUES (1015, 'Kimberly', 'Martin', '592-6191491', 'kimberly.martin1015@email.com', '1995-01-01');
INSERT INTO passenger (person_id, id_number) VALUES (1015, 'GY-PASS-1015');
INSERT INTO person (person_id, first_name, last_name, phone, email, date_of_birth) VALUES (1016, 'Melissa', 'Morgan', '592-7363333', 'melissa.morgan1016@email.com', '2001-01-01');
INSERT INTO passenger (person_id, id_number) VALUES (1016, 'GY-PASS-1016');
INSERT INTO person (person_id, first_name, last_name, phone, email, date_of_birth) VALUES (1017, 'Kathleen', 'Morris', '592-7839543', 'kathleen.morris1017@email.com', '1982-01-01');
INSERT INTO passenger (person_id, id_number) VALUES (1017, 'GY-PASS-1017');
INSERT INTO person (person_id, first_name, last_name, phone, email, date_of_birth) VALUES (1018, 'Kimberly', 'Williams', '592-6831478', 'kimberly.williams1018@email.com', '2001-01-01');
INSERT INTO passenger (person_id, id_number) VALUES (1018, 'GY-PASS-1018');
INSERT INTO person (person_id, first_name, last_name, phone, email, date_of_birth) VALUES (1019, 'Emily', 'Walker', '592-6177691', 'emily.walker1019@email.com', '1975-01-01');
INSERT INTO passenger (person_id, id_number) VALUES (1019, 'GY-PASS-1019');
INSERT INTO person (person_id, first_name, last_name, phone, email, date_of_birth) VALUES (1020, 'Jennifer', 'Collins', '592-6098948', 'jennifer.collins1020@email.com', '1981-01-01');
INSERT INTO passenger (person_id, id_number) VALUES (1020, 'GY-PASS-1020');
INSERT INTO person (person_id, first_name, last_name, phone, email, date_of_birth) VALUES (1021, 'William', 'Reed', '592-6703856', 'william.reed1021@email.com', '2014-01-01');
INSERT INTO passenger (person_id, id_number) VALUES (1021, 'GY-PASS-1021');
INSERT INTO person (person_id, first_name, last_name, phone, email, date_of_birth) VALUES (1022, 'Brian', 'Thompson', '592-6224598', 'brian.thompson1022@email.com', '1974-01-01');
INSERT INTO passenger (person_id, id_number) VALUES (1022, 'GY-PASS-1022');
INSERT INTO person (person_id, first_name, last_name, phone, email, date_of_birth) VALUES (1023, 'Jennifer', 'Hernandez', '592-7009619', 'jennifer.hernandez1023@email.com', '1977-01-01');
INSERT INTO passenger (person_id, id_number) VALUES (1023, 'GY-PASS-1023');
INSERT INTO person (person_id, first_name, last_name, phone, email, date_of_birth) VALUES (1024, 'William', 'Persaud', '592-7651936', 'william.persaud1024@email.com', '1985-01-01');
INSERT INTO passenger (person_id, id_number) VALUES (1024, 'GY-PASS-1024');
INSERT INTO person (person_id, first_name, last_name, phone, email, date_of_birth) VALUES (1025, 'Michelle', 'Young', '592-7564046', 'michelle.young1025@email.com', '1995-01-01');
INSERT INTO passenger (person_id, id_number) VALUES (1025, 'GY-PASS-1025');
INSERT INTO person (person_id, first_name, last_name, phone, email, date_of_birth) VALUES (1026, 'Christopher', 'Garcia', '592-7291087', 'christopher.garcia1026@email.com', '1961-01-01');
INSERT INTO passenger (person_id, id_number) VALUES (1026, 'GY-PASS-1026');
INSERT INTO person (person_id, first_name, last_name, phone, email, date_of_birth) VALUES (1027, 'Stephanie', 'Singh', '592-6274490', 'stephanie.singh1027@email.com', '2009-01-01');
INSERT INTO passenger (person_id, id_number) VALUES (1027, 'GY-PASS-1027');
INSERT INTO person (person_id, first_name, last_name, phone, email, date_of_birth) VALUES (1028, 'George', 'Lopez', '592-7809324', 'george.lopez1028@email.com', '2001-01-01');
INSERT INTO passenger (person_id, id_number) VALUES (1028, 'GY-PASS-1028');
INSERT INTO person (person_id, first_name, last_name, phone, email, date_of_birth) VALUES (1029, 'Edward', 'Gonzalez', '592-7519042', 'edward.gonzalez1029@email.com', '1994-01-01');
INSERT INTO passenger (person_id, id_number) VALUES (1029, 'GY-PASS-1029');
INSERT INTO person (person_id, first_name, last_name, phone, email, date_of_birth) VALUES (1030, 'Thomas', 'Clark', '592-6495296', 'thomas.clark1030@email.com', '2007-01-01');
INSERT INTO passenger (person_id, id_number) VALUES (1030, 'GY-PASS-1030');
INSERT INTO person (person_id, first_name, last_name, phone, email, date_of_birth) VALUES (1031, 'Betty', 'Harris', '592-6535964', 'betty.harris1031@email.com', '1992-01-01');
INSERT INTO passenger (person_id, id_number) VALUES (1031, 'GY-PASS-1031');
INSERT INTO person (person_id, first_name, last_name, phone, email, date_of_birth) VALUES (1032, 'Laura', 'Brown', '592-6901742', 'laura.brown1032@email.com', '1990-01-01');
INSERT INTO passenger (person_id, id_number) VALUES (1032, 'GY-PASS-1032');
INSERT INTO person (person_id, first_name, last_name, phone, email, date_of_birth) VALUES (1033, 'Edward', 'Allen', '592-6008787', 'edward.allen1033@email.com', '1963-01-01');
INSERT INTO passenger (person_id, id_number) VALUES (1033, 'GY-PASS-1033');
INSERT INTO person (person_id, first_name, last_name, phone, email, date_of_birth) VALUES (1034, 'Rebecca', 'Harris', '592-6742175', 'rebecca.harris1034@email.com', '1952-01-01');
INSERT INTO passenger (person_id, id_number) VALUES (1034, 'GY-PASS-1034');
INSERT INTO person (person_id, first_name, last_name, phone, email, date_of_birth) VALUES (1035, 'Sarah', 'Jackson', '592-7217506', 'sarah.jackson1035@email.com', '1997-01-01');
INSERT INTO passenger (person_id, id_number) VALUES (1035, 'GY-PASS-1035');
INSERT INTO person (person_id, first_name, last_name, phone, email, date_of_birth) VALUES (1036, 'David', 'Garcia', '592-7276832', 'david.garcia1036@email.com', '1982-01-01');
INSERT INTO passenger (person_id, id_number) VALUES (1036, 'GY-PASS-1036');
INSERT INTO person (person_id, first_name, last_name, phone, email, date_of_birth) VALUES (1037, 'Kimberly', 'King', '592-6159084', 'kimberly.king1037@email.com', '1960-01-01');
INSERT INTO passenger (person_id, id_number) VALUES (1037, 'GY-PASS-1037');
INSERT INTO person (person_id, first_name, last_name, phone, email, date_of_birth) VALUES (1038, 'Kathleen', 'Lee', '592-6756740', 'kathleen.lee1038@email.com', '1984-01-01');
INSERT INTO passenger (person_id, id_number) VALUES (1038, 'GY-PASS-1038');
INSERT INTO person (person_id, first_name, last_name, phone, email, date_of_birth) VALUES (1039, 'Joshua', 'Lewis', '592-6626033', 'joshua.lewis1039@email.com', '1959-01-01');
INSERT INTO passenger (person_id, id_number) VALUES (1039, 'GY-PASS-1039');
INSERT INTO person (person_id, first_name, last_name, phone, email, date_of_birth) VALUES (1040, 'Richard', 'Lopez', '592-6909400', 'richard.lopez1040@email.com', '1956-01-01');
INSERT INTO passenger (person_id, id_number) VALUES (1040, 'GY-PASS-1040');
INSERT INTO person (person_id, first_name, last_name, phone, email, date_of_birth) VALUES (1041, 'Donald', 'Smith', '592-7524207', 'donald.smith1041@email.com', '1982-01-01');
INSERT INTO passenger (person_id, id_number) VALUES (1041, 'GY-PASS-1041');
INSERT INTO person (person_id, first_name, last_name, phone, email, date_of_birth) VALUES (1042, 'Steven', 'Phillips', '592-7761803', 'steven.phillips1042@email.com', '1960-01-01');
INSERT INTO passenger (person_id, id_number) VALUES (1042, 'GY-PASS-1042');
INSERT INTO person (person_id, first_name, last_name, phone, email, date_of_birth) VALUES (1043, 'James', 'Moore', '592-6835830', 'james.moore1043@email.com', '2008-01-01');
INSERT INTO passenger (person_id, id_number) VALUES (1043, 'GY-PASS-1043');
INSERT INTO person (person_id, first_name, last_name, phone, email, date_of_birth) VALUES (1044, 'Mary', 'Allen', '592-6586274', 'mary.allen1044@email.com', '1966-01-01');
INSERT INTO passenger (person_id, id_number) VALUES (1044, 'GY-PASS-1044');
INSERT INTO person (person_id, first_name, last_name, phone, email, date_of_birth) VALUES (1045, 'Kenneth', 'Murphy', '592-6482950', 'kenneth.murphy1045@email.com', '1957-01-01');
INSERT INTO passenger (person_id, id_number) VALUES (1045, 'GY-PASS-1045');
INSERT INTO person (person_id, first_name, last_name, phone, email, date_of_birth) VALUES (1046, 'George', 'Robinson', '592-6357913', 'george.robinson1046@email.com', '1964-01-01');
INSERT INTO passenger (person_id, id_number) VALUES (1046, 'GY-PASS-1046');
INSERT INTO person (person_id, first_name, last_name, phone, email, date_of_birth) VALUES (1047, 'Lisa', 'Scott', '592-6904260', 'lisa.scott1047@email.com', '2002-01-01');
INSERT INTO passenger (person_id, id_number) VALUES (1047, 'GY-PASS-1047');
INSERT INTO person (person_id, first_name, last_name, phone, email, date_of_birth) VALUES (1048, 'Elizabeth', 'Garcia', '592-7077126', 'elizabeth.garcia1048@email.com', '1969-01-01');
INSERT INTO passenger (person_id, id_number) VALUES (1048, 'GY-PASS-1048');
INSERT INTO person (person_id, first_name, last_name, phone, email, date_of_birth) VALUES (1049, 'Jennifer', 'Wright', '592-6237164', 'jennifer.wright1049@email.com', '1984-01-01');
INSERT INTO passenger (person_id, id_number) VALUES (1049, 'GY-PASS-1049');
INSERT INTO person (person_id, first_name, last_name, phone, email, date_of_birth) VALUES (1050, 'Donna', 'Edwards', '592-7957139', 'donna.edwards1050@email.com', '1999-01-01');
INSERT INTO passenger (person_id, id_number) VALUES (1050, 'GY-PASS-1050');
INSERT INTO person (person_id, first_name, last_name, phone, email, date_of_birth) VALUES (1051, 'Paul', 'Thompson', '592-7434120', 'paul.thompson1051@email.com', '1957-01-01');
INSERT INTO passenger (person_id, id_number) VALUES (1051, 'GY-PASS-1051');
INSERT INTO person (person_id, first_name, last_name, phone, email, date_of_birth) VALUES (1052, 'Brian', 'Williams', '592-6141940', 'brian.williams1052@email.com', '1954-01-01');
INSERT INTO passenger (person_id, id_number) VALUES (1052, 'GY-PASS-1052');
INSERT INTO person (person_id, first_name, last_name, phone, email, date_of_birth) VALUES (1053, 'Michelle', 'Morgan', '592-6221269', 'michelle.morgan1053@email.com', '1964-01-01');
INSERT INTO passenger (person_id, id_number) VALUES (1053, 'GY-PASS-1053');
INSERT INTO person (person_id, first_name, last_name, phone, email, date_of_birth) VALUES (1054, 'Betty', 'Morgan', '592-6928138', 'betty.morgan1054@email.com', '1984-01-01');
INSERT INTO passenger (person_id, id_number) VALUES (1054, 'GY-PASS-1054');
INSERT INTO person (person_id, first_name, last_name, phone, email, date_of_birth) VALUES (1055, 'George', 'Young', '592-7895855', 'george.young1055@email.com', '1966-01-01');
INSERT INTO passenger (person_id, id_number) VALUES (1055, 'GY-PASS-1055');
INSERT INTO person (person_id, first_name, last_name, phone, email, date_of_birth) VALUES (1056, 'Steven', 'Miller', '592-7628107', 'steven.miller1056@email.com', '2008-01-01');
INSERT INTO passenger (person_id, id_number) VALUES (1056, 'GY-PASS-1056');
INSERT INTO person (person_id, first_name, last_name, phone, email, date_of_birth) VALUES (1057, 'Carol', 'Phillips', '592-6759124', 'carol.phillips1057@email.com', '1979-01-01');
INSERT INTO passenger (person_id, id_number) VALUES (1057, 'GY-PASS-1057');
INSERT INTO person (person_id, first_name, last_name, phone, email, date_of_birth) VALUES (1058, 'David', 'Turner', '592-6089065', 'david.turner1058@email.com', '1979-01-01');
INSERT INTO passenger (person_id, id_number) VALUES (1058, 'GY-PASS-1058');
INSERT INTO person (person_id, first_name, last_name, phone, email, date_of_birth) VALUES (1059, 'Donna', 'Martinez', '592-7426130', 'donna.martinez1059@email.com', '2010-01-01');
INSERT INTO passenger (person_id, id_number) VALUES (1059, 'GY-PASS-1059');
INSERT INTO person (person_id, first_name, last_name, phone, email, date_of_birth) VALUES (1060, 'Jacob', 'Phillips', '592-6612841', 'jacob.phillips1060@email.com', '2003-01-01');
INSERT INTO passenger (person_id, id_number) VALUES (1060, 'GY-PASS-1060');
INSERT INTO person (person_id, first_name, last_name, phone, email, date_of_birth) VALUES (1061, 'Ashley', 'Smith', '592-7176311', 'ashley.smith1061@email.com', '1985-01-01');
INSERT INTO passenger (person_id, id_number) VALUES (1061, 'GY-PASS-1061');
INSERT INTO person (person_id, first_name, last_name, phone, email, date_of_birth) VALUES (1062, 'Paul', 'Roberts', '592-7734446', 'paul.roberts1062@email.com', '2012-01-01');
INSERT INTO passenger (person_id, id_number) VALUES (1062, 'GY-PASS-1062');
INSERT INTO person (person_id, first_name, last_name, phone, email, date_of_birth) VALUES (1063, 'Dorothy', 'Davis', '592-7663230', 'dorothy.davis1063@email.com', '1997-01-01');
INSERT INTO passenger (person_id, id_number) VALUES (1063, 'GY-PASS-1063');
INSERT INTO person (person_id, first_name, last_name, phone, email, date_of_birth) VALUES (1064, 'Robert', 'Smith', '592-6249798', 'robert.smith1064@email.com', '1986-01-01');
INSERT INTO passenger (person_id, id_number) VALUES (1064, 'GY-PASS-1064');
INSERT INTO person (person_id, first_name, last_name, phone, email, date_of_birth) VALUES (1065, 'Linda', 'Parker', '592-6381859', 'linda.parker1065@email.com', '1981-01-01');
INSERT INTO passenger (person_id, id_number) VALUES (1065, 'GY-PASS-1065');
INSERT INTO person (person_id, first_name, last_name, phone, email, date_of_birth) VALUES (1066, 'Nancy', 'Turner', '592-6765693', 'nancy.turner1066@email.com', '1966-01-01');
INSERT INTO passenger (person_id, id_number) VALUES (1066, 'GY-PASS-1066');
INSERT INTO person (person_id, first_name, last_name, phone, email, date_of_birth) VALUES (1067, 'Rebecca', 'Sanchez', '592-7432943', 'rebecca.sanchez1067@email.com', '1965-01-01');
INSERT INTO passenger (person_id, id_number) VALUES (1067, 'GY-PASS-1067');
INSERT INTO person (person_id, first_name, last_name, phone, email, date_of_birth) VALUES (1068, 'Kenneth', 'Clark', '592-7145002', 'kenneth.clark1068@email.com', '1967-01-01');
INSERT INTO passenger (person_id, id_number) VALUES (1068, 'GY-PASS-1068');
INSERT INTO person (person_id, first_name, last_name, phone, email, date_of_birth) VALUES (1069, 'Brian', 'Miller', '592-7552058', 'brian.miller1069@email.com', '2007-01-01');
INSERT INTO passenger (person_id, id_number) VALUES (1069, 'GY-PASS-1069');
INSERT INTO person (person_id, first_name, last_name, phone, email, date_of_birth) VALUES (1070, 'Jessica', 'Harris', '592-6806082', 'jessica.harris1070@email.com', '1994-01-01');
INSERT INTO passenger (person_id, id_number) VALUES (1070, 'GY-PASS-1070');
INSERT INTO person (person_id, first_name, last_name, phone, email, date_of_birth) VALUES (1071, 'Deborah', 'Scott', '592-7169687', 'deborah.scott1071@email.com', '1995-01-01');
INSERT INTO passenger (person_id, id_number) VALUES (1071, 'GY-PASS-1071');
INSERT INTO person (person_id, first_name, last_name, phone, email, date_of_birth) VALUES (1072, 'Jacob', 'Nelson', '592-7713461', 'jacob.nelson1072@email.com', '2007-01-01');
INSERT INTO passenger (person_id, id_number) VALUES (1072, 'GY-PASS-1072');
INSERT INTO person (person_id, first_name, last_name, phone, email, date_of_birth) VALUES (1073, 'Stephanie', 'Taylor', '592-6108115', 'stephanie.taylor1073@email.com', '1973-01-01');
INSERT INTO passenger (person_id, id_number) VALUES (1073, 'GY-PASS-1073');
INSERT INTO person (person_id, first_name, last_name, phone, email, date_of_birth) VALUES (1074, 'Emily', 'Harris', '592-6158606', 'emily.harris1074@email.com', '1988-01-01');
INSERT INTO passenger (person_id, id_number) VALUES (1074, 'GY-PASS-1074');
INSERT INTO person (person_id, first_name, last_name, phone, email, date_of_birth) VALUES (1075, 'Cynthia', 'Hall', '592-6632813', 'cynthia.hall1075@email.com', '1952-01-01');
INSERT INTO passenger (person_id, id_number) VALUES (1075, 'GY-PASS-1075');
INSERT INTO person (person_id, first_name, last_name, phone, email, date_of_birth) VALUES (1076, 'Ashley', 'Walker', '592-7125150', 'ashley.walker1076@email.com', '1952-01-01');
INSERT INTO passenger (person_id, id_number) VALUES (1076, 'GY-PASS-1076');
INSERT INTO person (person_id, first_name, last_name, phone, email, date_of_birth) VALUES (1077, 'Karen', 'Harris', '592-7587815', 'karen.harris1077@email.com', '1987-01-01');
INSERT INTO passenger (person_id, id_number) VALUES (1077, 'GY-PASS-1077');
INSERT INTO person (person_id, first_name, last_name, phone, email, date_of_birth) VALUES (1078, 'Sarah', 'Rodriguez', '592-7877322', 'sarah.rodriguez1078@email.com', '2005-01-01');
INSERT INTO passenger (person_id, id_number) VALUES (1078, 'GY-PASS-1078');
INSERT INTO person (person_id, first_name, last_name, phone, email, date_of_birth) VALUES (1079, 'Edward', 'Lopez', '592-7237502', 'edward.lopez1079@email.com', '2004-01-01');
INSERT INTO passenger (person_id, id_number) VALUES (1079, 'GY-PASS-1079');
INSERT INTO person (person_id, first_name, last_name, phone, email, date_of_birth) VALUES (1080, 'Patricia', 'Jones', '592-7361048', 'patricia.jones1080@email.com', '1967-01-01');
INSERT INTO passenger (person_id, id_number) VALUES (1080, 'GY-PASS-1080');
INSERT INTO person (person_id, first_name, last_name, phone, email, date_of_birth) VALUES (1081, 'George', 'Sanchez', '592-7731962', 'george.sanchez1081@email.com', '1954-01-01');
INSERT INTO passenger (person_id, id_number) VALUES (1081, 'GY-PASS-1081');
INSERT INTO person (person_id, first_name, last_name, phone, email, date_of_birth) VALUES (1082, 'Jeffrey', 'Roberts', '592-6279673', 'jeffrey.roberts1082@email.com', '1950-01-01');
INSERT INTO passenger (person_id, id_number) VALUES (1082, 'GY-PASS-1082');
INSERT INTO person (person_id, first_name, last_name, phone, email, date_of_birth) VALUES (1083, 'Donald', 'Phillips', '592-6927702', 'donald.phillips1083@email.com', '1956-01-01');
INSERT INTO passenger (person_id, id_number) VALUES (1083, 'GY-PASS-1083');
INSERT INTO person (person_id, first_name, last_name, phone, email, date_of_birth) VALUES (1084, 'Margaret', 'Singh', '592-6521038', 'margaret.singh1084@email.com', '1996-01-01');
INSERT INTO passenger (person_id, id_number) VALUES (1084, 'GY-PASS-1084');
INSERT INTO person (person_id, first_name, last_name, phone, email, date_of_birth) VALUES (1085, 'Linda', 'Wilson', '592-7063570', 'linda.wilson1085@email.com', '1960-01-01');
INSERT INTO passenger (person_id, id_number) VALUES (1085, 'GY-PASS-1085');
INSERT INTO person (person_id, first_name, last_name, phone, email, date_of_birth) VALUES (1086, 'Deborah', 'King', '592-6401800', 'deborah.king1086@email.com', '1985-01-01');
INSERT INTO passenger (person_id, id_number) VALUES (1086, 'GY-PASS-1086');
INSERT INTO person (person_id, first_name, last_name, phone, email, date_of_birth) VALUES (1087, 'Ryan', 'Hill', '592-7464253', 'ryan.hill1087@email.com', '2009-01-01');
INSERT INTO passenger (person_id, id_number) VALUES (1087, 'GY-PASS-1087');
INSERT INTO person (person_id, first_name, last_name, phone, email, date_of_birth) VALUES (1088, 'David', 'Hall', '592-7619515', 'david.hall1088@email.com', '1989-01-01');
INSERT INTO passenger (person_id, id_number) VALUES (1088, 'GY-PASS-1088');
INSERT INTO person (person_id, first_name, last_name, phone, email, date_of_birth) VALUES (1089, 'Ronald', 'Young', '592-7777792', 'ronald.young1089@email.com', '1982-01-01');
INSERT INTO passenger (person_id, id_number) VALUES (1089, 'GY-PASS-1089');
INSERT INTO person (person_id, first_name, last_name, phone, email, date_of_birth) VALUES (1090, 'Timothy', 'Stewart', '592-6531489', 'timothy.stewart1090@email.com', '1993-01-01');
INSERT INTO passenger (person_id, id_number) VALUES (1090, 'GY-PASS-1090');
INSERT INTO person (person_id, first_name, last_name, phone, email, date_of_birth) VALUES (1091, 'Cynthia', 'Clark', '592-7787904', 'cynthia.clark1091@email.com', '1995-01-01');
INSERT INTO passenger (person_id, id_number) VALUES (1091, 'GY-PASS-1091');
INSERT INTO person (person_id, first_name, last_name, phone, email, date_of_birth) VALUES (1092, 'Sandra', 'Walker', '592-7899551', 'sandra.walker1092@email.com', '2006-01-01');
INSERT INTO passenger (person_id, id_number) VALUES (1092, 'GY-PASS-1092');
INSERT INTO person (person_id, first_name, last_name, phone, email, date_of_birth) VALUES (1093, 'Andrew', 'Wilson', '592-6469261', 'andrew.wilson1093@email.com', '2002-01-01');
INSERT INTO passenger (person_id, id_number) VALUES (1093, 'GY-PASS-1093');
INSERT INTO person (person_id, first_name, last_name, phone, email, date_of_birth) VALUES (1094, 'Laura', 'Moore', '592-7463264', 'laura.moore1094@email.com', '1964-01-01');
INSERT INTO passenger (person_id, id_number) VALUES (1094, 'GY-PASS-1094');
INSERT INTO person (person_id, first_name, last_name, phone, email, date_of_birth) VALUES (1095, 'Anthony', 'Garcia', '592-6787414', 'anthony.garcia1095@email.com', '2010-01-01');
INSERT INTO passenger (person_id, id_number) VALUES (1095, 'GY-PASS-1095');
INSERT INTO person (person_id, first_name, last_name, phone, email, date_of_birth) VALUES (1096, 'Michelle', 'Thomas', '592-6677941', 'michelle.thomas1096@email.com', '1981-01-01');
INSERT INTO passenger (person_id, id_number) VALUES (1096, 'GY-PASS-1096');
INSERT INTO person (person_id, first_name, last_name, phone, email, date_of_birth) VALUES (1097, 'Betty', 'Williams', '592-7955776', 'betty.williams1097@email.com', '1994-01-01');
INSERT INTO passenger (person_id, id_number) VALUES (1097, 'GY-PASS-1097');
INSERT INTO person (person_id, first_name, last_name, phone, email, date_of_birth) VALUES (1098, 'Melissa', 'Martinez', '592-7283153', 'melissa.martinez1098@email.com', '1983-01-01');
INSERT INTO passenger (person_id, id_number) VALUES (1098, 'GY-PASS-1098');
INSERT INTO person (person_id, first_name, last_name, phone, email, date_of_birth) VALUES (1099, 'Christopher', 'Anderson', '592-7315224', 'christopher.anderson1099@email.com', '1987-01-01');
INSERT INTO passenger (person_id, id_number) VALUES (1099, 'GY-PASS-1099');
INSERT INTO person (person_id, first_name, last_name, phone, email, date_of_birth) VALUES (1100, 'Melissa', 'Murphy', '592-7846267', 'melissa.murphy1100@email.com', '1952-01-01');
INSERT INTO passenger (person_id, id_number) VALUES (1100, 'GY-PASS-1100');
INSERT INTO person (person_id, first_name, last_name, phone, email, date_of_birth) VALUES (1101, 'Melissa', 'Hill', '592-7893259', 'melissa.hill1101@email.com', '2010-01-01');
INSERT INTO passenger (person_id, id_number) VALUES (1101, 'GY-PASS-1101');
INSERT INTO person (person_id, first_name, last_name, phone, email, date_of_birth) VALUES (1102, 'Michael', 'Rodriguez', '592-6123124', 'michael.rodriguez1102@email.com', '1960-01-01');
INSERT INTO passenger (person_id, id_number) VALUES (1102, 'GY-PASS-1102');
INSERT INTO person (person_id, first_name, last_name, phone, email, date_of_birth) VALUES (1103, 'Laura', 'Reed', '592-6433856', 'laura.reed1103@email.com', '1953-01-01');
INSERT INTO passenger (person_id, id_number) VALUES (1103, 'GY-PASS-1103');
INSERT INTO person (person_id, first_name, last_name, phone, email, date_of_birth) VALUES (1104, 'Michelle', 'Carter', '592-6706240', 'michelle.carter1104@email.com', '1995-01-01');
INSERT INTO passenger (person_id, id_number) VALUES (1104, 'GY-PASS-1104');
INSERT INTO person (person_id, first_name, last_name, phone, email, date_of_birth) VALUES (1105, 'Michelle', 'Singh', '592-7538316', 'michelle.singh1105@email.com', '1983-01-01');
INSERT INTO passenger (person_id, id_number) VALUES (1105, 'GY-PASS-1105');
INSERT INTO person (person_id, first_name, last_name, phone, email, date_of_birth) VALUES (1106, 'Nancy', 'Gonzalez', '592-6088686', 'nancy.gonzalez1106@email.com', '1959-01-01');
INSERT INTO passenger (person_id, id_number) VALUES (1106, 'GY-PASS-1106');
INSERT INTO person (person_id, first_name, last_name, phone, email, date_of_birth) VALUES (1107, 'James', 'Walker', '592-6188614', 'james.walker1107@email.com', '2012-01-01');
INSERT INTO passenger (person_id, id_number) VALUES (1107, 'GY-PASS-1107');
INSERT INTO person (person_id, first_name, last_name, phone, email, date_of_birth) VALUES (1108, 'Lisa', 'Carter', '592-6923980', 'lisa.carter1108@email.com', '2001-01-01');
INSERT INTO passenger (person_id, id_number) VALUES (1108, 'GY-PASS-1108');
INSERT INTO person (person_id, first_name, last_name, phone, email, date_of_birth) VALUES (1109, 'Donna', 'Sanchez', '592-6668538', 'donna.sanchez1109@email.com', '1995-01-01');
INSERT INTO passenger (person_id, id_number) VALUES (1109, 'GY-PASS-1109');
INSERT INTO person (person_id, first_name, last_name, phone, email, date_of_birth) VALUES (1110, 'Mark', 'Baker', '592-7868673', 'mark.baker1110@email.com', '1993-01-01');
INSERT INTO passenger (person_id, id_number) VALUES (1110, 'GY-PASS-1110');
INSERT INTO person (person_id, first_name, last_name, phone, email, date_of_birth) VALUES (1111, 'Christopher', 'Lewis', '592-6596175', 'christopher.lewis1111@email.com', '1983-01-01');
INSERT INTO passenger (person_id, id_number) VALUES (1111, 'GY-PASS-1111');
INSERT INTO person (person_id, first_name, last_name, phone, email, date_of_birth) VALUES (1112, 'Joshua', 'Parker', '592-7369273', 'joshua.parker1112@email.com', '2003-01-01');
INSERT INTO passenger (person_id, id_number) VALUES (1112, 'GY-PASS-1112');
INSERT INTO person (person_id, first_name, last_name, phone, email, date_of_birth) VALUES (1113, 'Karen', 'Allen', '592-6539031', 'karen.allen1113@email.com', '1956-01-01');
INSERT INTO passenger (person_id, id_number) VALUES (1113, 'GY-PASS-1113');
INSERT INTO person (person_id, first_name, last_name, phone, email, date_of_birth) VALUES (1114, 'Dorothy', 'Persaud', '592-6593045', 'dorothy.persaud1114@email.com', '1983-01-01');
INSERT INTO passenger (person_id, id_number) VALUES (1114, 'GY-PASS-1114');
INSERT INTO person (person_id, first_name, last_name, phone, email, date_of_birth) VALUES (1115, 'Sandra', 'Thompson', '592-7562454', 'sandra.thompson1115@email.com', '1956-01-01');
INSERT INTO passenger (person_id, id_number) VALUES (1115, 'GY-PASS-1115');
INSERT INTO person (person_id, first_name, last_name, phone, email, date_of_birth) VALUES (1116, 'Joseph', 'Smith', '592-7024465', 'joseph.smith1116@email.com', '1952-01-01');
INSERT INTO passenger (person_id, id_number) VALUES (1116, 'GY-PASS-1116');
INSERT INTO person (person_id, first_name, last_name, phone, email, date_of_birth) VALUES (1117, 'Jessica', 'Rodriguez', '592-6964903', 'jessica.rodriguez1117@email.com', '1983-01-01');
INSERT INTO passenger (person_id, id_number) VALUES (1117, 'GY-PASS-1117');
INSERT INTO person (person_id, first_name, last_name, phone, email, date_of_birth) VALUES (1118, 'Michael', 'Reed', '592-6726120', 'michael.reed1118@email.com', '1951-01-01');
INSERT INTO passenger (person_id, id_number) VALUES (1118, 'GY-PASS-1118');
INSERT INTO person (person_id, first_name, last_name, phone, email, date_of_birth) VALUES (1119, 'Laura', 'Edwards', '592-7133236', 'laura.edwards1119@email.com', '1956-01-01');
INSERT INTO passenger (person_id, id_number) VALUES (1119, 'GY-PASS-1119');
INSERT INTO person (person_id, first_name, last_name, phone, email, date_of_birth) VALUES (1120, 'James', 'White', '592-6317841', 'james.white1120@email.com', '1951-01-01');
INSERT INTO passenger (person_id, id_number) VALUES (1120, 'GY-PASS-1120');
INSERT INTO person (person_id, first_name, last_name, phone, email, date_of_birth) VALUES (1121, 'Carol', 'Williams', '592-6653558', 'carol.williams1121@email.com', '2014-01-01');
INSERT INTO passenger (person_id, id_number) VALUES (1121, 'GY-PASS-1121');
INSERT INTO person (person_id, first_name, last_name, phone, email, date_of_birth) VALUES (1122, 'James', 'Anderson', '592-6986944', 'james.anderson1122@email.com', '2003-01-01');
INSERT INTO passenger (person_id, id_number) VALUES (1122, 'GY-PASS-1122');
INSERT INTO person (person_id, first_name, last_name, phone, email, date_of_birth) VALUES (1123, 'Paul', 'Cook', '592-7667530', 'paul.cook1123@email.com', '2001-01-01');
INSERT INTO passenger (person_id, id_number) VALUES (1123, 'GY-PASS-1123');
INSERT INTO person (person_id, first_name, last_name, phone, email, date_of_birth) VALUES (1124, 'Kimberly', 'Young', '592-7391306', 'kimberly.young1124@email.com', '1964-01-01');
INSERT INTO passenger (person_id, id_number) VALUES (1124, 'GY-PASS-1124');
INSERT INTO person (person_id, first_name, last_name, phone, email, date_of_birth) VALUES (1125, 'Sharon', 'Clark', '592-7511880', 'sharon.clark1125@email.com', '1960-01-01');
INSERT INTO passenger (person_id, id_number) VALUES (1125, 'GY-PASS-1125');
INSERT INTO person (person_id, first_name, last_name, phone, email, date_of_birth) VALUES (1126, 'Mark', 'Robinson', '592-7523396', 'mark.robinson1126@email.com', '2010-01-01');
INSERT INTO passenger (person_id, id_number) VALUES (1126, 'GY-PASS-1126');
INSERT INTO person (person_id, first_name, last_name, phone, email, date_of_birth) VALUES (1127, 'Kenneth', 'Rodriguez', '592-7225375', 'kenneth.rodriguez1127@email.com', '1972-01-01');
INSERT INTO passenger (person_id, id_number) VALUES (1127, 'GY-PASS-1127');
INSERT INTO person (person_id, first_name, last_name, phone, email, date_of_birth) VALUES (1128, 'Timothy', 'Wilson', '592-6095430', 'timothy.wilson1128@email.com', '2012-01-01');
INSERT INTO passenger (person_id, id_number) VALUES (1128, 'GY-PASS-1128');
INSERT INTO person (person_id, first_name, last_name, phone, email, date_of_birth) VALUES (1129, 'Stephanie', 'Singh', '592-6953354', 'stephanie.singh1129@email.com', '1994-01-01');
INSERT INTO passenger (person_id, id_number) VALUES (1129, 'GY-PASS-1129');
INSERT INTO person (person_id, first_name, last_name, phone, email, date_of_birth) VALUES (1130, 'David', 'Rodriguez', '592-6848832', 'david.rodriguez1130@email.com', '2002-01-01');
INSERT INTO passenger (person_id, id_number) VALUES (1130, 'GY-PASS-1130');
INSERT INTO person (person_id, first_name, last_name, phone, email, date_of_birth) VALUES (1131, 'Joshua', 'Lopez', '592-7238263', 'joshua.lopez1131@email.com', '1979-01-01');
INSERT INTO passenger (person_id, id_number) VALUES (1131, 'GY-PASS-1131');
INSERT INTO person (person_id, first_name, last_name, phone, email, date_of_birth) VALUES (1132, 'Ashley', 'Rodriguez', '592-6189268', 'ashley.rodriguez1132@email.com', '1985-01-01');
INSERT INTO passenger (person_id, id_number) VALUES (1132, 'GY-PASS-1132');
INSERT INTO person (person_id, first_name, last_name, phone, email, date_of_birth) VALUES (1133, 'Richard', 'King', '592-7519196', 'richard.king1133@email.com', '2007-01-01');
INSERT INTO passenger (person_id, id_number) VALUES (1133, 'GY-PASS-1133');
INSERT INTO person (person_id, first_name, last_name, phone, email, date_of_birth) VALUES (1134, 'Michael', 'White', '592-6951619', 'michael.white1134@email.com', '1955-01-01');
INSERT INTO passenger (person_id, id_number) VALUES (1134, 'GY-PASS-1134');
INSERT INTO person (person_id, first_name, last_name, phone, email, date_of_birth) VALUES (1135, 'Emily', 'Jones', '592-7694674', 'emily.jones1135@email.com', '1991-01-01');
INSERT INTO passenger (person_id, id_number) VALUES (1135, 'GY-PASS-1135');
INSERT INTO person (person_id, first_name, last_name, phone, email, date_of_birth) VALUES (1136, 'George', 'Turner', '592-7968959', 'george.turner1136@email.com', '1989-01-01');
INSERT INTO passenger (person_id, id_number) VALUES (1136, 'GY-PASS-1136');
INSERT INTO person (person_id, first_name, last_name, phone, email, date_of_birth) VALUES (1137, 'Jeffrey', 'Thomas', '592-6437556', 'jeffrey.thomas1137@email.com', '1954-01-01');
INSERT INTO passenger (person_id, id_number) VALUES (1137, 'GY-PASS-1137');
INSERT INTO person (person_id, first_name, last_name, phone, email, date_of_birth) VALUES (1138, 'Stephanie', 'Smith', '592-7853529', 'stephanie.smith1138@email.com', '1988-01-01');
INSERT INTO passenger (person_id, id_number) VALUES (1138, 'GY-PASS-1138');
INSERT INTO person (person_id, first_name, last_name, phone, email, date_of_birth) VALUES (1139, 'Ronald', 'Jackson', '592-7543851', 'ronald.jackson1139@email.com', '2003-01-01');
INSERT INTO passenger (person_id, id_number) VALUES (1139, 'GY-PASS-1139');
INSERT INTO person (person_id, first_name, last_name, phone, email, date_of_birth) VALUES (1140, 'Mary', 'Taylor', '592-7932761', 'mary.taylor1140@email.com', '2003-01-01');
INSERT INTO passenger (person_id, id_number) VALUES (1140, 'GY-PASS-1140');
INSERT INTO person (person_id, first_name, last_name, phone, email, date_of_birth) VALUES (1141, 'William', 'Allen', '592-6725984', 'william.allen1141@email.com', '1960-01-01');
INSERT INTO passenger (person_id, id_number) VALUES (1141, 'GY-PASS-1141');
INSERT INTO person (person_id, first_name, last_name, phone, email, date_of_birth) VALUES (1142, 'Dorothy', 'Davis', '592-7541905', 'dorothy.davis1142@email.com', '2007-01-01');
INSERT INTO passenger (person_id, id_number) VALUES (1142, 'GY-PASS-1142');
INSERT INTO person (person_id, first_name, last_name, phone, email, date_of_birth) VALUES (1143, 'Carol', 'Hill', '592-7771610', 'carol.hill1143@email.com', '1997-01-01');
INSERT INTO passenger (person_id, id_number) VALUES (1143, 'GY-PASS-1143');
INSERT INTO person (person_id, first_name, last_name, phone, email, date_of_birth) VALUES (1144, 'Thomas', 'Robinson', '592-7766572', 'thomas.robinson1144@email.com', '2004-01-01');
INSERT INTO passenger (person_id, id_number) VALUES (1144, 'GY-PASS-1144');
INSERT INTO person (person_id, first_name, last_name, phone, email, date_of_birth) VALUES (1145, 'Christopher', 'Green', '592-7881155', 'christopher.green1145@email.com', '1996-01-01');
INSERT INTO passenger (person_id, id_number) VALUES (1145, 'GY-PASS-1145');
INSERT INTO person (person_id, first_name, last_name, phone, email, date_of_birth) VALUES (1146, 'Kimberly', 'Scott', '592-6028351', 'kimberly.scott1146@email.com', '1994-01-01');
INSERT INTO passenger (person_id, id_number) VALUES (1146, 'GY-PASS-1146');
INSERT INTO person (person_id, first_name, last_name, phone, email, date_of_birth) VALUES (1147, 'Patricia', 'Sanchez', '592-7231346', 'patricia.sanchez1147@email.com', '1980-01-01');
INSERT INTO passenger (person_id, id_number) VALUES (1147, 'GY-PASS-1147');
INSERT INTO person (person_id, first_name, last_name, phone, email, date_of_birth) VALUES (1148, 'Karen', 'Moore', '592-6425126', 'karen.moore1148@email.com', '1964-01-01');
INSERT INTO passenger (person_id, id_number) VALUES (1148, 'GY-PASS-1148');
INSERT INTO person (person_id, first_name, last_name, phone, email, date_of_birth) VALUES (1149, 'Betty', 'Sanchez', '592-6391383', 'betty.sanchez1149@email.com', '1957-01-01');
INSERT INTO passenger (person_id, id_number) VALUES (1149, 'GY-PASS-1149');
INSERT INTO person (person_id, first_name, last_name, phone, email, date_of_birth) VALUES (1150, 'Christopher', 'Clark', '592-6153986', 'christopher.clark1150@email.com', '1953-01-01');
INSERT INTO passenger (person_id, id_number) VALUES (1150, 'GY-PASS-1150');
INSERT INTO person (person_id, first_name, last_name, phone, email, date_of_birth) VALUES (1151, 'David', 'Smith', '592-6887955', 'david.smith1151@email.com', '1956-01-01');
INSERT INTO passenger (person_id, id_number) VALUES (1151, 'GY-PASS-1151');
INSERT INTO person (person_id, first_name, last_name, phone, email, date_of_birth) VALUES (1152, 'Jessica', 'Sanchez', '592-6387757', 'jessica.sanchez1152@email.com', '1969-01-01');
INSERT INTO passenger (person_id, id_number) VALUES (1152, 'GY-PASS-1152');
INSERT INTO person (person_id, first_name, last_name, phone, email, date_of_birth) VALUES (1153, 'Kenneth', 'Collins', '592-6124617', 'kenneth.collins1153@email.com', '2001-01-01');
INSERT INTO passenger (person_id, id_number) VALUES (1153, 'GY-PASS-1153');
INSERT INTO person (person_id, first_name, last_name, phone, email, date_of_birth) VALUES (1154, 'Jacob', 'Persaud', '592-7424020', 'jacob.persaud1154@email.com', '1964-01-01');
INSERT INTO passenger (person_id, id_number) VALUES (1154, 'GY-PASS-1154');
INSERT INTO person (person_id, first_name, last_name, phone, email, date_of_birth) VALUES (1155, 'Ronald', 'King', '592-6324522', 'ronald.king1155@email.com', '2000-01-01');
INSERT INTO passenger (person_id, id_number) VALUES (1155, 'GY-PASS-1155');
INSERT INTO person (person_id, first_name, last_name, phone, email, date_of_birth) VALUES (1156, 'John', 'Wilson', '592-6428169', 'john.wilson1156@email.com', '1976-01-01');
INSERT INTO passenger (person_id, id_number) VALUES (1156, 'GY-PASS-1156');
INSERT INTO person (person_id, first_name, last_name, phone, email, date_of_birth) VALUES (1157, 'Kimberly', 'Davis', '592-7941793', 'kimberly.davis1157@email.com', '2014-01-01');
INSERT INTO passenger (person_id, id_number) VALUES (1157, 'GY-PASS-1157');
INSERT INTO person (person_id, first_name, last_name, phone, email, date_of_birth) VALUES (1158, 'Jessica', 'Young', '592-6501274', 'jessica.young1158@email.com', '2008-01-01');
INSERT INTO passenger (person_id, id_number) VALUES (1158, 'GY-PASS-1158');
INSERT INTO person (person_id, first_name, last_name, phone, email, date_of_birth) VALUES (1159, 'Andrew', 'Parker', '592-7634575', 'andrew.parker1159@email.com', '1954-01-01');
INSERT INTO passenger (person_id, id_number) VALUES (1159, 'GY-PASS-1159');
INSERT INTO person (person_id, first_name, last_name, phone, email, date_of_birth) VALUES (1160, 'Sharon', 'Nelson', '592-7951137', 'sharon.nelson1160@email.com', '1956-01-01');
INSERT INTO passenger (person_id, id_number) VALUES (1160, 'GY-PASS-1160');
INSERT INTO person (person_id, first_name, last_name, phone, email, date_of_birth) VALUES (1161, 'Michelle', 'Singh', '592-6737211', 'michelle.singh1161@email.com', '1998-01-01');
INSERT INTO passenger (person_id, id_number) VALUES (1161, 'GY-PASS-1161');
INSERT INTO person (person_id, first_name, last_name, phone, email, date_of_birth) VALUES (1162, 'Jessica', 'Martin', '592-6433477', 'jessica.martin1162@email.com', '2005-01-01');
INSERT INTO passenger (person_id, id_number) VALUES (1162, 'GY-PASS-1162');
INSERT INTO person (person_id, first_name, last_name, phone, email, date_of_birth) VALUES (1163, 'Andrew', 'Walker', '592-7442554', 'andrew.walker1163@email.com', '2012-01-01');
INSERT INTO passenger (person_id, id_number) VALUES (1163, 'GY-PASS-1163');
INSERT INTO person (person_id, first_name, last_name, phone, email, date_of_birth) VALUES (1164, 'Edward', 'Gonzalez', '592-7038132', 'edward.gonzalez1164@email.com', '2004-01-01');
INSERT INTO passenger (person_id, id_number) VALUES (1164, 'GY-PASS-1164');
INSERT INTO person (person_id, first_name, last_name, phone, email, date_of_birth) VALUES (1165, 'Joshua', 'Lewis', '592-7852290', 'joshua.lewis1165@email.com', '1977-01-01');
INSERT INTO passenger (person_id, id_number) VALUES (1165, 'GY-PASS-1165');
INSERT INTO person (person_id, first_name, last_name, phone, email, date_of_birth) VALUES (1166, 'Melissa', 'Parker', '592-7304560', 'melissa.parker1166@email.com', '1954-01-01');
INSERT INTO passenger (person_id, id_number) VALUES (1166, 'GY-PASS-1166');
INSERT INTO person (person_id, first_name, last_name, phone, email, date_of_birth) VALUES (1167, 'Christopher', 'Edwards', '592-7208898', 'christopher.edwards1167@email.com', '1966-01-01');
INSERT INTO passenger (person_id, id_number) VALUES (1167, 'GY-PASS-1167');
INSERT INTO person (person_id, first_name, last_name, phone, email, date_of_birth) VALUES (1168, 'Jason', 'Thompson', '592-7418236', 'jason.thompson1168@email.com', '1970-01-01');
INSERT INTO passenger (person_id, id_number) VALUES (1168, 'GY-PASS-1168');
INSERT INTO person (person_id, first_name, last_name, phone, email, date_of_birth) VALUES (1169, 'Andrew', 'Thompson', '592-7268313', 'andrew.thompson1169@email.com', '1951-01-01');
INSERT INTO passenger (person_id, id_number) VALUES (1169, 'GY-PASS-1169');
INSERT INTO person (person_id, first_name, last_name, phone, email, date_of_birth) VALUES (1170, 'Christopher', 'Lewis', '592-7887853', 'christopher.lewis1170@email.com', '2002-01-01');
INSERT INTO passenger (person_id, id_number) VALUES (1170, 'GY-PASS-1170');
INSERT INTO person (person_id, first_name, last_name, phone, email, date_of_birth) VALUES (1171, 'George', 'Davis', '592-6594822', 'george.davis1171@email.com', '1950-01-01');
INSERT INTO passenger (person_id, id_number) VALUES (1171, 'GY-PASS-1171');
INSERT INTO person (person_id, first_name, last_name, phone, email, date_of_birth) VALUES (1172, 'Ronald', 'Clark', '592-6319560', 'ronald.clark1172@email.com', '1992-01-01');
INSERT INTO passenger (person_id, id_number) VALUES (1172, 'GY-PASS-1172');
INSERT INTO person (person_id, first_name, last_name, phone, email, date_of_birth) VALUES (1173, 'Christopher', 'Roberts', '592-7225587', 'christopher.roberts1173@email.com', '2005-01-01');
INSERT INTO passenger (person_id, id_number) VALUES (1173, 'GY-PASS-1173');
INSERT INTO person (person_id, first_name, last_name, phone, email, date_of_birth) VALUES (1174, 'James', 'Carter', '592-6167553', 'james.carter1174@email.com', '1957-01-01');
INSERT INTO passenger (person_id, id_number) VALUES (1174, 'GY-PASS-1174');
INSERT INTO person (person_id, first_name, last_name, phone, email, date_of_birth) VALUES (1175, 'Laura', 'Allen', '592-6964614', 'laura.allen1175@email.com', '1981-01-01');
INSERT INTO passenger (person_id, id_number) VALUES (1175, 'GY-PASS-1175');
INSERT INTO person (person_id, first_name, last_name, phone, email, date_of_birth) VALUES (1176, 'Paul', 'Adams', '592-6037539', 'paul.adams1176@email.com', '1984-01-01');
INSERT INTO passenger (person_id, id_number) VALUES (1176, 'GY-PASS-1176');
INSERT INTO person (person_id, first_name, last_name, phone, email, date_of_birth) VALUES (1177, 'Dorothy', 'White', '592-6928112', 'dorothy.white1177@email.com', '1998-01-01');
INSERT INTO passenger (person_id, id_number) VALUES (1177, 'GY-PASS-1177');
INSERT INTO person (person_id, first_name, last_name, phone, email, date_of_birth) VALUES (1178, 'Carol', 'Taylor', '592-7415666', 'carol.taylor1178@email.com', '1955-01-01');
INSERT INTO passenger (person_id, id_number) VALUES (1178, 'GY-PASS-1178');
INSERT INTO person (person_id, first_name, last_name, phone, email, date_of_birth) VALUES (1179, 'Nancy', 'Walker', '592-6205230', 'nancy.walker1179@email.com', '1958-01-01');
INSERT INTO passenger (person_id, id_number) VALUES (1179, 'GY-PASS-1179');
INSERT INTO person (person_id, first_name, last_name, phone, email, date_of_birth) VALUES (1180, 'Elizabeth', 'Carter', '592-6829571', 'elizabeth.carter1180@email.com', '1951-01-01');
INSERT INTO passenger (person_id, id_number) VALUES (1180, 'GY-PASS-1180');
INSERT INTO person (person_id, first_name, last_name, phone, email, date_of_birth) VALUES (1181, 'Amanda', 'Gonzalez', '592-6923317', 'amanda.gonzalez1181@email.com', '1990-01-01');
INSERT INTO passenger (person_id, id_number) VALUES (1181, 'GY-PASS-1181');
INSERT INTO person (person_id, first_name, last_name, phone, email, date_of_birth) VALUES (1182, 'Emily', 'Thompson', '592-7459535', 'emily.thompson1182@email.com', '1981-01-01');
INSERT INTO passenger (person_id, id_number) VALUES (1182, 'GY-PASS-1182');
INSERT INTO person (person_id, first_name, last_name, phone, email, date_of_birth) VALUES (1183, 'Laura', 'Edwards', '592-7044955', 'laura.edwards1183@email.com', '1988-01-01');
INSERT INTO passenger (person_id, id_number) VALUES (1183, 'GY-PASS-1183');
INSERT INTO person (person_id, first_name, last_name, phone, email, date_of_birth) VALUES (1184, 'Cynthia', 'Martinez', '592-6151720', 'cynthia.martinez1184@email.com', '1977-01-01');
INSERT INTO passenger (person_id, id_number) VALUES (1184, 'GY-PASS-1184');
INSERT INTO person (person_id, first_name, last_name, phone, email, date_of_birth) VALUES (1185, 'Mary', 'Roberts', '592-6388224', 'mary.roberts1185@email.com', '1951-01-01');
INSERT INTO passenger (person_id, id_number) VALUES (1185, 'GY-PASS-1185');
INSERT INTO person (person_id, first_name, last_name, phone, email, date_of_birth) VALUES (1186, 'Jeffrey', 'Lee', '592-7213191', 'jeffrey.lee1186@email.com', '1989-01-01');
INSERT INTO passenger (person_id, id_number) VALUES (1186, 'GY-PASS-1186');
INSERT INTO person (person_id, first_name, last_name, phone, email, date_of_birth) VALUES (1187, 'Jennifer', 'Martinez', '592-7546024', 'jennifer.martinez1187@email.com', '1995-01-01');
INSERT INTO passenger (person_id, id_number) VALUES (1187, 'GY-PASS-1187');
INSERT INTO person (person_id, first_name, last_name, phone, email, date_of_birth) VALUES (1188, 'Steven', 'Williams', '592-7457478', 'steven.williams1188@email.com', '1950-01-01');
INSERT INTO passenger (person_id, id_number) VALUES (1188, 'GY-PASS-1188');
INSERT INTO person (person_id, first_name, last_name, phone, email, date_of_birth) VALUES (1189, 'Susan', 'Hall', '592-7466409', 'susan.hall1189@email.com', '1978-01-01');
INSERT INTO passenger (person_id, id_number) VALUES (1189, 'GY-PASS-1189');
INSERT INTO person (person_id, first_name, last_name, phone, email, date_of_birth) VALUES (1190, 'Ryan', 'Lee', '592-6454751', 'ryan.lee1190@email.com', '1963-01-01');
INSERT INTO passenger (person_id, id_number) VALUES (1190, 'GY-PASS-1190');
INSERT INTO person (person_id, first_name, last_name, phone, email, date_of_birth) VALUES (1191, 'George', 'Campbell', '592-6204410', 'george.campbell1191@email.com', '1987-01-01');
INSERT INTO passenger (person_id, id_number) VALUES (1191, 'GY-PASS-1191');
INSERT INTO person (person_id, first_name, last_name, phone, email, date_of_birth) VALUES (1192, 'Richard', 'Davis', '592-6884902', 'richard.davis1192@email.com', '1954-01-01');
INSERT INTO passenger (person_id, id_number) VALUES (1192, 'GY-PASS-1192');
INSERT INTO person (person_id, first_name, last_name, phone, email, date_of_birth) VALUES (1193, 'Thomas', 'Murphy', '592-6596360', 'thomas.murphy1193@email.com', '2013-01-01');
INSERT INTO passenger (person_id, id_number) VALUES (1193, 'GY-PASS-1193');
INSERT INTO person (person_id, first_name, last_name, phone, email, date_of_birth) VALUES (1194, 'Brian', 'Cook', '592-6621183', 'brian.cook1194@email.com', '1954-01-01');
INSERT INTO passenger (person_id, id_number) VALUES (1194, 'GY-PASS-1194');
INSERT INTO person (person_id, first_name, last_name, phone, email, date_of_birth) VALUES (1195, 'Linda', 'Wilson', '592-7321391', 'linda.wilson1195@email.com', '2012-01-01');
INSERT INTO passenger (person_id, id_number) VALUES (1195, 'GY-PASS-1195');
INSERT INTO person (person_id, first_name, last_name, phone, email, date_of_birth) VALUES (1196, 'Daniel', 'Wilson', '592-7733658', 'daniel.wilson1196@email.com', '2011-01-01');
INSERT INTO passenger (person_id, id_number) VALUES (1196, 'GY-PASS-1196');
INSERT INTO person (person_id, first_name, last_name, phone, email, date_of_birth) VALUES (1197, 'Kimberly', 'Allen', '592-6416026', 'kimberly.allen1197@email.com', '2002-01-01');
INSERT INTO passenger (person_id, id_number) VALUES (1197, 'GY-PASS-1197');
INSERT INTO person (person_id, first_name, last_name, phone, email, date_of_birth) VALUES (1198, 'Cynthia', 'Lee', '592-6496779', 'cynthia.lee1198@email.com', '1982-01-01');
INSERT INTO passenger (person_id, id_number) VALUES (1198, 'GY-PASS-1198');
INSERT INTO person (person_id, first_name, last_name, phone, email, date_of_birth) VALUES (1199, 'Melissa', 'Green', '592-6104756', 'melissa.green1199@email.com', '1962-01-01');
INSERT INTO passenger (person_id, id_number) VALUES (1199, 'GY-PASS-1199');
INSERT INTO person (person_id, first_name, last_name, phone, email, date_of_birth) VALUES (1200, 'Carol', 'Turner', '592-6354444', 'carol.turner1200@email.com', '1992-01-01');
INSERT INTO passenger (person_id, id_number) VALUES (1200, 'GY-PASS-1200');
INSERT INTO person (person_id, first_name, last_name, phone, email, date_of_birth) VALUES (1201, 'Donna', 'Perez', '592-7405763', 'donna.perez1201@email.com', '1983-01-01');
INSERT INTO passenger (person_id, id_number) VALUES (1201, 'GY-PASS-1201');
INSERT INTO person (person_id, first_name, last_name, phone, email, date_of_birth) VALUES (1202, 'Joseph', 'Robinson', '592-7804656', 'joseph.robinson1202@email.com', '1992-01-01');
INSERT INTO passenger (person_id, id_number) VALUES (1202, 'GY-PASS-1202');
INSERT INTO person (person_id, first_name, last_name, phone, email, date_of_birth) VALUES (1203, 'Amanda', 'Martin', '592-6919104', 'amanda.martin1203@email.com', '1952-01-01');
INSERT INTO passenger (person_id, id_number) VALUES (1203, 'GY-PASS-1203');
INSERT INTO person (person_id, first_name, last_name, phone, email, date_of_birth) VALUES (1204, 'Margaret', 'Brown', '592-7141942', 'margaret.brown1204@email.com', '2003-01-01');
INSERT INTO passenger (person_id, id_number) VALUES (1204, 'GY-PASS-1204');
INSERT INTO person (person_id, first_name, last_name, phone, email, date_of_birth) VALUES (1205, 'Michael', 'Campbell', '592-6811342', 'michael.campbell1205@email.com', '1955-01-01');
INSERT INTO passenger (person_id, id_number) VALUES (1205, 'GY-PASS-1205');
INSERT INTO person (person_id, first_name, last_name, phone, email, date_of_birth) VALUES (1206, 'James', 'Allen', '592-6491639', 'james.allen1206@email.com', '1983-01-01');
INSERT INTO passenger (person_id, id_number) VALUES (1206, 'GY-PASS-1206');
INSERT INTO person (person_id, first_name, last_name, phone, email, date_of_birth) VALUES (1207, 'Michelle', 'Lopez', '592-7228928', 'michelle.lopez1207@email.com', '1984-01-01');
INSERT INTO passenger (person_id, id_number) VALUES (1207, 'GY-PASS-1207');
INSERT INTO person (person_id, first_name, last_name, phone, email, date_of_birth) VALUES (1208, 'Jeffrey', 'Hernandez', '592-6614679', 'jeffrey.hernandez1208@email.com', '2013-01-01');
INSERT INTO passenger (person_id, id_number) VALUES (1208, 'GY-PASS-1208');
INSERT INTO person (person_id, first_name, last_name, phone, email, date_of_birth) VALUES (1209, 'Jessica', 'Morgan', '592-6022362', 'jessica.morgan1209@email.com', '1999-01-01');
INSERT INTO passenger (person_id, id_number) VALUES (1209, 'GY-PASS-1209');
INSERT INTO person (person_id, first_name, last_name, phone, email, date_of_birth) VALUES (1210, 'Dorothy', 'Stewart', '592-7494084', 'dorothy.stewart1210@email.com', '1970-01-01');
INSERT INTO passenger (person_id, id_number) VALUES (1210, 'GY-PASS-1210');
INSERT INTO person (person_id, first_name, last_name, phone, email, date_of_birth) VALUES (1211, 'Kenneth', 'Mitchell', '592-7309665', 'kenneth.mitchell1211@email.com', '1966-01-01');
INSERT INTO passenger (person_id, id_number) VALUES (1211, 'GY-PASS-1211');
INSERT INTO person (person_id, first_name, last_name, phone, email, date_of_birth) VALUES (1212, 'David', 'Jackson', '592-6017899', 'david.jackson1212@email.com', '1952-01-01');
INSERT INTO passenger (person_id, id_number) VALUES (1212, 'GY-PASS-1212');
INSERT INTO person (person_id, first_name, last_name, phone, email, date_of_birth) VALUES (1213, 'John', 'Mitchell', '592-6141626', 'john.mitchell1213@email.com', '1985-01-01');
INSERT INTO passenger (person_id, id_number) VALUES (1213, 'GY-PASS-1213');
INSERT INTO person (person_id, first_name, last_name, phone, email, date_of_birth) VALUES (1214, 'Cynthia', 'Adams', '592-6103576', 'cynthia.adams1214@email.com', '1982-01-01');
INSERT INTO passenger (person_id, id_number) VALUES (1214, 'GY-PASS-1214');
INSERT INTO person (person_id, first_name, last_name, phone, email, date_of_birth) VALUES (1215, 'Christopher', 'Edwards', '592-7187628', 'christopher.edwards1215@email.com', '1950-01-01');
INSERT INTO passenger (person_id, id_number) VALUES (1215, 'GY-PASS-1215');
INSERT INTO person (person_id, first_name, last_name, phone, email, date_of_birth) VALUES (1216, 'Matthew', 'Hill', '592-6579509', 'matthew.hill1216@email.com', '1996-01-01');
INSERT INTO passenger (person_id, id_number) VALUES (1216, 'GY-PASS-1216');
INSERT INTO person (person_id, first_name, last_name, phone, email, date_of_birth) VALUES (1217, 'Laura', 'Morris', '592-7185333', 'laura.morris1217@email.com', '1969-01-01');
INSERT INTO passenger (person_id, id_number) VALUES (1217, 'GY-PASS-1217');
INSERT INTO person (person_id, first_name, last_name, phone, email, date_of_birth) VALUES (1218, 'Richard', 'Lopez', '592-7022310', 'richard.lopez1218@email.com', '1989-01-01');
INSERT INTO passenger (person_id, id_number) VALUES (1218, 'GY-PASS-1218');
INSERT INTO person (person_id, first_name, last_name, phone, email, date_of_birth) VALUES (1219, 'Stephanie', 'Perez', '592-7024909', 'stephanie.perez1219@email.com', '1980-01-01');
INSERT INTO passenger (person_id, id_number) VALUES (1219, 'GY-PASS-1219');
INSERT INTO person (person_id, first_name, last_name, phone, email, date_of_birth) VALUES (1220, 'Sharon', 'Campbell', '592-7765234', 'sharon.campbell1220@email.com', '1998-01-01');
INSERT INTO passenger (person_id, id_number) VALUES (1220, 'GY-PASS-1220');
INSERT INTO person (person_id, first_name, last_name, phone, email, date_of_birth) VALUES (1221, 'Patricia', 'Davis', '592-6081486', 'patricia.davis1221@email.com', '2005-01-01');
INSERT INTO passenger (person_id, id_number) VALUES (1221, 'GY-PASS-1221');
INSERT INTO person (person_id, first_name, last_name, phone, email, date_of_birth) VALUES (1222, 'William', 'Clark', '592-6882330', 'william.clark1222@email.com', '2005-01-01');
INSERT INTO passenger (person_id, id_number) VALUES (1222, 'GY-PASS-1222');
INSERT INTO person (person_id, first_name, last_name, phone, email, date_of_birth) VALUES (1223, 'Jeffrey', 'Parker', '592-6081584', 'jeffrey.parker1223@email.com', '1976-01-01');
INSERT INTO passenger (person_id, id_number) VALUES (1223, 'GY-PASS-1223');
INSERT INTO person (person_id, first_name, last_name, phone, email, date_of_birth) VALUES (1224, 'Jacob', 'Reed', '592-7824458', 'jacob.reed1224@email.com', '1983-01-01');
INSERT INTO passenger (person_id, id_number) VALUES (1224, 'GY-PASS-1224');
INSERT INTO person (person_id, first_name, last_name, phone, email, date_of_birth) VALUES (1225, 'Dorothy', 'Taylor', '592-6853801', 'dorothy.taylor1225@email.com', '2006-01-01');
INSERT INTO passenger (person_id, id_number) VALUES (1225, 'GY-PASS-1225');
INSERT INTO person (person_id, first_name, last_name, phone, email, date_of_birth) VALUES (1226, 'Laura', 'Lopez', '592-6202290', 'laura.lopez1226@email.com', '1964-01-01');
INSERT INTO passenger (person_id, id_number) VALUES (1226, 'GY-PASS-1226');
INSERT INTO person (person_id, first_name, last_name, phone, email, date_of_birth) VALUES (1227, 'David', 'Anderson', '592-6592081', 'david.anderson1227@email.com', '1976-01-01');
INSERT INTO passenger (person_id, id_number) VALUES (1227, 'GY-PASS-1227');
INSERT INTO person (person_id, first_name, last_name, phone, email, date_of_birth) VALUES (1228, 'Emily', 'Cook', '592-6105132', 'emily.cook1228@email.com', '1955-01-01');
INSERT INTO passenger (person_id, id_number) VALUES (1228, 'GY-PASS-1228');
INSERT INTO person (person_id, first_name, last_name, phone, email, date_of_birth) VALUES (1229, 'Kenneth', 'Mitchell', '592-6574459', 'kenneth.mitchell1229@email.com', '1981-01-01');
INSERT INTO passenger (person_id, id_number) VALUES (1229, 'GY-PASS-1229');
INSERT INTO person (person_id, first_name, last_name, phone, email, date_of_birth) VALUES (1230, 'Steven', 'Campbell', '592-7164880', 'steven.campbell1230@email.com', '1950-01-01');
INSERT INTO passenger (person_id, id_number) VALUES (1230, 'GY-PASS-1230');
INSERT INTO person (person_id, first_name, last_name, phone, email, date_of_birth) VALUES (1231, 'Matthew', 'Young', '592-7412285', 'matthew.young1231@email.com', '1996-01-01');
INSERT INTO passenger (person_id, id_number) VALUES (1231, 'GY-PASS-1231');
INSERT INTO person (person_id, first_name, last_name, phone, email, date_of_birth) VALUES (1232, 'Emily', 'Lee', '592-7497538', 'emily.lee1232@email.com', '1959-01-01');
INSERT INTO passenger (person_id, id_number) VALUES (1232, 'GY-PASS-1232');
INSERT INTO person (person_id, first_name, last_name, phone, email, date_of_birth) VALUES (1233, 'Laura', 'Jones', '592-7358702', 'laura.jones1233@email.com', '1971-01-01');
INSERT INTO passenger (person_id, id_number) VALUES (1233, 'GY-PASS-1233');
INSERT INTO person (person_id, first_name, last_name, phone, email, date_of_birth) VALUES (1234, 'Thomas', 'Allen', '592-7754649', 'thomas.allen1234@email.com', '1994-01-01');
INSERT INTO passenger (person_id, id_number) VALUES (1234, 'GY-PASS-1234');
INSERT INTO person (person_id, first_name, last_name, phone, email, date_of_birth) VALUES (1235, 'Matthew', 'Evans', '592-7418892', 'matthew.evans1235@email.com', '2001-01-01');
INSERT INTO passenger (person_id, id_number) VALUES (1235, 'GY-PASS-1235');
INSERT INTO person (person_id, first_name, last_name, phone, email, date_of_birth) VALUES (1236, 'John', 'Evans', '592-6397269', 'john.evans1236@email.com', '1961-01-01');
INSERT INTO passenger (person_id, id_number) VALUES (1236, 'GY-PASS-1236');
INSERT INTO person (person_id, first_name, last_name, phone, email, date_of_birth) VALUES (1237, 'Sharon', 'Thomas', '592-7701761', 'sharon.thomas1237@email.com', '1971-01-01');
INSERT INTO passenger (person_id, id_number) VALUES (1237, 'GY-PASS-1237');
INSERT INTO person (person_id, first_name, last_name, phone, email, date_of_birth) VALUES (1238, 'Ashley', 'Reed', '592-7229806', 'ashley.reed1238@email.com', '1952-01-01');
INSERT INTO passenger (person_id, id_number) VALUES (1238, 'GY-PASS-1238');
INSERT INTO person (person_id, first_name, last_name, phone, email, date_of_birth) VALUES (1239, 'Edward', 'Scott', '592-7214222', 'edward.scott1239@email.com', '2010-01-01');
INSERT INTO passenger (person_id, id_number) VALUES (1239, 'GY-PASS-1239');
INSERT INTO person (person_id, first_name, last_name, phone, email, date_of_birth) VALUES (1240, 'Brian', 'Miller', '592-7618304', 'brian.miller1240@email.com', '1978-01-01');
INSERT INTO passenger (person_id, id_number) VALUES (1240, 'GY-PASS-1240');
INSERT INTO person (person_id, first_name, last_name, phone, email, date_of_birth) VALUES (1241, 'Stephanie', 'Adams', '592-6186678', 'stephanie.adams1241@email.com', '1985-01-01');
INSERT INTO passenger (person_id, id_number) VALUES (1241, 'GY-PASS-1241');
INSERT INTO person (person_id, first_name, last_name, phone, email, date_of_birth) VALUES (1242, 'Mark', 'King', '592-7785828', 'mark.king1242@email.com', '2015-01-01');
INSERT INTO passenger (person_id, id_number) VALUES (1242, 'GY-PASS-1242');
INSERT INTO person (person_id, first_name, last_name, phone, email, date_of_birth) VALUES (1243, 'Michelle', 'Evans', '592-6236853', 'michelle.evans1243@email.com', '1994-01-01');
INSERT INTO passenger (person_id, id_number) VALUES (1243, 'GY-PASS-1243');
INSERT INTO person (person_id, first_name, last_name, phone, email, date_of_birth) VALUES (1244, 'John', 'Harris', '592-7995537', 'john.harris1244@email.com', '1953-01-01');
INSERT INTO passenger (person_id, id_number) VALUES (1244, 'GY-PASS-1244');
INSERT INTO person (person_id, first_name, last_name, phone, email, date_of_birth) VALUES (1245, 'Robert', 'Williams', '592-6461688', 'robert.williams1245@email.com', '1953-01-01');
INSERT INTO passenger (person_id, id_number) VALUES (1245, 'GY-PASS-1245');
INSERT INTO person (person_id, first_name, last_name, phone, email, date_of_birth) VALUES (1246, 'Brian', 'Allen', '592-6012246', 'brian.allen1246@email.com', '2012-01-01');
INSERT INTO passenger (person_id, id_number) VALUES (1246, 'GY-PASS-1246');
INSERT INTO person (person_id, first_name, last_name, phone, email, date_of_birth) VALUES (1247, 'Andrew', 'Jones', '592-6062096', 'andrew.jones1247@email.com', '1950-01-01');
INSERT INTO passenger (person_id, id_number) VALUES (1247, 'GY-PASS-1247');
INSERT INTO person (person_id, first_name, last_name, phone, email, date_of_birth) VALUES (1248, 'William', 'Hill', '592-7723275', 'william.hill1248@email.com', '1954-01-01');
INSERT INTO passenger (person_id, id_number) VALUES (1248, 'GY-PASS-1248');
INSERT INTO person (person_id, first_name, last_name, phone, email, date_of_birth) VALUES (1249, 'Jennifer', 'Hernandez', '592-6009457', 'jennifer.hernandez1249@email.com', '2010-01-01');
INSERT INTO passenger (person_id, id_number) VALUES (1249, 'GY-PASS-1249');
INSERT INTO person (person_id, first_name, last_name, phone, email, date_of_birth) VALUES (1250, 'Mary', 'Clark', '592-6872741', 'mary.clark1250@email.com', '2006-01-01');
INSERT INTO passenger (person_id, id_number) VALUES (1250, 'GY-PASS-1250');
INSERT INTO person (person_id, first_name, last_name, phone, email, date_of_birth) VALUES (1251, 'Kevin', 'Perez', '592-7565114', 'kevin.perez1251@email.com', '1989-01-01');
INSERT INTO passenger (person_id, id_number) VALUES (1251, 'GY-PASS-1251');
INSERT INTO person (person_id, first_name, last_name, phone, email, date_of_birth) VALUES (1252, 'Jeffrey', 'Hernandez', '592-6664711', 'jeffrey.hernandez1252@email.com', '1970-01-01');
INSERT INTO passenger (person_id, id_number) VALUES (1252, 'GY-PASS-1252');
INSERT INTO person (person_id, first_name, last_name, phone, email, date_of_birth) VALUES (1253, 'Christopher', 'Campbell', '592-6504296', 'christopher.campbell1253@email.com', '1953-01-01');
INSERT INTO passenger (person_id, id_number) VALUES (1253, 'GY-PASS-1253');
INSERT INTO person (person_id, first_name, last_name, phone, email, date_of_birth) VALUES (1254, 'Jennifer', 'Bell', '592-6837691', 'jennifer.bell1254@email.com', '2004-01-01');
INSERT INTO passenger (person_id, id_number) VALUES (1254, 'GY-PASS-1254');
INSERT INTO person (person_id, first_name, last_name, phone, email, date_of_birth) VALUES (1255, 'Jessica', 'Williams', '592-6721594', 'jessica.williams1255@email.com', '1964-01-01');
INSERT INTO passenger (person_id, id_number) VALUES (1255, 'GY-PASS-1255');
INSERT INTO person (person_id, first_name, last_name, phone, email, date_of_birth) VALUES (1256, 'Jennifer', 'Lewis', '592-6192586', 'jennifer.lewis1256@email.com', '1979-01-01');
INSERT INTO passenger (person_id, id_number) VALUES (1256, 'GY-PASS-1256');
INSERT INTO person (person_id, first_name, last_name, phone, email, date_of_birth) VALUES (1257, 'Karen', 'Miller', '592-6309510', 'karen.miller1257@email.com', '1951-01-01');
INSERT INTO passenger (person_id, id_number) VALUES (1257, 'GY-PASS-1257');
INSERT INTO person (person_id, first_name, last_name, phone, email, date_of_birth) VALUES (1258, 'Stephanie', 'Morris', '592-6014223', 'stephanie.morris1258@email.com', '1994-01-01');
INSERT INTO passenger (person_id, id_number) VALUES (1258, 'GY-PASS-1258');
INSERT INTO person (person_id, first_name, last_name, phone, email, date_of_birth) VALUES (1259, 'John', 'Hall', '592-7156745', 'john.hall1259@email.com', '1997-01-01');
INSERT INTO passenger (person_id, id_number) VALUES (1259, 'GY-PASS-1259');
INSERT INTO person (person_id, first_name, last_name, phone, email, date_of_birth) VALUES (1260, 'Ryan', 'Hernandez', '592-6017802', 'ryan.hernandez1260@email.com', '1995-01-01');
INSERT INTO passenger (person_id, id_number) VALUES (1260, 'GY-PASS-1260');
INSERT INTO person (person_id, first_name, last_name, phone, email, date_of_birth) VALUES (1261, 'Paul', 'Brown', '592-7315872', 'paul.brown1261@email.com', '1986-01-01');
INSERT INTO passenger (person_id, id_number) VALUES (1261, 'GY-PASS-1261');
INSERT INTO person (person_id, first_name, last_name, phone, email, date_of_birth) VALUES (1262, 'Joshua', 'Clark', '592-7597704', 'joshua.clark1262@email.com', '2010-01-01');
INSERT INTO passenger (person_id, id_number) VALUES (1262, 'GY-PASS-1262');
INSERT INTO person (person_id, first_name, last_name, phone, email, date_of_birth) VALUES (1263, 'Robert', 'Garcia', '592-6782823', 'robert.garcia1263@email.com', '2010-01-01');
INSERT INTO passenger (person_id, id_number) VALUES (1263, 'GY-PASS-1263');
INSERT INTO person (person_id, first_name, last_name, phone, email, date_of_birth) VALUES (1264, 'Matthew', 'Parker', '592-6634239', 'matthew.parker1264@email.com', '1982-01-01');
INSERT INTO passenger (person_id, id_number) VALUES (1264, 'GY-PASS-1264');
INSERT INTO person (person_id, first_name, last_name, phone, email, date_of_birth) VALUES (1265, 'Karen', 'Gonzalez', '592-6767609', 'karen.gonzalez1265@email.com', '1959-01-01');
INSERT INTO passenger (person_id, id_number) VALUES (1265, 'GY-PASS-1265');
INSERT INTO person (person_id, first_name, last_name, phone, email, date_of_birth) VALUES (1266, 'Timothy', 'Bell', '592-6293486', 'timothy.bell1266@email.com', '1980-01-01');
INSERT INTO passenger (person_id, id_number) VALUES (1266, 'GY-PASS-1266');
INSERT INTO person (person_id, first_name, last_name, phone, email, date_of_birth) VALUES (1267, 'Paul', 'Gonzalez', '592-7629099', 'paul.gonzalez1267@email.com', '1996-01-01');
INSERT INTO passenger (person_id, id_number) VALUES (1267, 'GY-PASS-1267');
INSERT INTO person (person_id, first_name, last_name, phone, email, date_of_birth) VALUES (1268, 'James', 'Persaud', '592-6154955', 'james.persaud1268@email.com', '1953-01-01');
INSERT INTO passenger (person_id, id_number) VALUES (1268, 'GY-PASS-1268');
INSERT INTO person (person_id, first_name, last_name, phone, email, date_of_birth) VALUES (1269, 'Paul', 'Bell', '592-6952085', 'paul.bell1269@email.com', '2015-01-01');
INSERT INTO passenger (person_id, id_number) VALUES (1269, 'GY-PASS-1269');
INSERT INTO person (person_id, first_name, last_name, phone, email, date_of_birth) VALUES (1270, 'Rebecca', 'Rodriguez', '592-6341400', 'rebecca.rodriguez1270@email.com', '1988-01-01');
INSERT INTO passenger (person_id, id_number) VALUES (1270, 'GY-PASS-1270');
INSERT INTO person (person_id, first_name, last_name, phone, email, date_of_birth) VALUES (1271, 'Susan', 'Martin', '592-6647315', 'susan.martin1271@email.com', '2010-01-01');
INSERT INTO passenger (person_id, id_number) VALUES (1271, 'GY-PASS-1271');
INSERT INTO person (person_id, first_name, last_name, phone, email, date_of_birth) VALUES (1272, 'William', 'Parker', '592-7237118', 'william.parker1272@email.com', '1971-01-01');
INSERT INTO passenger (person_id, id_number) VALUES (1272, 'GY-PASS-1272');
INSERT INTO person (person_id, first_name, last_name, phone, email, date_of_birth) VALUES (1273, 'Patricia', 'Cook', '592-7939842', 'patricia.cook1273@email.com', '2005-01-01');
INSERT INTO passenger (person_id, id_number) VALUES (1273, 'GY-PASS-1273');
INSERT INTO person (person_id, first_name, last_name, phone, email, date_of_birth) VALUES (1274, 'Mark', 'Lee', '592-6297176', 'mark.lee1274@email.com', '2011-01-01');
INSERT INTO passenger (person_id, id_number) VALUES (1274, 'GY-PASS-1274');
INSERT INTO person (person_id, first_name, last_name, phone, email, date_of_birth) VALUES (1275, 'Christopher', 'Gonzalez', '592-7093466', 'christopher.gonzalez1275@email.com', '2011-01-01');
INSERT INTO passenger (person_id, id_number) VALUES (1275, 'GY-PASS-1275');
INSERT INTO person (person_id, first_name, last_name, phone, email, date_of_birth) VALUES (1276, 'Ashley', 'Carter', '592-7882079', 'ashley.carter1276@email.com', '1975-01-01');
INSERT INTO passenger (person_id, id_number) VALUES (1276, 'GY-PASS-1276');
INSERT INTO person (person_id, first_name, last_name, phone, email, date_of_birth) VALUES (1277, 'Deborah', 'Allen', '592-7129517', 'deborah.allen1277@email.com', '1972-01-01');
INSERT INTO passenger (person_id, id_number) VALUES (1277, 'GY-PASS-1277');
INSERT INTO person (person_id, first_name, last_name, phone, email, date_of_birth) VALUES (1278, 'Joseph', 'Perez', '592-6083494', 'joseph.perez1278@email.com', '1967-01-01');
INSERT INTO passenger (person_id, id_number) VALUES (1278, 'GY-PASS-1278');
INSERT INTO person (person_id, first_name, last_name, phone, email, date_of_birth) VALUES (1279, 'Jeffrey', 'Allen', '592-7476774', 'jeffrey.allen1279@email.com', '2001-01-01');
INSERT INTO passenger (person_id, id_number) VALUES (1279, 'GY-PASS-1279');
INSERT INTO person (person_id, first_name, last_name, phone, email, date_of_birth) VALUES (1280, 'Lisa', 'Wilson', '592-7661033', 'lisa.wilson1280@email.com', '1993-01-01');
INSERT INTO passenger (person_id, id_number) VALUES (1280, 'GY-PASS-1280');
INSERT INTO person (person_id, first_name, last_name, phone, email, date_of_birth) VALUES (1281, 'William', 'Hill', '592-7778904', 'william.hill1281@email.com', '1974-01-01');
INSERT INTO passenger (person_id, id_number) VALUES (1281, 'GY-PASS-1281');
INSERT INTO person (person_id, first_name, last_name, phone, email, date_of_birth) VALUES (1282, 'Ronald', 'Parker', '592-7952067', 'ronald.parker1282@email.com', '1997-01-01');
INSERT INTO passenger (person_id, id_number) VALUES (1282, 'GY-PASS-1282');
INSERT INTO person (person_id, first_name, last_name, phone, email, date_of_birth) VALUES (1283, 'Cynthia', 'Gonzalez', '592-6604417', 'cynthia.gonzalez1283@email.com', '1992-01-01');
INSERT INTO passenger (person_id, id_number) VALUES (1283, 'GY-PASS-1283');
INSERT INTO person (person_id, first_name, last_name, phone, email, date_of_birth) VALUES (1284, 'Donna', 'Singh', '592-6922256', 'donna.singh1284@email.com', '1958-01-01');
INSERT INTO passenger (person_id, id_number) VALUES (1284, 'GY-PASS-1284');
INSERT INTO person (person_id, first_name, last_name, phone, email, date_of_birth) VALUES (1285, 'Matthew', 'Cook', '592-7913979', 'matthew.cook1285@email.com', '1966-01-01');
INSERT INTO passenger (person_id, id_number) VALUES (1285, 'GY-PASS-1285');
INSERT INTO person (person_id, first_name, last_name, phone, email, date_of_birth) VALUES (1286, 'Edward', 'Collins', '592-7699687', 'edward.collins1286@email.com', '1998-01-01');
INSERT INTO passenger (person_id, id_number) VALUES (1286, 'GY-PASS-1286');
INSERT INTO person (person_id, first_name, last_name, phone, email, date_of_birth) VALUES (1287, 'John', 'Wilson', '592-6675600', 'john.wilson1287@email.com', '1958-01-01');
INSERT INTO passenger (person_id, id_number) VALUES (1287, 'GY-PASS-1287');
INSERT INTO person (person_id, first_name, last_name, phone, email, date_of_birth) VALUES (1288, 'Mary', 'Lopez', '592-6369572', 'mary.lopez1288@email.com', '1970-01-01');
INSERT INTO passenger (person_id, id_number) VALUES (1288, 'GY-PASS-1288');
INSERT INTO person (person_id, first_name, last_name, phone, email, date_of_birth) VALUES (1289, 'Donald', 'Lewis', '592-6703081', 'donald.lewis1289@email.com', '1957-01-01');
INSERT INTO passenger (person_id, id_number) VALUES (1289, 'GY-PASS-1289');
INSERT INTO person (person_id, first_name, last_name, phone, email, date_of_birth) VALUES (1290, 'Donald', 'Lee', '592-7863579', 'donald.lee1290@email.com', '1964-01-01');
INSERT INTO passenger (person_id, id_number) VALUES (1290, 'GY-PASS-1290');
INSERT INTO person (person_id, first_name, last_name, phone, email, date_of_birth) VALUES (1291, 'Brian', 'Evans', '592-7845296', 'brian.evans1291@email.com', '2014-01-01');
INSERT INTO passenger (person_id, id_number) VALUES (1291, 'GY-PASS-1291');
INSERT INTO person (person_id, first_name, last_name, phone, email, date_of_birth) VALUES (1292, 'Paul', 'Jones', '592-7282722', 'paul.jones1292@email.com', '1996-01-01');
INSERT INTO passenger (person_id, id_number) VALUES (1292, 'GY-PASS-1292');
INSERT INTO person (person_id, first_name, last_name, phone, email, date_of_birth) VALUES (1293, 'Robert', 'Hernandez', '592-6841567', 'robert.hernandez1293@email.com', '1997-01-01');
INSERT INTO passenger (person_id, id_number) VALUES (1293, 'GY-PASS-1293');
INSERT INTO person (person_id, first_name, last_name, phone, email, date_of_birth) VALUES (1294, 'Kevin', 'Reed', '592-7592234', 'kevin.reed1294@email.com', '2008-01-01');
INSERT INTO passenger (person_id, id_number) VALUES (1294, 'GY-PASS-1294');
INSERT INTO person (person_id, first_name, last_name, phone, email, date_of_birth) VALUES (1295, 'Daniel', 'Adams', '592-7791288', 'daniel.adams1295@email.com', '1997-01-01');
INSERT INTO passenger (person_id, id_number) VALUES (1295, 'GY-PASS-1295');
INSERT INTO person (person_id, first_name, last_name, phone, email, date_of_birth) VALUES (1296, 'Carol', 'Mitchell', '592-7044414', 'carol.mitchell1296@email.com', '2015-01-01');
INSERT INTO passenger (person_id, id_number) VALUES (1296, 'GY-PASS-1296');
INSERT INTO person (person_id, first_name, last_name, phone, email, date_of_birth) VALUES (1297, 'Robert', 'Hall', '592-7249429', 'robert.hall1297@email.com', '1994-01-01');
INSERT INTO passenger (person_id, id_number) VALUES (1297, 'GY-PASS-1297');
INSERT INTO person (person_id, first_name, last_name, phone, email, date_of_birth) VALUES (1298, 'George', 'Hall', '592-7969544', 'george.hall1298@email.com', '1973-01-01');
INSERT INTO passenger (person_id, id_number) VALUES (1298, 'GY-PASS-1298');
INSERT INTO person (person_id, first_name, last_name, phone, email, date_of_birth) VALUES (1299, 'Sandra', 'Harris', '592-7515774', 'sandra.harris1299@email.com', '1998-01-01');
INSERT INTO passenger (person_id, id_number) VALUES (1299, 'GY-PASS-1299');
INSERT INTO person (person_id, first_name, last_name, phone, email, date_of_birth) VALUES (1300, 'Edward', 'Rodriguez', '592-7095223', 'edward.rodriguez1300@email.com', '2008-01-01');
INSERT INTO passenger (person_id, id_number) VALUES (1300, 'GY-PASS-1300');
INSERT INTO person (person_id, first_name, last_name, phone, email, date_of_birth) VALUES (1301, 'Kevin', 'Martin', '592-7261292', 'kevin.martin1301@email.com', '2002-01-01');
INSERT INTO passenger (person_id, id_number) VALUES (1301, 'GY-PASS-1301');
INSERT INTO person (person_id, first_name, last_name, phone, email, date_of_birth) VALUES (1302, 'Mark', 'Campbell', '592-6608851', 'mark.campbell1302@email.com', '2004-01-01');
INSERT INTO passenger (person_id, id_number) VALUES (1302, 'GY-PASS-1302');
INSERT INTO person (person_id, first_name, last_name, phone, email, date_of_birth) VALUES (1303, 'Donna', 'Reed', '592-6843390', 'donna.reed1303@email.com', '2000-01-01');
INSERT INTO passenger (person_id, id_number) VALUES (1303, 'GY-PASS-1303');
INSERT INTO person (person_id, first_name, last_name, phone, email, date_of_birth) VALUES (1304, 'Rebecca', 'Harris', '592-6099946', 'rebecca.harris1304@email.com', '1954-01-01');
INSERT INTO passenger (person_id, id_number) VALUES (1304, 'GY-PASS-1304');
INSERT INTO person (person_id, first_name, last_name, phone, email, date_of_birth) VALUES (1305, 'Michael', 'Baker', '592-6506899', 'michael.baker1305@email.com', '2002-01-01');
INSERT INTO passenger (person_id, id_number) VALUES (1305, 'GY-PASS-1305');
INSERT INTO person (person_id, first_name, last_name, phone, email, date_of_birth) VALUES (1306, 'Stephanie', 'Nelson', '592-7212798', 'stephanie.nelson1306@email.com', '1995-01-01');
INSERT INTO passenger (person_id, id_number) VALUES (1306, 'GY-PASS-1306');
INSERT INTO person (person_id, first_name, last_name, phone, email, date_of_birth) VALUES (1307, 'Kenneth', 'Anderson', '592-7571823', 'kenneth.anderson1307@email.com', '1974-01-01');
INSERT INTO passenger (person_id, id_number) VALUES (1307, 'GY-PASS-1307');
INSERT INTO person (person_id, first_name, last_name, phone, email, date_of_birth) VALUES (1308, 'Edward', 'Harris', '592-6662102', 'edward.harris1308@email.com', '1968-01-01');
INSERT INTO passenger (person_id, id_number) VALUES (1308, 'GY-PASS-1308');
INSERT INTO person (person_id, first_name, last_name, phone, email, date_of_birth) VALUES (1309, 'Andrew', 'Taylor', '592-7778040', 'andrew.taylor1309@email.com', '1952-01-01');
INSERT INTO passenger (person_id, id_number) VALUES (1309, 'GY-PASS-1309');
INSERT INTO person (person_id, first_name, last_name, phone, email, date_of_birth) VALUES (1310, 'Kimberly', 'Reed', '592-6567554', 'kimberly.reed1310@email.com', '1999-01-01');
INSERT INTO passenger (person_id, id_number) VALUES (1310, 'GY-PASS-1310');
INSERT INTO person (person_id, first_name, last_name, phone, email, date_of_birth) VALUES (1311, 'Jeffrey', 'Brown', '592-6659727', 'jeffrey.brown1311@email.com', '2015-01-01');
INSERT INTO passenger (person_id, id_number) VALUES (1311, 'GY-PASS-1311');
INSERT INTO person (person_id, first_name, last_name, phone, email, date_of_birth) VALUES (1312, 'Donna', 'Brown', '592-6635355', 'donna.brown1312@email.com', '1953-01-01');
INSERT INTO passenger (person_id, id_number) VALUES (1312, 'GY-PASS-1312');
INSERT INTO person (person_id, first_name, last_name, phone, email, date_of_birth) VALUES (1313, 'Christopher', 'Walker', '592-7665696', 'christopher.walker1313@email.com', '2004-01-01');
INSERT INTO passenger (person_id, id_number) VALUES (1313, 'GY-PASS-1313');
INSERT INTO person (person_id, first_name, last_name, phone, email, date_of_birth) VALUES (1314, 'Michelle', 'Martinez', '592-6951206', 'michelle.martinez1314@email.com', '2001-01-01');
INSERT INTO passenger (person_id, id_number) VALUES (1314, 'GY-PASS-1314');
INSERT INTO person (person_id, first_name, last_name, phone, email, date_of_birth) VALUES (1315, 'Jennifer', 'Lopez', '592-6556237', 'jennifer.lopez1315@email.com', '1953-01-01');
INSERT INTO passenger (person_id, id_number) VALUES (1315, 'GY-PASS-1315');
INSERT INTO person (person_id, first_name, last_name, phone, email, date_of_birth) VALUES (1316, 'Sandra', 'Lewis', '592-6026230', 'sandra.lewis1316@email.com', '2000-01-01');
INSERT INTO passenger (person_id, id_number) VALUES (1316, 'GY-PASS-1316');
INSERT INTO person (person_id, first_name, last_name, phone, email, date_of_birth) VALUES (1317, 'Stephanie', 'Turner', '592-6071127', 'stephanie.turner1317@email.com', '1981-01-01');
INSERT INTO passenger (person_id, id_number) VALUES (1317, 'GY-PASS-1317');
INSERT INTO person (person_id, first_name, last_name, phone, email, date_of_birth) VALUES (1318, 'Kenneth', 'Rodriguez', '592-7113748', 'kenneth.rodriguez1318@email.com', '1989-01-01');
INSERT INTO passenger (person_id, id_number) VALUES (1318, 'GY-PASS-1318');
INSERT INTO person (person_id, first_name, last_name, phone, email, date_of_birth) VALUES (1319, 'Kimberly', 'Martin', '592-7097042', 'kimberly.martin1319@email.com', '1997-01-01');
INSERT INTO passenger (person_id, id_number) VALUES (1319, 'GY-PASS-1319');
INSERT INTO person (person_id, first_name, last_name, phone, email, date_of_birth) VALUES (1320, 'Cynthia', 'Williams', '592-7989896', 'cynthia.williams1320@email.com', '1954-01-01');
INSERT INTO passenger (person_id, id_number) VALUES (1320, 'GY-PASS-1320');
INSERT INTO person (person_id, first_name, last_name, phone, email, date_of_birth) VALUES (1321, 'Jeffrey', 'Persaud', '592-7886717', 'jeffrey.persaud1321@email.com', '1958-01-01');
INSERT INTO passenger (person_id, id_number) VALUES (1321, 'GY-PASS-1321');
INSERT INTO person (person_id, first_name, last_name, phone, email, date_of_birth) VALUES (1322, 'Sandra', 'Thomas', '592-7996675', 'sandra.thomas1322@email.com', '1971-01-01');
INSERT INTO passenger (person_id, id_number) VALUES (1322, 'GY-PASS-1322');
INSERT INTO person (person_id, first_name, last_name, phone, email, date_of_birth) VALUES (1323, 'Susan', 'Phillips', '592-7619857', 'susan.phillips1323@email.com', '1955-01-01');
INSERT INTO passenger (person_id, id_number) VALUES (1323, 'GY-PASS-1323');
INSERT INTO person (person_id, first_name, last_name, phone, email, date_of_birth) VALUES (1324, 'David', 'Brown', '592-6485403', 'david.brown1324@email.com', '2002-01-01');
INSERT INTO passenger (person_id, id_number) VALUES (1324, 'GY-PASS-1324');
INSERT INTO person (person_id, first_name, last_name, phone, email, date_of_birth) VALUES (1325, 'Amanda', 'Phillips', '592-7996531', 'amanda.phillips1325@email.com', '1972-01-01');
INSERT INTO passenger (person_id, id_number) VALUES (1325, 'GY-PASS-1325');
INSERT INTO person (person_id, first_name, last_name, phone, email, date_of_birth) VALUES (1326, 'Jeffrey', 'Baker', '592-7699420', 'jeffrey.baker1326@email.com', '1981-01-01');
INSERT INTO passenger (person_id, id_number) VALUES (1326, 'GY-PASS-1326');
INSERT INTO person (person_id, first_name, last_name, phone, email, date_of_birth) VALUES (1327, 'Elizabeth', 'Davis', '592-6055437', 'elizabeth.davis1327@email.com', '1973-01-01');
INSERT INTO passenger (person_id, id_number) VALUES (1327, 'GY-PASS-1327');
INSERT INTO person (person_id, first_name, last_name, phone, email, date_of_birth) VALUES (1328, 'Mary', 'Davis', '592-7781614', 'mary.davis1328@email.com', '2009-01-01');
INSERT INTO passenger (person_id, id_number) VALUES (1328, 'GY-PASS-1328');
INSERT INTO person (person_id, first_name, last_name, phone, email, date_of_birth) VALUES (1329, 'Ronald', 'Carter', '592-7955369', 'ronald.carter1329@email.com', '1951-01-01');
INSERT INTO passenger (person_id, id_number) VALUES (1329, 'GY-PASS-1329');
INSERT INTO person (person_id, first_name, last_name, phone, email, date_of_birth) VALUES (1330, 'Linda', 'Scott', '592-7699511', 'linda.scott1330@email.com', '2006-01-01');
INSERT INTO passenger (person_id, id_number) VALUES (1330, 'GY-PASS-1330');
INSERT INTO person (person_id, first_name, last_name, phone, email, date_of_birth) VALUES (1331, 'Brian', 'Williams', '592-7206336', 'brian.williams1331@email.com', '1966-01-01');
INSERT INTO passenger (person_id, id_number) VALUES (1331, 'GY-PASS-1331');
INSERT INTO person (person_id, first_name, last_name, phone, email, date_of_birth) VALUES (1332, 'Laura', 'Allen', '592-6541506', 'laura.allen1332@email.com', '2008-01-01');
INSERT INTO passenger (person_id, id_number) VALUES (1332, 'GY-PASS-1332');
INSERT INTO person (person_id, first_name, last_name, phone, email, date_of_birth) VALUES (1333, 'Emily', 'Roberts', '592-7912071', 'emily.roberts1333@email.com', '2004-01-01');
INSERT INTO passenger (person_id, id_number) VALUES (1333, 'GY-PASS-1333');
INSERT INTO person (person_id, first_name, last_name, phone, email, date_of_birth) VALUES (1334, 'Richard', 'Morris', '592-6048829', 'richard.morris1334@email.com', '1971-01-01');
INSERT INTO passenger (person_id, id_number) VALUES (1334, 'GY-PASS-1334');
INSERT INTO person (person_id, first_name, last_name, phone, email, date_of_birth) VALUES (1335, 'Jennifer', 'Thomas', '592-6952846', 'jennifer.thomas1335@email.com', '1975-01-01');
INSERT INTO passenger (person_id, id_number) VALUES (1335, 'GY-PASS-1335');
INSERT INTO person (person_id, first_name, last_name, phone, email, date_of_birth) VALUES (1336, 'Brian', 'Young', '592-6725048', 'brian.young1336@email.com', '2010-01-01');
INSERT INTO passenger (person_id, id_number) VALUES (1336, 'GY-PASS-1336');
INSERT INTO person (person_id, first_name, last_name, phone, email, date_of_birth) VALUES (1337, 'Edward', 'Martinez', '592-7506424', 'edward.martinez1337@email.com', '1969-01-01');
INSERT INTO passenger (person_id, id_number) VALUES (1337, 'GY-PASS-1337');
INSERT INTO person (person_id, first_name, last_name, phone, email, date_of_birth) VALUES (1338, 'Joseph', 'Adams', '592-7218677', 'joseph.adams1338@email.com', '1978-01-01');
INSERT INTO passenger (person_id, id_number) VALUES (1338, 'GY-PASS-1338');
INSERT INTO person (person_id, first_name, last_name, phone, email, date_of_birth) VALUES (1339, 'Michael', 'Walker', '592-6541905', 'michael.walker1339@email.com', '1950-01-01');
INSERT INTO passenger (person_id, id_number) VALUES (1339, 'GY-PASS-1339');
INSERT INTO person (person_id, first_name, last_name, phone, email, date_of_birth) VALUES (1340, 'Sandra', 'Baker', '592-7683417', 'sandra.baker1340@email.com', '1985-01-01');
INSERT INTO passenger (person_id, id_number) VALUES (1340, 'GY-PASS-1340');
INSERT INTO person (person_id, first_name, last_name, phone, email, date_of_birth) VALUES (1341, 'John', 'Clark', '592-6658725', 'john.clark1341@email.com', '1997-01-01');
INSERT INTO passenger (person_id, id_number) VALUES (1341, 'GY-PASS-1341');
INSERT INTO person (person_id, first_name, last_name, phone, email, date_of_birth) VALUES (1342, 'Brian', 'Evans', '592-7568970', 'brian.evans1342@email.com', '1983-01-01');
INSERT INTO passenger (person_id, id_number) VALUES (1342, 'GY-PASS-1342');
INSERT INTO person (person_id, first_name, last_name, phone, email, date_of_birth) VALUES (1343, 'William', 'Perez', '592-6715554', 'william.perez1343@email.com', '1993-01-01');
INSERT INTO passenger (person_id, id_number) VALUES (1343, 'GY-PASS-1343');
INSERT INTO person (person_id, first_name, last_name, phone, email, date_of_birth) VALUES (1344, 'Cynthia', 'Collins', '592-7548666', 'cynthia.collins1344@email.com', '1986-01-01');
INSERT INTO passenger (person_id, id_number) VALUES (1344, 'GY-PASS-1344');
INSERT INTO person (person_id, first_name, last_name, phone, email, date_of_birth) VALUES (1345, 'Margaret', 'Walker', '592-7196766', 'margaret.walker1345@email.com', '1965-01-01');
INSERT INTO passenger (person_id, id_number) VALUES (1345, 'GY-PASS-1345');
INSERT INTO person (person_id, first_name, last_name, phone, email, date_of_birth) VALUES (1346, 'Susan', 'Smith', '592-7563876', 'susan.smith1346@email.com', '2002-01-01');
INSERT INTO passenger (person_id, id_number) VALUES (1346, 'GY-PASS-1346');
INSERT INTO person (person_id, first_name, last_name, phone, email, date_of_birth) VALUES (1347, 'Sharon', 'Rogers', '592-6578457', 'sharon.rogers1347@email.com', '1993-01-01');
INSERT INTO passenger (person_id, id_number) VALUES (1347, 'GY-PASS-1347');
INSERT INTO person (person_id, first_name, last_name, phone, email, date_of_birth) VALUES (1348, 'Michelle', 'Davis', '592-7011907', 'michelle.davis1348@email.com', '1988-01-01');
INSERT INTO passenger (person_id, id_number) VALUES (1348, 'GY-PASS-1348');
INSERT INTO person (person_id, first_name, last_name, phone, email, date_of_birth) VALUES (1349, 'Kenneth', 'Cook', '592-6805464', 'kenneth.cook1349@email.com', '2013-01-01');
INSERT INTO passenger (person_id, id_number) VALUES (1349, 'GY-PASS-1349');
INSERT INTO person (person_id, first_name, last_name, phone, email, date_of_birth) VALUES (1350, 'Kimberly', 'Wilson', '592-7751046', 'kimberly.wilson1350@email.com', '1984-01-01');
INSERT INTO passenger (person_id, id_number) VALUES (1350, 'GY-PASS-1350');
INSERT INTO person (person_id, first_name, last_name, phone, email, date_of_birth) VALUES (1351, 'Matthew', 'Hall', '592-7353876', 'matthew.hall1351@email.com', '1958-01-01');
INSERT INTO passenger (person_id, id_number) VALUES (1351, 'GY-PASS-1351');
INSERT INTO person (person_id, first_name, last_name, phone, email, date_of_birth) VALUES (1352, 'Laura', 'Lee', '592-7582554', 'laura.lee1352@email.com', '2001-01-01');
INSERT INTO passenger (person_id, id_number) VALUES (1352, 'GY-PASS-1352');
INSERT INTO person (person_id, first_name, last_name, phone, email, date_of_birth) VALUES (1353, 'James', 'Hill', '592-7312695', 'james.hill1353@email.com', '2014-01-01');
INSERT INTO passenger (person_id, id_number) VALUES (1353, 'GY-PASS-1353');
INSERT INTO person (person_id, first_name, last_name, phone, email, date_of_birth) VALUES (1354, 'Mark', 'Roberts', '592-6783752', 'mark.roberts1354@email.com', '2000-01-01');
INSERT INTO passenger (person_id, id_number) VALUES (1354, 'GY-PASS-1354');
INSERT INTO person (person_id, first_name, last_name, phone, email, date_of_birth) VALUES (1355, 'Jason', 'Lopez', '592-7919825', 'jason.lopez1355@email.com', '1989-01-01');
INSERT INTO passenger (person_id, id_number) VALUES (1355, 'GY-PASS-1355');
INSERT INTO person (person_id, first_name, last_name, phone, email, date_of_birth) VALUES (1356, 'Michelle', 'King', '592-6592621', 'michelle.king1356@email.com', '2000-01-01');
INSERT INTO passenger (person_id, id_number) VALUES (1356, 'GY-PASS-1356');
INSERT INTO person (person_id, first_name, last_name, phone, email, date_of_birth) VALUES (1357, 'Richard', 'Young', '592-7264289', 'richard.young1357@email.com', '1958-01-01');
INSERT INTO passenger (person_id, id_number) VALUES (1357, 'GY-PASS-1357');
INSERT INTO person (person_id, first_name, last_name, phone, email, date_of_birth) VALUES (1358, 'Carol', 'Stewart', '592-6838823', 'carol.stewart1358@email.com', '1982-01-01');
INSERT INTO passenger (person_id, id_number) VALUES (1358, 'GY-PASS-1358');
INSERT INTO person (person_id, first_name, last_name, phone, email, date_of_birth) VALUES (1359, 'Jason', 'Smith', '592-6477353', 'jason.smith1359@email.com', '1986-01-01');
INSERT INTO passenger (person_id, id_number) VALUES (1359, 'GY-PASS-1359');
INSERT INTO person (person_id, first_name, last_name, phone, email, date_of_birth) VALUES (1360, 'Steven', 'Smith', '592-6027852', 'steven.smith1360@email.com', '1984-01-01');
INSERT INTO passenger (person_id, id_number) VALUES (1360, 'GY-PASS-1360');
INSERT INTO person (person_id, first_name, last_name, phone, email, date_of_birth) VALUES (1361, 'Susan', 'Wright', '592-6143752', 'susan.wright1361@email.com', '1980-01-01');
INSERT INTO passenger (person_id, id_number) VALUES (1361, 'GY-PASS-1361');
INSERT INTO person (person_id, first_name, last_name, phone, email, date_of_birth) VALUES (1362, 'Edward', 'Carter', '592-7034902', 'edward.carter1362@email.com', '1989-01-01');
INSERT INTO passenger (person_id, id_number) VALUES (1362, 'GY-PASS-1362');
INSERT INTO person (person_id, first_name, last_name, phone, email, date_of_birth) VALUES (1363, 'Jeffrey', 'Clark', '592-7532046', 'jeffrey.clark1363@email.com', '1985-01-01');
INSERT INTO passenger (person_id, id_number) VALUES (1363, 'GY-PASS-1363');
INSERT INTO person (person_id, first_name, last_name, phone, email, date_of_birth) VALUES (1364, 'Robert', 'Campbell', '592-6862505', 'robert.campbell1364@email.com', '1992-01-01');
INSERT INTO passenger (person_id, id_number) VALUES (1364, 'GY-PASS-1364');
INSERT INTO person (person_id, first_name, last_name, phone, email, date_of_birth) VALUES (1365, 'Mark', 'Evans', '592-6524854', 'mark.evans1365@email.com', '2013-01-01');
INSERT INTO passenger (person_id, id_number) VALUES (1365, 'GY-PASS-1365');
INSERT INTO person (person_id, first_name, last_name, phone, email, date_of_birth) VALUES (1366, 'Ronald', 'Rodriguez', '592-6018795', 'ronald.rodriguez1366@email.com', '2015-01-01');
INSERT INTO passenger (person_id, id_number) VALUES (1366, 'GY-PASS-1366');
INSERT INTO person (person_id, first_name, last_name, phone, email, date_of_birth) VALUES (1367, 'Sharon', 'Lewis', '592-7323080', 'sharon.lewis1367@email.com', '2007-01-01');
INSERT INTO passenger (person_id, id_number) VALUES (1367, 'GY-PASS-1367');
INSERT INTO person (person_id, first_name, last_name, phone, email, date_of_birth) VALUES (1368, 'Carol', 'Baker', '592-7529364', 'carol.baker1368@email.com', '1958-01-01');
INSERT INTO passenger (person_id, id_number) VALUES (1368, 'GY-PASS-1368');
INSERT INTO person (person_id, first_name, last_name, phone, email, date_of_birth) VALUES (1369, 'Jason', 'Phillips', '592-7596606', 'jason.phillips1369@email.com', '1967-01-01');
INSERT INTO passenger (person_id, id_number) VALUES (1369, 'GY-PASS-1369');
INSERT INTO person (person_id, first_name, last_name, phone, email, date_of_birth) VALUES (1370, 'Richard', 'Phillips', '592-6826017', 'richard.phillips1370@email.com', '1979-01-01');
INSERT INTO passenger (person_id, id_number) VALUES (1370, 'GY-PASS-1370');
INSERT INTO person (person_id, first_name, last_name, phone, email, date_of_birth) VALUES (1371, 'David', 'Jackson', '592-6773131', 'david.jackson1371@email.com', '2003-01-01');
INSERT INTO passenger (person_id, id_number) VALUES (1371, 'GY-PASS-1371');
INSERT INTO person (person_id, first_name, last_name, phone, email, date_of_birth) VALUES (1372, 'Rebecca', 'Morgan', '592-7411728', 'rebecca.morgan1372@email.com', '1980-01-01');
INSERT INTO passenger (person_id, id_number) VALUES (1372, 'GY-PASS-1372');
INSERT INTO person (person_id, first_name, last_name, phone, email, date_of_birth) VALUES (1373, 'Robert', 'Jackson', '592-7818002', 'robert.jackson1373@email.com', '2014-01-01');
INSERT INTO passenger (person_id, id_number) VALUES (1373, 'GY-PASS-1373');
INSERT INTO person (person_id, first_name, last_name, phone, email, date_of_birth) VALUES (1374, 'Carol', 'Perez', '592-7168589', 'carol.perez1374@email.com', '1989-01-01');
INSERT INTO passenger (person_id, id_number) VALUES (1374, 'GY-PASS-1374');
INSERT INTO person (person_id, first_name, last_name, phone, email, date_of_birth) VALUES (1375, 'Donna', 'Singh', '592-6087912', 'donna.singh1375@email.com', '2010-01-01');
INSERT INTO passenger (person_id, id_number) VALUES (1375, 'GY-PASS-1375');
INSERT INTO person (person_id, first_name, last_name, phone, email, date_of_birth) VALUES (1376, 'Melissa', 'Lopez', '592-7726260', 'melissa.lopez1376@email.com', '1982-01-01');
INSERT INTO passenger (person_id, id_number) VALUES (1376, 'GY-PASS-1376');
INSERT INTO person (person_id, first_name, last_name, phone, email, date_of_birth) VALUES (1377, 'Michael', 'Evans', '592-7025417', 'michael.evans1377@email.com', '1954-01-01');
INSERT INTO passenger (person_id, id_number) VALUES (1377, 'GY-PASS-1377');
INSERT INTO person (person_id, first_name, last_name, phone, email, date_of_birth) VALUES (1378, 'Kevin', 'Lewis', '592-6302564', 'kevin.lewis1378@email.com', '1950-01-01');
INSERT INTO passenger (person_id, id_number) VALUES (1378, 'GY-PASS-1378');
INSERT INTO person (person_id, first_name, last_name, phone, email, date_of_birth) VALUES (1379, 'Brian', 'Jackson', '592-6142993', 'brian.jackson1379@email.com', '1999-01-01');
INSERT INTO passenger (person_id, id_number) VALUES (1379, 'GY-PASS-1379');
INSERT INTO person (person_id, first_name, last_name, phone, email, date_of_birth) VALUES (1380, 'Elizabeth', 'Wilson', '592-7309433', 'elizabeth.wilson1380@email.com', '1966-01-01');
INSERT INTO passenger (person_id, id_number) VALUES (1380, 'GY-PASS-1380');
INSERT INTO person (person_id, first_name, last_name, phone, email, date_of_birth) VALUES (1381, 'Joshua', 'Rodriguez', '592-7789852', 'joshua.rodriguez1381@email.com', '1993-01-01');
INSERT INTO passenger (person_id, id_number) VALUES (1381, 'GY-PASS-1381');
INSERT INTO person (person_id, first_name, last_name, phone, email, date_of_birth) VALUES (1382, 'Robert', 'Evans', '592-6757466', 'robert.evans1382@email.com', '1979-01-01');
INSERT INTO passenger (person_id, id_number) VALUES (1382, 'GY-PASS-1382');
INSERT INTO person (person_id, first_name, last_name, phone, email, date_of_birth) VALUES (1383, 'Thomas', 'Lee', '592-7221315', 'thomas.lee1383@email.com', '2012-01-01');
INSERT INTO passenger (person_id, id_number) VALUES (1383, 'GY-PASS-1383');
INSERT INTO person (person_id, first_name, last_name, phone, email, date_of_birth) VALUES (1384, 'Joshua', 'Adams', '592-7175914', 'joshua.adams1384@email.com', '1962-01-01');
INSERT INTO passenger (person_id, id_number) VALUES (1384, 'GY-PASS-1384');
INSERT INTO person (person_id, first_name, last_name, phone, email, date_of_birth) VALUES (1385, 'Robert', 'Martin', '592-7991182', 'robert.martin1385@email.com', '1985-01-01');
INSERT INTO passenger (person_id, id_number) VALUES (1385, 'GY-PASS-1385');
INSERT INTO person (person_id, first_name, last_name, phone, email, date_of_birth) VALUES (1386, 'Amanda', 'Young', '592-6733607', 'amanda.young1386@email.com', '1953-01-01');
INSERT INTO passenger (person_id, id_number) VALUES (1386, 'GY-PASS-1386');
INSERT INTO person (person_id, first_name, last_name, phone, email, date_of_birth) VALUES (1387, 'Mark', 'Brown', '592-6494018', 'mark.brown1387@email.com', '1982-01-01');
INSERT INTO passenger (person_id, id_number) VALUES (1387, 'GY-PASS-1387');
INSERT INTO person (person_id, first_name, last_name, phone, email, date_of_birth) VALUES (1388, 'Jessica', 'Roberts', '592-7283230', 'jessica.roberts1388@email.com', '1974-01-01');
INSERT INTO passenger (person_id, id_number) VALUES (1388, 'GY-PASS-1388');
INSERT INTO person (person_id, first_name, last_name, phone, email, date_of_birth) VALUES (1389, 'Patricia', 'Scott', '592-6954256', 'patricia.scott1389@email.com', '1992-01-01');
INSERT INTO passenger (person_id, id_number) VALUES (1389, 'GY-PASS-1389');
INSERT INTO person (person_id, first_name, last_name, phone, email, date_of_birth) VALUES (1390, 'Patricia', 'Davis', '592-6227981', 'patricia.davis1390@email.com', '1987-01-01');
INSERT INTO passenger (person_id, id_number) VALUES (1390, 'GY-PASS-1390');
INSERT INTO person (person_id, first_name, last_name, phone, email, date_of_birth) VALUES (1391, 'Laura', 'Lopez', '592-6467340', 'laura.lopez1391@email.com', '1982-01-01');
INSERT INTO passenger (person_id, id_number) VALUES (1391, 'GY-PASS-1391');
INSERT INTO person (person_id, first_name, last_name, phone, email, date_of_birth) VALUES (1392, 'James', 'Carter', '592-7497985', 'james.carter1392@email.com', '1951-01-01');
INSERT INTO passenger (person_id, id_number) VALUES (1392, 'GY-PASS-1392');
INSERT INTO person (person_id, first_name, last_name, phone, email, date_of_birth) VALUES (1393, 'Sharon', 'Moore', '592-7434466', 'sharon.moore1393@email.com', '2003-01-01');
INSERT INTO passenger (person_id, id_number) VALUES (1393, 'GY-PASS-1393');
INSERT INTO person (person_id, first_name, last_name, phone, email, date_of_birth) VALUES (1394, 'Donald', 'Stewart', '592-6269712', 'donald.stewart1394@email.com', '1971-01-01');
INSERT INTO passenger (person_id, id_number) VALUES (1394, 'GY-PASS-1394');
INSERT INTO person (person_id, first_name, last_name, phone, email, date_of_birth) VALUES (1395, 'Donna', 'Jackson', '592-7601737', 'donna.jackson1395@email.com', '2005-01-01');
INSERT INTO passenger (person_id, id_number) VALUES (1395, 'GY-PASS-1395');
INSERT INTO person (person_id, first_name, last_name, phone, email, date_of_birth) VALUES (1396, 'Thomas', 'Murphy', '592-6032940', 'thomas.murphy1396@email.com', '1958-01-01');
INSERT INTO passenger (person_id, id_number) VALUES (1396, 'GY-PASS-1396');
INSERT INTO person (person_id, first_name, last_name, phone, email, date_of_birth) VALUES (1397, 'Kenneth', 'Persaud', '592-7124410', 'kenneth.persaud1397@email.com', '2014-01-01');
INSERT INTO passenger (person_id, id_number) VALUES (1397, 'GY-PASS-1397');
INSERT INTO person (person_id, first_name, last_name, phone, email, date_of_birth) VALUES (1398, 'George', 'Miller', '592-6324700', 'george.miller1398@email.com', '2009-01-01');
INSERT INTO passenger (person_id, id_number) VALUES (1398, 'GY-PASS-1398');
INSERT INTO person (person_id, first_name, last_name, phone, email, date_of_birth) VALUES (1399, 'Melissa', 'Moore', '592-7842757', 'melissa.moore1399@email.com', '1990-01-01');
INSERT INTO passenger (person_id, id_number) VALUES (1399, 'GY-PASS-1399');
INSERT INTO person (person_id, first_name, last_name, phone, email, date_of_birth) VALUES (1400, 'Ryan', 'Phillips', '592-7697066', 'ryan.phillips1400@email.com', '1985-01-01');
INSERT INTO passenger (person_id, id_number) VALUES (1400, 'GY-PASS-1400');
INSERT INTO person (person_id, first_name, last_name, phone, email, date_of_birth) VALUES (1401, 'Cynthia', 'King', '592-6205956', 'cynthia.king1401@email.com', '1958-01-01');
INSERT INTO passenger (person_id, id_number) VALUES (1401, 'GY-PASS-1401');
INSERT INTO person (person_id, first_name, last_name, phone, email, date_of_birth) VALUES (1402, 'Elizabeth', 'Davis', '592-6186163', 'elizabeth.davis1402@email.com', '1963-01-01');
INSERT INTO passenger (person_id, id_number) VALUES (1402, 'GY-PASS-1402');
INSERT INTO person (person_id, first_name, last_name, phone, email, date_of_birth) VALUES (1403, 'Edward', 'Mitchell', '592-6942621', 'edward.mitchell1403@email.com', '1992-01-01');
INSERT INTO passenger (person_id, id_number) VALUES (1403, 'GY-PASS-1403');
INSERT INTO person (person_id, first_name, last_name, phone, email, date_of_birth) VALUES (1404, 'Deborah', 'Singh', '592-7357318', 'deborah.singh1404@email.com', '1969-01-01');
INSERT INTO passenger (person_id, id_number) VALUES (1404, 'GY-PASS-1404');
INSERT INTO person (person_id, first_name, last_name, phone, email, date_of_birth) VALUES (1405, 'Robert', 'Rodriguez', '592-7629719', 'robert.rodriguez1405@email.com', '1984-01-01');
INSERT INTO passenger (person_id, id_number) VALUES (1405, 'GY-PASS-1405');
INSERT INTO person (person_id, first_name, last_name, phone, email, date_of_birth) VALUES (1406, 'Cynthia', 'Cook', '592-6422221', 'cynthia.cook1406@email.com', '2014-01-01');
INSERT INTO passenger (person_id, id_number) VALUES (1406, 'GY-PASS-1406');
INSERT INTO person (person_id, first_name, last_name, phone, email, date_of_birth) VALUES (1407, 'Kathleen', 'Williams', '592-7316926', 'kathleen.williams1407@email.com', '2006-01-01');
INSERT INTO passenger (person_id, id_number) VALUES (1407, 'GY-PASS-1407');
INSERT INTO person (person_id, first_name, last_name, phone, email, date_of_birth) VALUES (1408, 'John', 'Singh', '592-6777944', 'john.singh1408@email.com', '1992-01-01');
INSERT INTO passenger (person_id, id_number) VALUES (1408, 'GY-PASS-1408');
INSERT INTO person (person_id, first_name, last_name, phone, email, date_of_birth) VALUES (1409, 'Matthew', 'Jones', '592-6734660', 'matthew.jones1409@email.com', '2009-01-01');
INSERT INTO passenger (person_id, id_number) VALUES (1409, 'GY-PASS-1409');
INSERT INTO person (person_id, first_name, last_name, phone, email, date_of_birth) VALUES (1410, 'Margaret', 'Parker', '592-7956980', 'margaret.parker1410@email.com', '1996-01-01');
INSERT INTO passenger (person_id, id_number) VALUES (1410, 'GY-PASS-1410');
INSERT INTO person (person_id, first_name, last_name, phone, email, date_of_birth) VALUES (1411, 'Emily', 'Wright', '592-6282407', 'emily.wright1411@email.com', '1955-01-01');
INSERT INTO passenger (person_id, id_number) VALUES (1411, 'GY-PASS-1411');
INSERT INTO person (person_id, first_name, last_name, phone, email, date_of_birth) VALUES (1412, 'Christopher', 'Anderson', '592-6601408', 'christopher.anderson1412@email.com', '1959-01-01');
INSERT INTO passenger (person_id, id_number) VALUES (1412, 'GY-PASS-1412');
INSERT INTO person (person_id, first_name, last_name, phone, email, date_of_birth) VALUES (1413, 'Karen', 'Hall', '592-6364396', 'karen.hall1413@email.com', '1985-01-01');
INSERT INTO passenger (person_id, id_number) VALUES (1413, 'GY-PASS-1413');
INSERT INTO person (person_id, first_name, last_name, phone, email, date_of_birth) VALUES (1414, 'Dorothy', 'Lee', '592-6171828', 'dorothy.lee1414@email.com', '1991-01-01');
INSERT INTO passenger (person_id, id_number) VALUES (1414, 'GY-PASS-1414');
INSERT INTO person (person_id, first_name, last_name, phone, email, date_of_birth) VALUES (1415, 'Ronald', 'Harris', '592-7491502', 'ronald.harris1415@email.com', '2001-01-01');
INSERT INTO passenger (person_id, id_number) VALUES (1415, 'GY-PASS-1415');
INSERT INTO person (person_id, first_name, last_name, phone, email, date_of_birth) VALUES (1416, 'Cynthia', 'Green', '592-6161479', 'cynthia.green1416@email.com', '1976-01-01');
INSERT INTO passenger (person_id, id_number) VALUES (1416, 'GY-PASS-1416');
INSERT INTO person (person_id, first_name, last_name, phone, email, date_of_birth) VALUES (1417, 'Karen', 'Nelson', '592-6192319', 'karen.nelson1417@email.com', '1983-01-01');
INSERT INTO passenger (person_id, id_number) VALUES (1417, 'GY-PASS-1417');
INSERT INTO person (person_id, first_name, last_name, phone, email, date_of_birth) VALUES (1418, 'Brian', 'Baker', '592-7926807', 'brian.baker1418@email.com', '2011-01-01');
INSERT INTO passenger (person_id, id_number) VALUES (1418, 'GY-PASS-1418');
INSERT INTO person (person_id, first_name, last_name, phone, email, date_of_birth) VALUES (1419, 'Joseph', 'Gonzalez', '592-7346311', 'joseph.gonzalez1419@email.com', '1976-01-01');
INSERT INTO passenger (person_id, id_number) VALUES (1419, 'GY-PASS-1419');
INSERT INTO person (person_id, first_name, last_name, phone, email, date_of_birth) VALUES (1420, 'Kevin', 'Brown', '592-7054959', 'kevin.brown1420@email.com', '1979-01-01');
INSERT INTO passenger (person_id, id_number) VALUES (1420, 'GY-PASS-1420');
INSERT INTO person (person_id, first_name, last_name, phone, email, date_of_birth) VALUES (1421, 'Cynthia', 'Campbell', '592-7317364', 'cynthia.campbell1421@email.com', '1964-01-01');
INSERT INTO passenger (person_id, id_number) VALUES (1421, 'GY-PASS-1421');
INSERT INTO person (person_id, first_name, last_name, phone, email, date_of_birth) VALUES (1422, 'Anthony', 'Robinson', '592-6965843', 'anthony.robinson1422@email.com', '1987-01-01');
INSERT INTO passenger (person_id, id_number) VALUES (1422, 'GY-PASS-1422');
INSERT INTO person (person_id, first_name, last_name, phone, email, date_of_birth) VALUES (1423, 'Christopher', 'Wright', '592-6204739', 'christopher.wright1423@email.com', '1964-01-01');
INSERT INTO passenger (person_id, id_number) VALUES (1423, 'GY-PASS-1423');
INSERT INTO person (person_id, first_name, last_name, phone, email, date_of_birth) VALUES (1424, 'Donald', 'Rodriguez', '592-7072599', 'donald.rodriguez1424@email.com', '1985-01-01');
INSERT INTO passenger (person_id, id_number) VALUES (1424, 'GY-PASS-1424');
INSERT INTO person (person_id, first_name, last_name, phone, email, date_of_birth) VALUES (1425, 'Michael', 'Clark', '592-7709790', 'michael.clark1425@email.com', '1960-01-01');
INSERT INTO passenger (person_id, id_number) VALUES (1425, 'GY-PASS-1425');
INSERT INTO person (person_id, first_name, last_name, phone, email, date_of_birth) VALUES (1426, 'Susan', 'Edwards', '592-6193975', 'susan.edwards1426@email.com', '1956-01-01');
INSERT INTO passenger (person_id, id_number) VALUES (1426, 'GY-PASS-1426');
INSERT INTO person (person_id, first_name, last_name, phone, email, date_of_birth) VALUES (1427, 'Kenneth', 'Allen', '592-7137936', 'kenneth.allen1427@email.com', '1959-01-01');
INSERT INTO passenger (person_id, id_number) VALUES (1427, 'GY-PASS-1427');
INSERT INTO person (person_id, first_name, last_name, phone, email, date_of_birth) VALUES (1428, 'Margaret', 'Edwards', '592-7987240', 'margaret.edwards1428@email.com', '2012-01-01');
INSERT INTO passenger (person_id, id_number) VALUES (1428, 'GY-PASS-1428');
INSERT INTO person (person_id, first_name, last_name, phone, email, date_of_birth) VALUES (1429, 'Richard', 'Smith', '592-6912157', 'richard.smith1429@email.com', '1952-01-01');
INSERT INTO passenger (person_id, id_number) VALUES (1429, 'GY-PASS-1429');
INSERT INTO person (person_id, first_name, last_name, phone, email, date_of_birth) VALUES (1430, 'Daniel', 'Wright', '592-6219578', 'daniel.wright1430@email.com', '1975-01-01');
INSERT INTO passenger (person_id, id_number) VALUES (1430, 'GY-PASS-1430');
INSERT INTO person (person_id, first_name, last_name, phone, email, date_of_birth) VALUES (1431, 'Paul', 'Garcia', '592-7631169', 'paul.garcia1431@email.com', '1952-01-01');
INSERT INTO passenger (person_id, id_number) VALUES (1431, 'GY-PASS-1431');
INSERT INTO person (person_id, first_name, last_name, phone, email, date_of_birth) VALUES (1432, 'Kimberly', 'Thomas', '592-7747950', 'kimberly.thomas1432@email.com', '2000-01-01');
INSERT INTO passenger (person_id, id_number) VALUES (1432, 'GY-PASS-1432');
INSERT INTO person (person_id, first_name, last_name, phone, email, date_of_birth) VALUES (1433, 'Jennifer', 'Robinson', '592-7847907', 'jennifer.robinson1433@email.com', '1970-01-01');
INSERT INTO passenger (person_id, id_number) VALUES (1433, 'GY-PASS-1433');
INSERT INTO person (person_id, first_name, last_name, phone, email, date_of_birth) VALUES (1434, 'Sarah', 'Scott', '592-6228464', 'sarah.scott1434@email.com', '1977-01-01');
INSERT INTO passenger (person_id, id_number) VALUES (1434, 'GY-PASS-1434');
INSERT INTO person (person_id, first_name, last_name, phone, email, date_of_birth) VALUES (1435, 'Kenneth', 'Evans', '592-6517462', 'kenneth.evans1435@email.com', '1959-01-01');
INSERT INTO passenger (person_id, id_number) VALUES (1435, 'GY-PASS-1435');
INSERT INTO person (person_id, first_name, last_name, phone, email, date_of_birth) VALUES (1436, 'Steven', 'Clark', '592-6727985', 'steven.clark1436@email.com', '1993-01-01');
INSERT INTO passenger (person_id, id_number) VALUES (1436, 'GY-PASS-1436');
INSERT INTO person (person_id, first_name, last_name, phone, email, date_of_birth) VALUES (1437, 'Kenneth', 'Carter', '592-6917550', 'kenneth.carter1437@email.com', '1978-01-01');
INSERT INTO passenger (person_id, id_number) VALUES (1437, 'GY-PASS-1437');
INSERT INTO person (person_id, first_name, last_name, phone, email, date_of_birth) VALUES (1438, 'Jason', 'Jackson', '592-6002287', 'jason.jackson1438@email.com', '1993-01-01');
INSERT INTO passenger (person_id, id_number) VALUES (1438, 'GY-PASS-1438');
INSERT INTO person (person_id, first_name, last_name, phone, email, date_of_birth) VALUES (1439, 'Donna', 'Rogers', '592-6051070', 'donna.rogers1439@email.com', '1959-01-01');
INSERT INTO passenger (person_id, id_number) VALUES (1439, 'GY-PASS-1439');
INSERT INTO person (person_id, first_name, last_name, phone, email, date_of_birth) VALUES (1440, 'Anthony', 'Lewis', '592-7282448', 'anthony.lewis1440@email.com', '1987-01-01');
INSERT INTO passenger (person_id, id_number) VALUES (1440, 'GY-PASS-1440');
INSERT INTO person (person_id, first_name, last_name, phone, email, date_of_birth) VALUES (1441, 'Ryan', 'Baker', '592-7229471', 'ryan.baker1441@email.com', '1999-01-01');
INSERT INTO passenger (person_id, id_number) VALUES (1441, 'GY-PASS-1441');
INSERT INTO person (person_id, first_name, last_name, phone, email, date_of_birth) VALUES (1442, 'Jessica', 'Clark', '592-7923514', 'jessica.clark1442@email.com', '2007-01-01');
INSERT INTO passenger (person_id, id_number) VALUES (1442, 'GY-PASS-1442');
INSERT INTO person (person_id, first_name, last_name, phone, email, date_of_birth) VALUES (1443, 'Lisa', 'Phillips', '592-7703423', 'lisa.phillips1443@email.com', '2000-01-01');
INSERT INTO passenger (person_id, id_number) VALUES (1443, 'GY-PASS-1443');
INSERT INTO person (person_id, first_name, last_name, phone, email, date_of_birth) VALUES (1444, 'Ryan', 'Thomas', '592-7113377', 'ryan.thomas1444@email.com', '2005-01-01');
INSERT INTO passenger (person_id, id_number) VALUES (1444, 'GY-PASS-1444');
INSERT INTO person (person_id, first_name, last_name, phone, email, date_of_birth) VALUES (1445, 'Daniel', 'Collins', '592-7229290', 'daniel.collins1445@email.com', '2007-01-01');
INSERT INTO passenger (person_id, id_number) VALUES (1445, 'GY-PASS-1445');
INSERT INTO person (person_id, first_name, last_name, phone, email, date_of_birth) VALUES (1446, 'Michael', 'Thompson', '592-7498509', 'michael.thompson1446@email.com', '1962-01-01');
INSERT INTO passenger (person_id, id_number) VALUES (1446, 'GY-PASS-1446');
INSERT INTO person (person_id, first_name, last_name, phone, email, date_of_birth) VALUES (1447, 'Susan', 'Carter', '592-7312076', 'susan.carter1447@email.com', '1965-01-01');
INSERT INTO passenger (person_id, id_number) VALUES (1447, 'GY-PASS-1447');
INSERT INTO person (person_id, first_name, last_name, phone, email, date_of_birth) VALUES (1448, 'Rebecca', 'Lewis', '592-7655445', 'rebecca.lewis1448@email.com', '1985-01-01');
INSERT INTO passenger (person_id, id_number) VALUES (1448, 'GY-PASS-1448');
INSERT INTO person (person_id, first_name, last_name, phone, email, date_of_birth) VALUES (1449, 'Kenneth', 'Rogers', '592-6855261', 'kenneth.rogers1449@email.com', '1950-01-01');
INSERT INTO passenger (person_id, id_number) VALUES (1449, 'GY-PASS-1449');
INSERT INTO person (person_id, first_name, last_name, phone, email, date_of_birth) VALUES (1450, 'Ryan', 'Nelson', '592-7921207', 'ryan.nelson1450@email.com', '1951-01-01');
INSERT INTO passenger (person_id, id_number) VALUES (1450, 'GY-PASS-1450');
INSERT INTO person (person_id, first_name, last_name, phone, email, date_of_birth) VALUES (1451, 'Jennifer', 'Rodriguez', '592-7191417', 'jennifer.rodriguez1451@email.com', '1991-01-01');
INSERT INTO passenger (person_id, id_number) VALUES (1451, 'GY-PASS-1451');
INSERT INTO person (person_id, first_name, last_name, phone, email, date_of_birth) VALUES (1452, 'Joseph', 'Morgan', '592-6738690', 'joseph.morgan1452@email.com', '2002-01-01');
INSERT INTO passenger (person_id, id_number) VALUES (1452, 'GY-PASS-1452');
INSERT INTO person (person_id, first_name, last_name, phone, email, date_of_birth) VALUES (1453, 'Joseph', 'Davis', '592-6576437', 'joseph.davis1453@email.com', '1975-01-01');
INSERT INTO passenger (person_id, id_number) VALUES (1453, 'GY-PASS-1453');
INSERT INTO person (person_id, first_name, last_name, phone, email, date_of_birth) VALUES (1454, 'Linda', 'White', '592-6516160', 'linda.white1454@email.com', '1971-01-01');
INSERT INTO passenger (person_id, id_number) VALUES (1454, 'GY-PASS-1454');
INSERT INTO person (person_id, first_name, last_name, phone, email, date_of_birth) VALUES (1455, 'John', 'Jones', '592-7809407', 'john.jones1455@email.com', '2004-01-01');
INSERT INTO passenger (person_id, id_number) VALUES (1455, 'GY-PASS-1455');
INSERT INTO person (person_id, first_name, last_name, phone, email, date_of_birth) VALUES (1456, 'Thomas', 'Lewis', '592-6351919', 'thomas.lewis1456@email.com', '1983-01-01');
INSERT INTO passenger (person_id, id_number) VALUES (1456, 'GY-PASS-1456');
INSERT INTO person (person_id, first_name, last_name, phone, email, date_of_birth) VALUES (1457, 'James', 'White', '592-7142465', 'james.white1457@email.com', '2015-01-01');
INSERT INTO passenger (person_id, id_number) VALUES (1457, 'GY-PASS-1457');
INSERT INTO person (person_id, first_name, last_name, phone, email, date_of_birth) VALUES (1458, 'Timothy', 'Bell', '592-7277597', 'timothy.bell1458@email.com', '2003-01-01');
INSERT INTO passenger (person_id, id_number) VALUES (1458, 'GY-PASS-1458');
INSERT INTO person (person_id, first_name, last_name, phone, email, date_of_birth) VALUES (1459, 'John', 'Phillips', '592-7664224', 'john.phillips1459@email.com', '2003-01-01');
INSERT INTO passenger (person_id, id_number) VALUES (1459, 'GY-PASS-1459');
INSERT INTO person (person_id, first_name, last_name, phone, email, date_of_birth) VALUES (1460, 'Jeffrey', 'Taylor', '592-7205581', 'jeffrey.taylor1460@email.com', '1974-01-01');
INSERT INTO passenger (person_id, id_number) VALUES (1460, 'GY-PASS-1460');
INSERT INTO person (person_id, first_name, last_name, phone, email, date_of_birth) VALUES (1461, 'Cynthia', 'Miller', '592-6161192', 'cynthia.miller1461@email.com', '1968-01-01');
INSERT INTO passenger (person_id, id_number) VALUES (1461, 'GY-PASS-1461');
INSERT INTO person (person_id, first_name, last_name, phone, email, date_of_birth) VALUES (1462, 'Ashley', 'Persaud', '592-6003389', 'ashley.persaud1462@email.com', '1975-01-01');
INSERT INTO passenger (person_id, id_number) VALUES (1462, 'GY-PASS-1462');
INSERT INTO person (person_id, first_name, last_name, phone, email, date_of_birth) VALUES (1463, 'Timothy', 'Garcia', '592-6643060', 'timothy.garcia1463@email.com', '1999-01-01');
INSERT INTO passenger (person_id, id_number) VALUES (1463, 'GY-PASS-1463');
INSERT INTO person (person_id, first_name, last_name, phone, email, date_of_birth) VALUES (1464, 'Christopher', 'Hill', '592-7418577', 'christopher.hill1464@email.com', '1992-01-01');
INSERT INTO passenger (person_id, id_number) VALUES (1464, 'GY-PASS-1464');
INSERT INTO person (person_id, first_name, last_name, phone, email, date_of_birth) VALUES (1465, 'Patricia', 'Hall', '592-7476360', 'patricia.hall1465@email.com', '1958-01-01');
INSERT INTO passenger (person_id, id_number) VALUES (1465, 'GY-PASS-1465');
INSERT INTO person (person_id, first_name, last_name, phone, email, date_of_birth) VALUES (1466, 'Edward', 'Perez', '592-7139226', 'edward.perez1466@email.com', '1999-01-01');
INSERT INTO passenger (person_id, id_number) VALUES (1466, 'GY-PASS-1466');
INSERT INTO person (person_id, first_name, last_name, phone, email, date_of_birth) VALUES (1467, 'James', 'Lewis', '592-6891760', 'james.lewis1467@email.com', '1998-01-01');
INSERT INTO passenger (person_id, id_number) VALUES (1467, 'GY-PASS-1467');
INSERT INTO person (person_id, first_name, last_name, phone, email, date_of_birth) VALUES (1468, 'John', 'Green', '592-7699479', 'john.green1468@email.com', '2003-01-01');
INSERT INTO passenger (person_id, id_number) VALUES (1468, 'GY-PASS-1468');
INSERT INTO person (person_id, first_name, last_name, phone, email, date_of_birth) VALUES (1469, 'Ronald', 'Allen', '592-6348537', 'ronald.allen1469@email.com', '1972-01-01');
INSERT INTO passenger (person_id, id_number) VALUES (1469, 'GY-PASS-1469');
INSERT INTO person (person_id, first_name, last_name, phone, email, date_of_birth) VALUES (1470, 'Sharon', 'Jones', '592-6508442', 'sharon.jones1470@email.com', '2008-01-01');
INSERT INTO passenger (person_id, id_number) VALUES (1470, 'GY-PASS-1470');
INSERT INTO person (person_id, first_name, last_name, phone, email, date_of_birth) VALUES (1471, 'Jessica', 'Miller', '592-7921615', 'jessica.miller1471@email.com', '1971-01-01');
INSERT INTO passenger (person_id, id_number) VALUES (1471, 'GY-PASS-1471');
INSERT INTO person (person_id, first_name, last_name, phone, email, date_of_birth) VALUES (1472, 'Thomas', 'Williams', '592-7035277', 'thomas.williams1472@email.com', '1988-01-01');
INSERT INTO passenger (person_id, id_number) VALUES (1472, 'GY-PASS-1472');
INSERT INTO person (person_id, first_name, last_name, phone, email, date_of_birth) VALUES (1473, 'Betty', 'Evans', '592-6923705', 'betty.evans1473@email.com', '1957-01-01');
INSERT INTO passenger (person_id, id_number) VALUES (1473, 'GY-PASS-1473');
INSERT INTO person (person_id, first_name, last_name, phone, email, date_of_birth) VALUES (1474, 'Kimberly', 'Hall', '592-7447013', 'kimberly.hall1474@email.com', '2006-01-01');
INSERT INTO passenger (person_id, id_number) VALUES (1474, 'GY-PASS-1474');
INSERT INTO person (person_id, first_name, last_name, phone, email, date_of_birth) VALUES (1475, 'Linda', 'Robinson', '592-7075438', 'linda.robinson1475@email.com', '1990-01-01');
INSERT INTO passenger (person_id, id_number) VALUES (1475, 'GY-PASS-1475');
INSERT INTO person (person_id, first_name, last_name, phone, email, date_of_birth) VALUES (1476, 'Betty', 'Campbell', '592-7744405', 'betty.campbell1476@email.com', '2006-01-01');
INSERT INTO passenger (person_id, id_number) VALUES (1476, 'GY-PASS-1476');
INSERT INTO person (person_id, first_name, last_name, phone, email, date_of_birth) VALUES (1477, 'Elizabeth', 'Hernandez', '592-6712070', 'elizabeth.hernandez1477@email.com', '1984-01-01');
INSERT INTO passenger (person_id, id_number) VALUES (1477, 'GY-PASS-1477');
INSERT INTO person (person_id, first_name, last_name, phone, email, date_of_birth) VALUES (1478, 'Brian', 'Brown', '592-7929505', 'brian.brown1478@email.com', '1961-01-01');
INSERT INTO passenger (person_id, id_number) VALUES (1478, 'GY-PASS-1478');
INSERT INTO person (person_id, first_name, last_name, phone, email, date_of_birth) VALUES (1479, 'Lisa', 'Hall', '592-7456264', 'lisa.hall1479@email.com', '1994-01-01');
INSERT INTO passenger (person_id, id_number) VALUES (1479, 'GY-PASS-1479');
INSERT INTO person (person_id, first_name, last_name, phone, email, date_of_birth) VALUES (1480, 'Amanda', 'Persaud', '592-7788017', 'amanda.persaud1480@email.com', '1971-01-01');
INSERT INTO passenger (person_id, id_number) VALUES (1480, 'GY-PASS-1480');
INSERT INTO person (person_id, first_name, last_name, phone, email, date_of_birth) VALUES (1481, 'Andrew', 'Carter', '592-7761763', 'andrew.carter1481@email.com', '1975-01-01');
INSERT INTO passenger (person_id, id_number) VALUES (1481, 'GY-PASS-1481');
INSERT INTO person (person_id, first_name, last_name, phone, email, date_of_birth) VALUES (1482, 'Robert', 'Roberts', '592-6438600', 'robert.roberts1482@email.com', '1955-01-01');
INSERT INTO passenger (person_id, id_number) VALUES (1482, 'GY-PASS-1482');
INSERT INTO person (person_id, first_name, last_name, phone, email, date_of_birth) VALUES (1483, 'Joshua', 'Turner', '592-6922558', 'joshua.turner1483@email.com', '2002-01-01');
INSERT INTO passenger (person_id, id_number) VALUES (1483, 'GY-PASS-1483');
INSERT INTO person (person_id, first_name, last_name, phone, email, date_of_birth) VALUES (1484, 'Lisa', 'Smith', '592-6721058', 'lisa.smith1484@email.com', '1999-01-01');
INSERT INTO passenger (person_id, id_number) VALUES (1484, 'GY-PASS-1484');
INSERT INTO person (person_id, first_name, last_name, phone, email, date_of_birth) VALUES (1485, 'Kimberly', 'Scott', '592-6402114', 'kimberly.scott1485@email.com', '1986-01-01');
INSERT INTO passenger (person_id, id_number) VALUES (1485, 'GY-PASS-1485');
INSERT INTO person (person_id, first_name, last_name, phone, email, date_of_birth) VALUES (1486, 'Christopher', 'Allen', '592-7101232', 'christopher.allen1486@email.com', '2012-01-01');
INSERT INTO passenger (person_id, id_number) VALUES (1486, 'GY-PASS-1486');
INSERT INTO person (person_id, first_name, last_name, phone, email, date_of_birth) VALUES (1487, 'George', 'Morris', '592-7154700', 'george.morris1487@email.com', '2015-01-01');
INSERT INTO passenger (person_id, id_number) VALUES (1487, 'GY-PASS-1487');
INSERT INTO person (person_id, first_name, last_name, phone, email, date_of_birth) VALUES (1488, 'Joseph', 'Martinez', '592-7047219', 'joseph.martinez1488@email.com', '1962-01-01');
INSERT INTO passenger (person_id, id_number) VALUES (1488, 'GY-PASS-1488');
INSERT INTO person (person_id, first_name, last_name, phone, email, date_of_birth) VALUES (1489, 'Ashley', 'Evans', '592-6535270', 'ashley.evans1489@email.com', '1991-01-01');
INSERT INTO passenger (person_id, id_number) VALUES (1489, 'GY-PASS-1489');
INSERT INTO person (person_id, first_name, last_name, phone, email, date_of_birth) VALUES (1490, 'Laura', 'White', '592-6892416', 'laura.white1490@email.com', '2007-01-01');
INSERT INTO passenger (person_id, id_number) VALUES (1490, 'GY-PASS-1490');
INSERT INTO person (person_id, first_name, last_name, phone, email, date_of_birth) VALUES (1491, 'Kevin', 'Moore', '592-7708456', 'kevin.moore1491@email.com', '1955-01-01');
INSERT INTO passenger (person_id, id_number) VALUES (1491, 'GY-PASS-1491');
INSERT INTO person (person_id, first_name, last_name, phone, email, date_of_birth) VALUES (1492, 'Linda', 'Walker', '592-6668802', 'linda.walker1492@email.com', '1986-01-01');
INSERT INTO passenger (person_id, id_number) VALUES (1492, 'GY-PASS-1492');
INSERT INTO person (person_id, first_name, last_name, phone, email, date_of_birth) VALUES (1493, 'Steven', 'Reed', '592-7429082', 'steven.reed1493@email.com', '1994-01-01');
INSERT INTO passenger (person_id, id_number) VALUES (1493, 'GY-PASS-1493');
INSERT INTO person (person_id, first_name, last_name, phone, email, date_of_birth) VALUES (1494, 'Jason', 'Moore', '592-7765248', 'jason.moore1494@email.com', '1983-01-01');
INSERT INTO passenger (person_id, id_number) VALUES (1494, 'GY-PASS-1494');
INSERT INTO person (person_id, first_name, last_name, phone, email, date_of_birth) VALUES (1495, 'Emily', 'Miller', '592-7645077', 'emily.miller1495@email.com', '1956-01-01');
INSERT INTO passenger (person_id, id_number) VALUES (1495, 'GY-PASS-1495');
INSERT INTO person (person_id, first_name, last_name, phone, email, date_of_birth) VALUES (1496, 'Robert', 'Morris', '592-7787708', 'robert.morris1496@email.com', '1967-01-01');
INSERT INTO passenger (person_id, id_number) VALUES (1496, 'GY-PASS-1496');
INSERT INTO person (person_id, first_name, last_name, phone, email, date_of_birth) VALUES (1497, 'Emily', 'Williams', '592-7888736', 'emily.williams1497@email.com', '1993-01-01');
INSERT INTO passenger (person_id, id_number) VALUES (1497, 'GY-PASS-1497');
INSERT INTO person (person_id, first_name, last_name, phone, email, date_of_birth) VALUES (1498, 'Kevin', 'Harris', '592-6347260', 'kevin.harris1498@email.com', '2007-01-01');
INSERT INTO passenger (person_id, id_number) VALUES (1498, 'GY-PASS-1498');
INSERT INTO person (person_id, first_name, last_name, phone, email, date_of_birth) VALUES (1499, 'Rebecca', 'Lewis', '592-7051231', 'rebecca.lewis1499@email.com', '1965-01-01');
INSERT INTO passenger (person_id, id_number) VALUES (1499, 'GY-PASS-1499');
INSERT INTO person (person_id, first_name, last_name, phone, email, date_of_birth) VALUES (1500, 'Cynthia', 'Brown', '592-6574959', 'cynthia.brown1500@email.com', '1996-01-01');
INSERT INTO passenger (person_id, id_number) VALUES (1500, 'GY-PASS-1500');
INSERT INTO person (person_id, first_name, last_name, phone, email, date_of_birth) VALUES (1501, 'Nancy', 'Cook', '592-7443646', 'nancy.cook1501@email.com', '1975-01-01');
INSERT INTO passenger (person_id, id_number) VALUES (1501, 'GY-PASS-1501');
INSERT INTO person (person_id, first_name, last_name, phone, email, date_of_birth) VALUES (1502, 'Jessica', 'Baker', '592-6267908', 'jessica.baker1502@email.com', '1987-01-01');
INSERT INTO passenger (person_id, id_number) VALUES (1502, 'GY-PASS-1502');
INSERT INTO person (person_id, first_name, last_name, phone, email, date_of_birth) VALUES (1503, 'James', 'Thompson', '592-6363331', 'james.thompson1503@email.com', '1992-01-01');
INSERT INTO passenger (person_id, id_number) VALUES (1503, 'GY-PASS-1503');
INSERT INTO person (person_id, first_name, last_name, phone, email, date_of_birth) VALUES (1504, 'Steven', 'Taylor', '592-6482608', 'steven.taylor1504@email.com', '2015-01-01');
INSERT INTO passenger (person_id, id_number) VALUES (1504, 'GY-PASS-1504');
INSERT INTO person (person_id, first_name, last_name, phone, email, date_of_birth) VALUES (1505, 'Sarah', 'Parker', '592-6772097', 'sarah.parker1505@email.com', '1990-01-01');
INSERT INTO passenger (person_id, id_number) VALUES (1505, 'GY-PASS-1505');
INSERT INTO person (person_id, first_name, last_name, phone, email, date_of_birth) VALUES (1506, 'Margaret', 'Young', '592-6057249', 'margaret.young1506@email.com', '2002-01-01');
INSERT INTO passenger (person_id, id_number) VALUES (1506, 'GY-PASS-1506');
INSERT INTO person (person_id, first_name, last_name, phone, email, date_of_birth) VALUES (1507, 'Robert', 'Cook', '592-6812825', 'robert.cook1507@email.com', '2000-01-01');
INSERT INTO passenger (person_id, id_number) VALUES (1507, 'GY-PASS-1507');
INSERT INTO person (person_id, first_name, last_name, phone, email, date_of_birth) VALUES (1508, 'Linda', 'Taylor', '592-7374047', 'linda.taylor1508@email.com', '2015-01-01');
INSERT INTO passenger (person_id, id_number) VALUES (1508, 'GY-PASS-1508');
INSERT INTO person (person_id, first_name, last_name, phone, email, date_of_birth) VALUES (1509, 'Laura', 'Turner', '592-7224333', 'laura.turner1509@email.com', '1954-01-01');
INSERT INTO passenger (person_id, id_number) VALUES (1509, 'GY-PASS-1509');
INSERT INTO person (person_id, first_name, last_name, phone, email, date_of_birth) VALUES (1510, 'George', 'Morris', '592-7834235', 'george.morris1510@email.com', '1981-01-01');
INSERT INTO passenger (person_id, id_number) VALUES (1510, 'GY-PASS-1510');
INSERT INTO person (person_id, first_name, last_name, phone, email, date_of_birth) VALUES (1511, 'Joseph', 'Williams', '592-6191109', 'joseph.williams1511@email.com', '1962-01-01');
INSERT INTO passenger (person_id, id_number) VALUES (1511, 'GY-PASS-1511');
INSERT INTO person (person_id, first_name, last_name, phone, email, date_of_birth) VALUES (1512, 'Susan', 'Allen', '592-6345086', 'susan.allen1512@email.com', '2002-01-01');
INSERT INTO passenger (person_id, id_number) VALUES (1512, 'GY-PASS-1512');
INSERT INTO person (person_id, first_name, last_name, phone, email, date_of_birth) VALUES (1513, 'Amanda', 'Roberts', '592-6298726', 'amanda.roberts1513@email.com', '1990-01-01');
INSERT INTO passenger (person_id, id_number) VALUES (1513, 'GY-PASS-1513');
INSERT INTO person (person_id, first_name, last_name, phone, email, date_of_birth) VALUES (1514, 'James', 'Morris', '592-6505372', 'james.morris1514@email.com', '1980-01-01');
INSERT INTO passenger (person_id, id_number) VALUES (1514, 'GY-PASS-1514');
INSERT INTO person (person_id, first_name, last_name, phone, email, date_of_birth) VALUES (1515, 'Joshua', 'Hall', '592-7514271', 'joshua.hall1515@email.com', '1981-01-01');
INSERT INTO passenger (person_id, id_number) VALUES (1515, 'GY-PASS-1515');
INSERT INTO person (person_id, first_name, last_name, phone, email, date_of_birth) VALUES (1516, 'Daniel', 'Phillips', '592-6926067', 'daniel.phillips1516@email.com', '1964-01-01');
INSERT INTO passenger (person_id, id_number) VALUES (1516, 'GY-PASS-1516');
INSERT INTO person (person_id, first_name, last_name, phone, email, date_of_birth) VALUES (1517, 'Kevin', 'Bell', '592-6229203', 'kevin.bell1517@email.com', '1975-01-01');
INSERT INTO passenger (person_id, id_number) VALUES (1517, 'GY-PASS-1517');
INSERT INTO person (person_id, first_name, last_name, phone, email, date_of_birth) VALUES (1518, 'Timothy', 'Morgan', '592-7599558', 'timothy.morgan1518@email.com', '1987-01-01');
INSERT INTO passenger (person_id, id_number) VALUES (1518, 'GY-PASS-1518');
INSERT INTO person (person_id, first_name, last_name, phone, email, date_of_birth) VALUES (1519, 'Ronald', 'Garcia', '592-7661781', 'ronald.garcia1519@email.com', '1961-01-01');
INSERT INTO passenger (person_id, id_number) VALUES (1519, 'GY-PASS-1519');
INSERT INTO person (person_id, first_name, last_name, phone, email, date_of_birth) VALUES (1520, 'Christopher', 'Morgan', '592-6111051', 'christopher.morgan1520@email.com', '1953-01-01');
INSERT INTO passenger (person_id, id_number) VALUES (1520, 'GY-PASS-1520');
INSERT INTO person (person_id, first_name, last_name, phone, email, date_of_birth) VALUES (1521, 'Margaret', 'Edwards', '592-6337850', 'margaret.edwards1521@email.com', '1976-01-01');
INSERT INTO passenger (person_id, id_number) VALUES (1521, 'GY-PASS-1521');
INSERT INTO person (person_id, first_name, last_name, phone, email, date_of_birth) VALUES (1522, 'Richard', 'Miller', '592-6794621', 'richard.miller1522@email.com', '1952-01-01');
INSERT INTO passenger (person_id, id_number) VALUES (1522, 'GY-PASS-1522');
INSERT INTO person (person_id, first_name, last_name, phone, email, date_of_birth) VALUES (1523, 'Sandra', 'Carter', '592-6193046', 'sandra.carter1523@email.com', '1969-01-01');
INSERT INTO passenger (person_id, id_number) VALUES (1523, 'GY-PASS-1523');
INSERT INTO person (person_id, first_name, last_name, phone, email, date_of_birth) VALUES (1524, 'Donald', 'Sanchez', '592-7647738', 'donald.sanchez1524@email.com', '1964-01-01');
INSERT INTO passenger (person_id, id_number) VALUES (1524, 'GY-PASS-1524');
INSERT INTO person (person_id, first_name, last_name, phone, email, date_of_birth) VALUES (1525, 'Kathleen', 'Singh', '592-6354849', 'kathleen.singh1525@email.com', '2001-01-01');
INSERT INTO passenger (person_id, id_number) VALUES (1525, 'GY-PASS-1525');
INSERT INTO person (person_id, first_name, last_name, phone, email, date_of_birth) VALUES (1526, 'Steven', 'Scott', '592-7646505', 'steven.scott1526@email.com', '2012-01-01');
INSERT INTO passenger (person_id, id_number) VALUES (1526, 'GY-PASS-1526');
INSERT INTO person (person_id, first_name, last_name, phone, email, date_of_birth) VALUES (1527, 'George', 'Hall', '592-6905551', 'george.hall1527@email.com', '2001-01-01');
INSERT INTO passenger (person_id, id_number) VALUES (1527, 'GY-PASS-1527');
INSERT INTO person (person_id, first_name, last_name, phone, email, date_of_birth) VALUES (1528, 'Ryan', 'Garcia', '592-6035707', 'ryan.garcia1528@email.com', '1997-01-01');
INSERT INTO passenger (person_id, id_number) VALUES (1528, 'GY-PASS-1528');
INSERT INTO person (person_id, first_name, last_name, phone, email, date_of_birth) VALUES (1529, 'Carol', 'Bell', '592-6796496', 'carol.bell1529@email.com', '1996-01-01');
INSERT INTO passenger (person_id, id_number) VALUES (1529, 'GY-PASS-1529');
INSERT INTO person (person_id, first_name, last_name, phone, email, date_of_birth) VALUES (1530, 'Jessica', 'Robinson', '592-6036494', 'jessica.robinson1530@email.com', '1990-01-01');
INSERT INTO passenger (person_id, id_number) VALUES (1530, 'GY-PASS-1530');
INSERT INTO person (person_id, first_name, last_name, phone, email, date_of_birth) VALUES (1531, 'Kimberly', 'Martin', '592-6856514', 'kimberly.martin1531@email.com', '1966-01-01');
INSERT INTO passenger (person_id, id_number) VALUES (1531, 'GY-PASS-1531');
INSERT INTO person (person_id, first_name, last_name, phone, email, date_of_birth) VALUES (1532, 'Christopher', 'Persaud', '592-7581346', 'christopher.persaud1532@email.com', '2007-01-01');
INSERT INTO passenger (person_id, id_number) VALUES (1532, 'GY-PASS-1532');
INSERT INTO person (person_id, first_name, last_name, phone, email, date_of_birth) VALUES (1533, 'Timothy', 'Taylor', '592-7362178', 'timothy.taylor1533@email.com', '1955-01-01');
INSERT INTO passenger (person_id, id_number) VALUES (1533, 'GY-PASS-1533');
INSERT INTO person (person_id, first_name, last_name, phone, email, date_of_birth) VALUES (1534, 'Jessica', 'Lee', '592-7489005', 'jessica.lee1534@email.com', '1999-01-01');
INSERT INTO passenger (person_id, id_number) VALUES (1534, 'GY-PASS-1534');
INSERT INTO person (person_id, first_name, last_name, phone, email, date_of_birth) VALUES (1535, 'Jessica', 'Scott', '592-7415028', 'jessica.scott1535@email.com', '1959-01-01');
INSERT INTO passenger (person_id, id_number) VALUES (1535, 'GY-PASS-1535');
INSERT INTO person (person_id, first_name, last_name, phone, email, date_of_birth) VALUES (1536, 'Lisa', 'Bell', '592-6354354', 'lisa.bell1536@email.com', '1995-01-01');
INSERT INTO passenger (person_id, id_number) VALUES (1536, 'GY-PASS-1536');
INSERT INTO person (person_id, first_name, last_name, phone, email, date_of_birth) VALUES (1537, 'Robert', 'Anderson', '592-6289931', 'robert.anderson1537@email.com', '1977-01-01');
INSERT INTO passenger (person_id, id_number) VALUES (1537, 'GY-PASS-1537');
INSERT INTO person (person_id, first_name, last_name, phone, email, date_of_birth) VALUES (1538, 'Christopher', 'King', '592-6219257', 'christopher.king1538@email.com', '1973-01-01');
INSERT INTO passenger (person_id, id_number) VALUES (1538, 'GY-PASS-1538');
INSERT INTO person (person_id, first_name, last_name, phone, email, date_of_birth) VALUES (1539, 'Anthony', 'Lopez', '592-6244043', 'anthony.lopez1539@email.com', '1954-01-01');
INSERT INTO passenger (person_id, id_number) VALUES (1539, 'GY-PASS-1539');
INSERT INTO person (person_id, first_name, last_name, phone, email, date_of_birth) VALUES (1540, 'Ronald', 'Rogers', '592-7719276', 'ronald.rogers1540@email.com', '1958-01-01');
INSERT INTO passenger (person_id, id_number) VALUES (1540, 'GY-PASS-1540');
INSERT INTO person (person_id, first_name, last_name, phone, email, date_of_birth) VALUES (1541, 'Jennifer', 'Edwards', '592-7748676', 'jennifer.edwards1541@email.com', '1972-01-01');
INSERT INTO passenger (person_id, id_number) VALUES (1541, 'GY-PASS-1541');
INSERT INTO person (person_id, first_name, last_name, phone, email, date_of_birth) VALUES (1542, 'Dorothy', 'Phillips', '592-7288114', 'dorothy.phillips1542@email.com', '1993-01-01');
INSERT INTO passenger (person_id, id_number) VALUES (1542, 'GY-PASS-1542');
INSERT INTO person (person_id, first_name, last_name, phone, email, date_of_birth) VALUES (1543, 'Betty', 'Martinez', '592-7833500', 'betty.martinez1543@email.com', '1960-01-01');
INSERT INTO passenger (person_id, id_number) VALUES (1543, 'GY-PASS-1543');
INSERT INTO person (person_id, first_name, last_name, phone, email, date_of_birth) VALUES (1544, 'Rebecca', 'Hernandez', '592-6232006', 'rebecca.hernandez1544@email.com', '2007-01-01');
INSERT INTO passenger (person_id, id_number) VALUES (1544, 'GY-PASS-1544');
INSERT INTO person (person_id, first_name, last_name, phone, email, date_of_birth) VALUES (1545, 'Mary', 'Lewis', '592-6717591', 'mary.lewis1545@email.com', '1950-01-01');
INSERT INTO passenger (person_id, id_number) VALUES (1545, 'GY-PASS-1545');
INSERT INTO person (person_id, first_name, last_name, phone, email, date_of_birth) VALUES (1546, 'Ashley', 'Baker', '592-6307154', 'ashley.baker1546@email.com', '1990-01-01');
INSERT INTO passenger (person_id, id_number) VALUES (1546, 'GY-PASS-1546');
INSERT INTO person (person_id, first_name, last_name, phone, email, date_of_birth) VALUES (1547, 'Donna', 'Robinson', '592-7991284', 'donna.robinson1547@email.com', '1999-01-01');
INSERT INTO passenger (person_id, id_number) VALUES (1547, 'GY-PASS-1547');
INSERT INTO person (person_id, first_name, last_name, phone, email, date_of_birth) VALUES (1548, 'Karen', 'Lee', '592-6814487', 'karen.lee1548@email.com', '1978-01-01');
INSERT INTO passenger (person_id, id_number) VALUES (1548, 'GY-PASS-1548');
INSERT INTO person (person_id, first_name, last_name, phone, email, date_of_birth) VALUES (1549, 'Mary', 'Taylor', '592-7311217', 'mary.taylor1549@email.com', '1967-01-01');
INSERT INTO passenger (person_id, id_number) VALUES (1549, 'GY-PASS-1549');
INSERT INTO person (person_id, first_name, last_name, phone, email, date_of_birth) VALUES (1550, 'Sharon', 'Clark', '592-7469614', 'sharon.clark1550@email.com', '1963-01-01');
INSERT INTO passenger (person_id, id_number) VALUES (1550, 'GY-PASS-1550');
INSERT INTO person (person_id, first_name, last_name, phone, email, date_of_birth) VALUES (1551, 'Margaret', 'Reed', '592-7558761', 'margaret.reed1551@email.com', '1992-01-01');
INSERT INTO passenger (person_id, id_number) VALUES (1551, 'GY-PASS-1551');
INSERT INTO person (person_id, first_name, last_name, phone, email, date_of_birth) VALUES (1552, 'Deborah', 'Allen', '592-7278200', 'deborah.allen1552@email.com', '1979-01-01');
INSERT INTO passenger (person_id, id_number) VALUES (1552, 'GY-PASS-1552');
INSERT INTO person (person_id, first_name, last_name, phone, email, date_of_birth) VALUES (1553, 'Sharon', 'Lee', '592-6272040', 'sharon.lee1553@email.com', '1988-01-01');
INSERT INTO passenger (person_id, id_number) VALUES (1553, 'GY-PASS-1553');
INSERT INTO person (person_id, first_name, last_name, phone, email, date_of_birth) VALUES (1554, 'Patricia', 'Lewis', '592-7429561', 'patricia.lewis1554@email.com', '1995-01-01');
INSERT INTO passenger (person_id, id_number) VALUES (1554, 'GY-PASS-1554');
INSERT INTO person (person_id, first_name, last_name, phone, email, date_of_birth) VALUES (1555, 'Ronald', 'Harris', '592-7634976', 'ronald.harris1555@email.com', '1953-01-01');
INSERT INTO passenger (person_id, id_number) VALUES (1555, 'GY-PASS-1555');
INSERT INTO person (person_id, first_name, last_name, phone, email, date_of_birth) VALUES (1556, 'Michael', 'Baker', '592-7933421', 'michael.baker1556@email.com', '2008-01-01');
INSERT INTO passenger (person_id, id_number) VALUES (1556, 'GY-PASS-1556');
INSERT INTO person (person_id, first_name, last_name, phone, email, date_of_birth) VALUES (1557, 'Daniel', 'Stewart', '592-7361031', 'daniel.stewart1557@email.com', '1963-01-01');
INSERT INTO passenger (person_id, id_number) VALUES (1557, 'GY-PASS-1557');
INSERT INTO person (person_id, first_name, last_name, phone, email, date_of_birth) VALUES (1558, 'Sarah', 'Allen', '592-6873726', 'sarah.allen1558@email.com', '1990-01-01');
INSERT INTO passenger (person_id, id_number) VALUES (1558, 'GY-PASS-1558');
INSERT INTO person (person_id, first_name, last_name, phone, email, date_of_birth) VALUES (1559, 'Paul', 'Martinez', '592-7388953', 'paul.martinez1559@email.com', '1963-01-01');
INSERT INTO passenger (person_id, id_number) VALUES (1559, 'GY-PASS-1559');
INSERT INTO person (person_id, first_name, last_name, phone, email, date_of_birth) VALUES (1560, 'Stephanie', 'Williams', '592-6919488', 'stephanie.williams1560@email.com', '1973-01-01');
INSERT INTO passenger (person_id, id_number) VALUES (1560, 'GY-PASS-1560');
INSERT INTO person (person_id, first_name, last_name, phone, email, date_of_birth) VALUES (1561, 'James', 'King', '592-6251659', 'james.king1561@email.com', '1954-01-01');
INSERT INTO passenger (person_id, id_number) VALUES (1561, 'GY-PASS-1561');
INSERT INTO person (person_id, first_name, last_name, phone, email, date_of_birth) VALUES (1562, 'George', 'Wilson', '592-6151530', 'george.wilson1562@email.com', '1997-01-01');
INSERT INTO passenger (person_id, id_number) VALUES (1562, 'GY-PASS-1562');
INSERT INTO person (person_id, first_name, last_name, phone, email, date_of_birth) VALUES (1563, 'William', 'Bell', '592-6206822', 'william.bell1563@email.com', '1980-01-01');
INSERT INTO passenger (person_id, id_number) VALUES (1563, 'GY-PASS-1563');
INSERT INTO person (person_id, first_name, last_name, phone, email, date_of_birth) VALUES (1564, 'Jeffrey', 'Wright', '592-7286890', 'jeffrey.wright1564@email.com', '1965-01-01');
INSERT INTO passenger (person_id, id_number) VALUES (1564, 'GY-PASS-1564');
INSERT INTO person (person_id, first_name, last_name, phone, email, date_of_birth) VALUES (1565, 'Sandra', 'Taylor', '592-6895169', 'sandra.taylor1565@email.com', '1985-01-01');
INSERT INTO passenger (person_id, id_number) VALUES (1565, 'GY-PASS-1565');
INSERT INTO person (person_id, first_name, last_name, phone, email, date_of_birth) VALUES (1566, 'Lisa', 'Thompson', '592-6228258', 'lisa.thompson1566@email.com', '1982-01-01');
INSERT INTO passenger (person_id, id_number) VALUES (1566, 'GY-PASS-1566');
INSERT INTO person (person_id, first_name, last_name, phone, email, date_of_birth) VALUES (1567, 'Matthew', 'Anderson', '592-7631814', 'matthew.anderson1567@email.com', '2014-01-01');
INSERT INTO passenger (person_id, id_number) VALUES (1567, 'GY-PASS-1567');
INSERT INTO person (person_id, first_name, last_name, phone, email, date_of_birth) VALUES (1568, 'Anthony', 'Lewis', '592-7919941', 'anthony.lewis1568@email.com', '1980-01-01');
INSERT INTO passenger (person_id, id_number) VALUES (1568, 'GY-PASS-1568');
INSERT INTO person (person_id, first_name, last_name, phone, email, date_of_birth) VALUES (1569, 'Linda', 'Martin', '592-7016297', 'linda.martin1569@email.com', '1975-01-01');
INSERT INTO passenger (person_id, id_number) VALUES (1569, 'GY-PASS-1569');
INSERT INTO person (person_id, first_name, last_name, phone, email, date_of_birth) VALUES (1570, 'Ryan', 'Hernandez', '592-6856898', 'ryan.hernandez1570@email.com', '2015-01-01');
INSERT INTO passenger (person_id, id_number) VALUES (1570, 'GY-PASS-1570');
INSERT INTO person (person_id, first_name, last_name, phone, email, date_of_birth) VALUES (1571, 'Amanda', 'Mitchell', '592-6433501', 'amanda.mitchell1571@email.com', '1952-01-01');
INSERT INTO passenger (person_id, id_number) VALUES (1571, 'GY-PASS-1571');
INSERT INTO person (person_id, first_name, last_name, phone, email, date_of_birth) VALUES (1572, 'Matthew', 'Garcia', '592-6671061', 'matthew.garcia1572@email.com', '2009-01-01');
INSERT INTO passenger (person_id, id_number) VALUES (1572, 'GY-PASS-1572');
INSERT INTO person (person_id, first_name, last_name, phone, email, date_of_birth) VALUES (1573, 'Sharon', 'Jackson', '592-6748656', 'sharon.jackson1573@email.com', '2004-01-01');
INSERT INTO passenger (person_id, id_number) VALUES (1573, 'GY-PASS-1573');
INSERT INTO person (person_id, first_name, last_name, phone, email, date_of_birth) VALUES (1574, 'Kevin', 'Martin', '592-7477071', 'kevin.martin1574@email.com', '1981-01-01');
INSERT INTO passenger (person_id, id_number) VALUES (1574, 'GY-PASS-1574');
INSERT INTO person (person_id, first_name, last_name, phone, email, date_of_birth) VALUES (1575, 'Deborah', 'Williams', '592-6941614', 'deborah.williams1575@email.com', '1975-01-01');
INSERT INTO passenger (person_id, id_number) VALUES (1575, 'GY-PASS-1575');
INSERT INTO person (person_id, first_name, last_name, phone, email, date_of_birth) VALUES (1576, 'Lisa', 'Perez', '592-6144838', 'lisa.perez1576@email.com', '1955-01-01');
INSERT INTO passenger (person_id, id_number) VALUES (1576, 'GY-PASS-1576');
INSERT INTO person (person_id, first_name, last_name, phone, email, date_of_birth) VALUES (1577, 'Karen', 'Smith', '592-6329937', 'karen.smith1577@email.com', '1968-01-01');
INSERT INTO passenger (person_id, id_number) VALUES (1577, 'GY-PASS-1577');
INSERT INTO person (person_id, first_name, last_name, phone, email, date_of_birth) VALUES (1578, 'David', 'Turner', '592-6733467', 'david.turner1578@email.com', '1994-01-01');
INSERT INTO passenger (person_id, id_number) VALUES (1578, 'GY-PASS-1578');
INSERT INTO person (person_id, first_name, last_name, phone, email, date_of_birth) VALUES (1579, 'Stephanie', 'Harris', '592-6781706', 'stephanie.harris1579@email.com', '1958-01-01');
INSERT INTO passenger (person_id, id_number) VALUES (1579, 'GY-PASS-1579');
INSERT INTO person (person_id, first_name, last_name, phone, email, date_of_birth) VALUES (1580, 'Patricia', 'Parker', '592-6505329', 'patricia.parker1580@email.com', '1983-01-01');
INSERT INTO passenger (person_id, id_number) VALUES (1580, 'GY-PASS-1580');
INSERT INTO person (person_id, first_name, last_name, phone, email, date_of_birth) VALUES (1581, 'Kimberly', 'Miller', '592-7928946', 'kimberly.miller1581@email.com', '2007-01-01');
INSERT INTO passenger (person_id, id_number) VALUES (1581, 'GY-PASS-1581');
INSERT INTO person (person_id, first_name, last_name, phone, email, date_of_birth) VALUES (1582, 'Christopher', 'Taylor', '592-7596757', 'christopher.taylor1582@email.com', '1985-01-01');
INSERT INTO passenger (person_id, id_number) VALUES (1582, 'GY-PASS-1582');
INSERT INTO person (person_id, first_name, last_name, phone, email, date_of_birth) VALUES (1583, 'Joshua', 'Martinez', '592-6067010', 'joshua.martinez1583@email.com', '1993-01-01');
INSERT INTO passenger (person_id, id_number) VALUES (1583, 'GY-PASS-1583');
INSERT INTO person (person_id, first_name, last_name, phone, email, date_of_birth) VALUES (1584, 'Rebecca', 'Singh', '592-6059098', 'rebecca.singh1584@email.com', '2006-01-01');
INSERT INTO passenger (person_id, id_number) VALUES (1584, 'GY-PASS-1584');
INSERT INTO person (person_id, first_name, last_name, phone, email, date_of_birth) VALUES (1585, 'Emily', 'Brown', '592-7719667', 'emily.brown1585@email.com', '1977-01-01');
INSERT INTO passenger (person_id, id_number) VALUES (1585, 'GY-PASS-1585');
INSERT INTO person (person_id, first_name, last_name, phone, email, date_of_birth) VALUES (1586, 'Susan', 'Cook', '592-6475123', 'susan.cook1586@email.com', '1970-01-01');
INSERT INTO passenger (person_id, id_number) VALUES (1586, 'GY-PASS-1586');
INSERT INTO person (person_id, first_name, last_name, phone, email, date_of_birth) VALUES (1587, 'Elizabeth', 'White', '592-7788524', 'elizabeth.white1587@email.com', '1957-01-01');
INSERT INTO passenger (person_id, id_number) VALUES (1587, 'GY-PASS-1587');
INSERT INTO person (person_id, first_name, last_name, phone, email, date_of_birth) VALUES (1588, 'Jeffrey', 'Harris', '592-6826077', 'jeffrey.harris1588@email.com', '1991-01-01');
INSERT INTO passenger (person_id, id_number) VALUES (1588, 'GY-PASS-1588');
INSERT INTO person (person_id, first_name, last_name, phone, email, date_of_birth) VALUES (1589, 'Timothy', 'Baker', '592-6054562', 'timothy.baker1589@email.com', '1983-01-01');
INSERT INTO passenger (person_id, id_number) VALUES (1589, 'GY-PASS-1589');
INSERT INTO person (person_id, first_name, last_name, phone, email, date_of_birth) VALUES (1590, 'Jennifer', 'Wilson', '592-6451773', 'jennifer.wilson1590@email.com', '1955-01-01');
INSERT INTO passenger (person_id, id_number) VALUES (1590, 'GY-PASS-1590');
INSERT INTO person (person_id, first_name, last_name, phone, email, date_of_birth) VALUES (1591, 'David', 'Wilson', '592-6572519', 'david.wilson1591@email.com', '1991-01-01');
INSERT INTO passenger (person_id, id_number) VALUES (1591, 'GY-PASS-1591');
INSERT INTO person (person_id, first_name, last_name, phone, email, date_of_birth) VALUES (1592, 'Matthew', 'Phillips', '592-6982237', 'matthew.phillips1592@email.com', '1950-01-01');
INSERT INTO passenger (person_id, id_number) VALUES (1592, 'GY-PASS-1592');
INSERT INTO person (person_id, first_name, last_name, phone, email, date_of_birth) VALUES (1593, 'Daniel', 'Allen', '592-6632908', 'daniel.allen1593@email.com', '1987-01-01');
INSERT INTO passenger (person_id, id_number) VALUES (1593, 'GY-PASS-1593');
INSERT INTO person (person_id, first_name, last_name, phone, email, date_of_birth) VALUES (1594, 'Jennifer', 'Edwards', '592-6186295', 'jennifer.edwards1594@email.com', '1959-01-01');
INSERT INTO passenger (person_id, id_number) VALUES (1594, 'GY-PASS-1594');
INSERT INTO person (person_id, first_name, last_name, phone, email, date_of_birth) VALUES (1595, 'Thomas', 'Taylor', '592-7359741', 'thomas.taylor1595@email.com', '1981-01-01');
INSERT INTO passenger (person_id, id_number) VALUES (1595, 'GY-PASS-1595');
INSERT INTO person (person_id, first_name, last_name, phone, email, date_of_birth) VALUES (1596, 'George', 'Morgan', '592-7066490', 'george.morgan1596@email.com', '2013-01-01');
INSERT INTO passenger (person_id, id_number) VALUES (1596, 'GY-PASS-1596');
INSERT INTO person (person_id, first_name, last_name, phone, email, date_of_birth) VALUES (1597, 'Michelle', 'Carter', '592-6513759', 'michelle.carter1597@email.com', '1975-01-01');
INSERT INTO passenger (person_id, id_number) VALUES (1597, 'GY-PASS-1597');
INSERT INTO person (person_id, first_name, last_name, phone, email, date_of_birth) VALUES (1598, 'Stephanie', 'Hall', '592-7249285', 'stephanie.hall1598@email.com', '1957-01-01');
INSERT INTO passenger (person_id, id_number) VALUES (1598, 'GY-PASS-1598');
INSERT INTO person (person_id, first_name, last_name, phone, email, date_of_birth) VALUES (1599, 'Brian', 'Hill', '592-7593056', 'brian.hill1599@email.com', '1956-01-01');
INSERT INTO passenger (person_id, id_number) VALUES (1599, 'GY-PASS-1599');
INSERT INTO person (person_id, first_name, last_name, phone, email, date_of_birth) VALUES (1600, 'Jacob', 'Roberts', '592-7358133', 'jacob.roberts1600@email.com', '2007-01-01');
INSERT INTO passenger (person_id, id_number) VALUES (1600, 'GY-PASS-1600');
INSERT INTO person (person_id, first_name, last_name, phone, email, date_of_birth) VALUES (1601, 'Jason', 'Roberts', '592-7809081', 'jason.roberts1601@email.com', '1975-01-01');
INSERT INTO passenger (person_id, id_number) VALUES (1601, 'GY-PASS-1601');
INSERT INTO person (person_id, first_name, last_name, phone, email, date_of_birth) VALUES (1602, 'George', 'Allen', '592-6581418', 'george.allen1602@email.com', '1972-01-01');
INSERT INTO passenger (person_id, id_number) VALUES (1602, 'GY-PASS-1602');
INSERT INTO person (person_id, first_name, last_name, phone, email, date_of_birth) VALUES (1603, 'Deborah', 'Carter', '592-6236272', 'deborah.carter1603@email.com', '2014-01-01');
INSERT INTO passenger (person_id, id_number) VALUES (1603, 'GY-PASS-1603');
INSERT INTO person (person_id, first_name, last_name, phone, email, date_of_birth) VALUES (1604, 'Christopher', 'Sanchez', '592-6477050', 'christopher.sanchez1604@email.com', '1983-01-01');
INSERT INTO passenger (person_id, id_number) VALUES (1604, 'GY-PASS-1604');
INSERT INTO person (person_id, first_name, last_name, phone, email, date_of_birth) VALUES (1605, 'Ronald', 'Rodriguez', '592-7385425', 'ronald.rodriguez1605@email.com', '1975-01-01');
INSERT INTO passenger (person_id, id_number) VALUES (1605, 'GY-PASS-1605');
INSERT INTO person (person_id, first_name, last_name, phone, email, date_of_birth) VALUES (1606, 'Margaret', 'Persaud', '592-6232703', 'margaret.persaud1606@email.com', '1991-01-01');
INSERT INTO passenger (person_id, id_number) VALUES (1606, 'GY-PASS-1606');
INSERT INTO person (person_id, first_name, last_name, phone, email, date_of_birth) VALUES (1607, 'Lisa', 'Davis', '592-7297518', 'lisa.davis1607@email.com', '1984-01-01');
INSERT INTO passenger (person_id, id_number) VALUES (1607, 'GY-PASS-1607');
INSERT INTO person (person_id, first_name, last_name, phone, email, date_of_birth) VALUES (1608, 'Steven', 'Thompson', '592-6273221', 'steven.thompson1608@email.com', '1979-01-01');
INSERT INTO passenger (person_id, id_number) VALUES (1608, 'GY-PASS-1608');
INSERT INTO person (person_id, first_name, last_name, phone, email, date_of_birth) VALUES (1609, 'Jeffrey', 'White', '592-7835296', 'jeffrey.white1609@email.com', '1979-01-01');
INSERT INTO passenger (person_id, id_number) VALUES (1609, 'GY-PASS-1609');
INSERT INTO person (person_id, first_name, last_name, phone, email, date_of_birth) VALUES (1610, 'Elizabeth', 'Morgan', '592-6217929', 'elizabeth.morgan1610@email.com', '2014-01-01');
INSERT INTO passenger (person_id, id_number) VALUES (1610, 'GY-PASS-1610');
INSERT INTO person (person_id, first_name, last_name, phone, email, date_of_birth) VALUES (1611, 'Jessica', 'Hill', '592-7542433', 'jessica.hill1611@email.com', '1963-01-01');
INSERT INTO passenger (person_id, id_number) VALUES (1611, 'GY-PASS-1611');
INSERT INTO person (person_id, first_name, last_name, phone, email, date_of_birth) VALUES (1612, 'Laura', 'Thomas', '592-7331268', 'laura.thomas1612@email.com', '1975-01-01');
INSERT INTO passenger (person_id, id_number) VALUES (1612, 'GY-PASS-1612');
INSERT INTO person (person_id, first_name, last_name, phone, email, date_of_birth) VALUES (1613, 'Ronald', 'Collins', '592-7809147', 'ronald.collins1613@email.com', '2008-01-01');
INSERT INTO passenger (person_id, id_number) VALUES (1613, 'GY-PASS-1613');
INSERT INTO person (person_id, first_name, last_name, phone, email, date_of_birth) VALUES (1614, 'Mark', 'Morris', '592-7758305', 'mark.morris1614@email.com', '1958-01-01');
INSERT INTO passenger (person_id, id_number) VALUES (1614, 'GY-PASS-1614');
INSERT INTO person (person_id, first_name, last_name, phone, email, date_of_birth) VALUES (1615, 'Susan', 'Hernandez', '592-6905458', 'susan.hernandez1615@email.com', '1995-01-01');
INSERT INTO passenger (person_id, id_number) VALUES (1615, 'GY-PASS-1615');
INSERT INTO person (person_id, first_name, last_name, phone, email, date_of_birth) VALUES (1616, 'Emily', 'Hernandez', '592-6796470', 'emily.hernandez1616@email.com', '1981-01-01');
INSERT INTO passenger (person_id, id_number) VALUES (1616, 'GY-PASS-1616');
INSERT INTO person (person_id, first_name, last_name, phone, email, date_of_birth) VALUES (1617, 'Jessica', 'Young', '592-6524669', 'jessica.young1617@email.com', '1983-01-01');
INSERT INTO passenger (person_id, id_number) VALUES (1617, 'GY-PASS-1617');
INSERT INTO person (person_id, first_name, last_name, phone, email, date_of_birth) VALUES (1618, 'Linda', 'Persaud', '592-6137443', 'linda.persaud1618@email.com', '1992-01-01');
INSERT INTO passenger (person_id, id_number) VALUES (1618, 'GY-PASS-1618');
INSERT INTO person (person_id, first_name, last_name, phone, email, date_of_birth) VALUES (1619, 'Michael', 'Morris', '592-6859093', 'michael.morris1619@email.com', '1972-01-01');
INSERT INTO passenger (person_id, id_number) VALUES (1619, 'GY-PASS-1619');
INSERT INTO person (person_id, first_name, last_name, phone, email, date_of_birth) VALUES (1620, 'Michelle', 'Thompson', '592-7223512', 'michelle.thompson1620@email.com', '1992-01-01');
INSERT INTO passenger (person_id, id_number) VALUES (1620, 'GY-PASS-1620');
INSERT INTO person (person_id, first_name, last_name, phone, email, date_of_birth) VALUES (1621, 'Amanda', 'Harris', '592-6927939', 'amanda.harris1621@email.com', '2000-01-01');
INSERT INTO passenger (person_id, id_number) VALUES (1621, 'GY-PASS-1621');
INSERT INTO person (person_id, first_name, last_name, phone, email, date_of_birth) VALUES (1622, 'Mark', 'Stewart', '592-6931754', 'mark.stewart1622@email.com', '1950-01-01');
INSERT INTO passenger (person_id, id_number) VALUES (1622, 'GY-PASS-1622');
INSERT INTO person (person_id, first_name, last_name, phone, email, date_of_birth) VALUES (1623, 'Lisa', 'Smith', '592-6779602', 'lisa.smith1623@email.com', '1973-01-01');
INSERT INTO passenger (person_id, id_number) VALUES (1623, 'GY-PASS-1623');
INSERT INTO person (person_id, first_name, last_name, phone, email, date_of_birth) VALUES (1624, 'Rebecca', 'Turner', '592-6239400', 'rebecca.turner1624@email.com', '1963-01-01');
INSERT INTO passenger (person_id, id_number) VALUES (1624, 'GY-PASS-1624');
INSERT INTO person (person_id, first_name, last_name, phone, email, date_of_birth) VALUES (1625, 'William', 'Jones', '592-6613920', 'william.jones1625@email.com', '1991-01-01');
INSERT INTO passenger (person_id, id_number) VALUES (1625, 'GY-PASS-1625');
INSERT INTO person (person_id, first_name, last_name, phone, email, date_of_birth) VALUES (1626, 'Jeffrey', 'Smith', '592-7525957', 'jeffrey.smith1626@email.com', '1986-01-01');
INSERT INTO passenger (person_id, id_number) VALUES (1626, 'GY-PASS-1626');
INSERT INTO person (person_id, first_name, last_name, phone, email, date_of_birth) VALUES (1627, 'Christopher', 'Morgan', '592-7433186', 'christopher.morgan1627@email.com', '2010-01-01');
INSERT INTO passenger (person_id, id_number) VALUES (1627, 'GY-PASS-1627');
INSERT INTO person (person_id, first_name, last_name, phone, email, date_of_birth) VALUES (1628, 'Jacob', 'Reed', '592-6572428', 'jacob.reed1628@email.com', '1964-01-01');
INSERT INTO passenger (person_id, id_number) VALUES (1628, 'GY-PASS-1628');
INSERT INTO person (person_id, first_name, last_name, phone, email, date_of_birth) VALUES (1629, 'Laura', 'Harris', '592-7806596', 'laura.harris1629@email.com', '1965-01-01');
INSERT INTO passenger (person_id, id_number) VALUES (1629, 'GY-PASS-1629');
INSERT INTO person (person_id, first_name, last_name, phone, email, date_of_birth) VALUES (1630, 'Robert', 'Stewart', '592-6189320', 'robert.stewart1630@email.com', '2005-01-01');
INSERT INTO passenger (person_id, id_number) VALUES (1630, 'GY-PASS-1630');
INSERT INTO person (person_id, first_name, last_name, phone, email, date_of_birth) VALUES (1631, 'Timothy', 'Adams', '592-7062191', 'timothy.adams1631@email.com', '2013-01-01');
INSERT INTO passenger (person_id, id_number) VALUES (1631, 'GY-PASS-1631');
INSERT INTO person (person_id, first_name, last_name, phone, email, date_of_birth) VALUES (1632, 'Michelle', 'Bell', '592-7172980', 'michelle.bell1632@email.com', '2003-01-01');
INSERT INTO passenger (person_id, id_number) VALUES (1632, 'GY-PASS-1632');
INSERT INTO person (person_id, first_name, last_name, phone, email, date_of_birth) VALUES (1633, 'Sandra', 'Allen', '592-7761948', 'sandra.allen1633@email.com', '2010-01-01');
INSERT INTO passenger (person_id, id_number) VALUES (1633, 'GY-PASS-1633');
INSERT INTO person (person_id, first_name, last_name, phone, email, date_of_birth) VALUES (1634, 'Carol', 'Persaud', '592-7322594', 'carol.persaud1634@email.com', '1992-01-01');
INSERT INTO passenger (person_id, id_number) VALUES (1634, 'GY-PASS-1634');
INSERT INTO person (person_id, first_name, last_name, phone, email, date_of_birth) VALUES (1635, 'Timothy', 'Singh', '592-6937097', 'timothy.singh1635@email.com', '1998-01-01');
INSERT INTO passenger (person_id, id_number) VALUES (1635, 'GY-PASS-1635');
INSERT INTO person (person_id, first_name, last_name, phone, email, date_of_birth) VALUES (1636, 'Rebecca', 'Allen', '592-6848191', 'rebecca.allen1636@email.com', '1986-01-01');
INSERT INTO passenger (person_id, id_number) VALUES (1636, 'GY-PASS-1636');
INSERT INTO person (person_id, first_name, last_name, phone, email, date_of_birth) VALUES (1637, 'Paul', 'Smith', '592-7067072', 'paul.smith1637@email.com', '1958-01-01');
INSERT INTO passenger (person_id, id_number) VALUES (1637, 'GY-PASS-1637');
INSERT INTO person (person_id, first_name, last_name, phone, email, date_of_birth) VALUES (1638, 'Brian', 'Anderson', '592-6398770', 'brian.anderson1638@email.com', '2015-01-01');
INSERT INTO passenger (person_id, id_number) VALUES (1638, 'GY-PASS-1638');
INSERT INTO person (person_id, first_name, last_name, phone, email, date_of_birth) VALUES (1639, 'Amanda', 'Hernandez', '592-6051699', 'amanda.hernandez1639@email.com', '2001-01-01');
INSERT INTO passenger (person_id, id_number) VALUES (1639, 'GY-PASS-1639');
INSERT INTO person (person_id, first_name, last_name, phone, email, date_of_birth) VALUES (1640, 'Lisa', 'Bell', '592-7233943', 'lisa.bell1640@email.com', '1967-01-01');
INSERT INTO passenger (person_id, id_number) VALUES (1640, 'GY-PASS-1640');
INSERT INTO person (person_id, first_name, last_name, phone, email, date_of_birth) VALUES (1641, 'Jason', 'Wright', '592-7946095', 'jason.wright1641@email.com', '1999-01-01');
INSERT INTO passenger (person_id, id_number) VALUES (1641, 'GY-PASS-1641');
INSERT INTO person (person_id, first_name, last_name, phone, email, date_of_birth) VALUES (1642, 'Karen', 'Rogers', '592-6498393', 'karen.rogers1642@email.com', '1994-01-01');
INSERT INTO passenger (person_id, id_number) VALUES (1642, 'GY-PASS-1642');
INSERT INTO person (person_id, first_name, last_name, phone, email, date_of_birth) VALUES (1643, 'Thomas', 'Taylor', '592-6372131', 'thomas.taylor1643@email.com', '1965-01-01');
INSERT INTO passenger (person_id, id_number) VALUES (1643, 'GY-PASS-1643');
INSERT INTO person (person_id, first_name, last_name, phone, email, date_of_birth) VALUES (1644, 'Jason', 'Moore', '592-7471288', 'jason.moore1644@email.com', '1984-01-01');
INSERT INTO passenger (person_id, id_number) VALUES (1644, 'GY-PASS-1644');
INSERT INTO person (person_id, first_name, last_name, phone, email, date_of_birth) VALUES (1645, 'Sarah', 'Parker', '592-7464942', 'sarah.parker1645@email.com', '1988-01-01');
INSERT INTO passenger (person_id, id_number) VALUES (1645, 'GY-PASS-1645');
INSERT INTO person (person_id, first_name, last_name, phone, email, date_of_birth) VALUES (1646, 'James', 'Morgan', '592-6173681', 'james.morgan1646@email.com', '1985-01-01');
INSERT INTO passenger (person_id, id_number) VALUES (1646, 'GY-PASS-1646');
INSERT INTO person (person_id, first_name, last_name, phone, email, date_of_birth) VALUES (1647, 'John', 'Thomas', '592-7915843', 'john.thomas1647@email.com', '1990-01-01');
INSERT INTO passenger (person_id, id_number) VALUES (1647, 'GY-PASS-1647');
INSERT INTO person (person_id, first_name, last_name, phone, email, date_of_birth) VALUES (1648, 'Lisa', 'Morgan', '592-7859735', 'lisa.morgan1648@email.com', '1989-01-01');
INSERT INTO passenger (person_id, id_number) VALUES (1648, 'GY-PASS-1648');
INSERT INTO person (person_id, first_name, last_name, phone, email, date_of_birth) VALUES (1649, 'Susan', 'Thomas', '592-6171520', 'susan.thomas1649@email.com', '2008-01-01');
INSERT INTO passenger (person_id, id_number) VALUES (1649, 'GY-PASS-1649');
INSERT INTO person (person_id, first_name, last_name, phone, email, date_of_birth) VALUES (1650, 'Emily', 'Green', '592-6037678', 'emily.green1650@email.com', '2000-01-01');
INSERT INTO passenger (person_id, id_number) VALUES (1650, 'GY-PASS-1650');
INSERT INTO person (person_id, first_name, last_name, phone, email, date_of_birth) VALUES (1651, 'Sandra', 'Collins', '592-7461584', 'sandra.collins1651@email.com', '1960-01-01');
INSERT INTO passenger (person_id, id_number) VALUES (1651, 'GY-PASS-1651');
INSERT INTO person (person_id, first_name, last_name, phone, email, date_of_birth) VALUES (1652, 'Joseph', 'Martinez', '592-6237062', 'joseph.martinez1652@email.com', '1950-01-01');
INSERT INTO passenger (person_id, id_number) VALUES (1652, 'GY-PASS-1652');
INSERT INTO person (person_id, first_name, last_name, phone, email, date_of_birth) VALUES (1653, 'Melissa', 'Cook', '592-6403039', 'melissa.cook1653@email.com', '1972-01-01');
INSERT INTO passenger (person_id, id_number) VALUES (1653, 'GY-PASS-1653');
INSERT INTO person (person_id, first_name, last_name, phone, email, date_of_birth) VALUES (1654, 'Timothy', 'Wilson', '592-7819628', 'timothy.wilson1654@email.com', '2014-01-01');
INSERT INTO passenger (person_id, id_number) VALUES (1654, 'GY-PASS-1654');
INSERT INTO person (person_id, first_name, last_name, phone, email, date_of_birth) VALUES (1655, 'William', 'Lopez', '592-7437381', 'william.lopez1655@email.com', '1990-01-01');
INSERT INTO passenger (person_id, id_number) VALUES (1655, 'GY-PASS-1655');
INSERT INTO person (person_id, first_name, last_name, phone, email, date_of_birth) VALUES (1656, 'James', 'Lewis', '592-6345457', 'james.lewis1656@email.com', '1975-01-01');
INSERT INTO passenger (person_id, id_number) VALUES (1656, 'GY-PASS-1656');
INSERT INTO person (person_id, first_name, last_name, phone, email, date_of_birth) VALUES (1657, 'Susan', 'Anderson', '592-7236339', 'susan.anderson1657@email.com', '1986-01-01');
INSERT INTO passenger (person_id, id_number) VALUES (1657, 'GY-PASS-1657');
INSERT INTO person (person_id, first_name, last_name, phone, email, date_of_birth) VALUES (1658, 'Joseph', 'Reed', '592-6372353', 'joseph.reed1658@email.com', '1986-01-01');
INSERT INTO passenger (person_id, id_number) VALUES (1658, 'GY-PASS-1658');
INSERT INTO person (person_id, first_name, last_name, phone, email, date_of_birth) VALUES (1659, 'Betty', 'Collins', '592-7273542', 'betty.collins1659@email.com', '1994-01-01');
INSERT INTO passenger (person_id, id_number) VALUES (1659, 'GY-PASS-1659');
INSERT INTO person (person_id, first_name, last_name, phone, email, date_of_birth) VALUES (1660, 'Andrew', 'Taylor', '592-6231145', 'andrew.taylor1660@email.com', '1959-01-01');
INSERT INTO passenger (person_id, id_number) VALUES (1660, 'GY-PASS-1660');
INSERT INTO person (person_id, first_name, last_name, phone, email, date_of_birth) VALUES (1661, 'Jeffrey', 'Stewart', '592-7087821', 'jeffrey.stewart1661@email.com', '1957-01-01');
INSERT INTO passenger (person_id, id_number) VALUES (1661, 'GY-PASS-1661');
INSERT INTO person (person_id, first_name, last_name, phone, email, date_of_birth) VALUES (1662, 'Michael', 'Lopez', '592-6263895', 'michael.lopez1662@email.com', '1972-01-01');
INSERT INTO passenger (person_id, id_number) VALUES (1662, 'GY-PASS-1662');
INSERT INTO person (person_id, first_name, last_name, phone, email, date_of_birth) VALUES (1663, 'Sarah', 'Roberts', '592-6597173', 'sarah.roberts1663@email.com', '1993-01-01');
INSERT INTO passenger (person_id, id_number) VALUES (1663, 'GY-PASS-1663');
INSERT INTO person (person_id, first_name, last_name, phone, email, date_of_birth) VALUES (1664, 'Sharon', 'Taylor', '592-6307988', 'sharon.taylor1664@email.com', '1974-01-01');
INSERT INTO passenger (person_id, id_number) VALUES (1664, 'GY-PASS-1664');
INSERT INTO person (person_id, first_name, last_name, phone, email, date_of_birth) VALUES (1665, 'Matthew', 'Jackson', '592-6213980', 'matthew.jackson1665@email.com', '1990-01-01');
INSERT INTO passenger (person_id, id_number) VALUES (1665, 'GY-PASS-1665');
INSERT INTO person (person_id, first_name, last_name, phone, email, date_of_birth) VALUES (1666, 'Matthew', 'Adams', '592-6612691', 'matthew.adams1666@email.com', '1966-01-01');
INSERT INTO passenger (person_id, id_number) VALUES (1666, 'GY-PASS-1666');
INSERT INTO person (person_id, first_name, last_name, phone, email, date_of_birth) VALUES (1667, 'Linda', 'Wilson', '592-6531820', 'linda.wilson1667@email.com', '1970-01-01');
INSERT INTO passenger (person_id, id_number) VALUES (1667, 'GY-PASS-1667');
INSERT INTO person (person_id, first_name, last_name, phone, email, date_of_birth) VALUES (1668, 'Donald', 'Baker', '592-6985257', 'donald.baker1668@email.com', '2001-01-01');
INSERT INTO passenger (person_id, id_number) VALUES (1668, 'GY-PASS-1668');
INSERT INTO person (person_id, first_name, last_name, phone, email, date_of_birth) VALUES (1669, 'Kathleen', 'Singh', '592-7919035', 'kathleen.singh1669@email.com', '1950-01-01');
INSERT INTO passenger (person_id, id_number) VALUES (1669, 'GY-PASS-1669');
INSERT INTO person (person_id, first_name, last_name, phone, email, date_of_birth) VALUES (1670, 'Ashley', 'Walker', '592-6496878', 'ashley.walker1670@email.com', '1984-01-01');
INSERT INTO passenger (person_id, id_number) VALUES (1670, 'GY-PASS-1670');
INSERT INTO person (person_id, first_name, last_name, phone, email, date_of_birth) VALUES (1671, 'Thomas', 'Reed', '592-7685526', 'thomas.reed1671@email.com', '1961-01-01');
INSERT INTO passenger (person_id, id_number) VALUES (1671, 'GY-PASS-1671');
INSERT INTO person (person_id, first_name, last_name, phone, email, date_of_birth) VALUES (1672, 'Paul', 'Martin', '592-7057848', 'paul.martin1672@email.com', '2001-01-01');
INSERT INTO passenger (person_id, id_number) VALUES (1672, 'GY-PASS-1672');
INSERT INTO person (person_id, first_name, last_name, phone, email, date_of_birth) VALUES (1673, 'Michelle', 'Young', '592-6376621', 'michelle.young1673@email.com', '1971-01-01');
INSERT INTO passenger (person_id, id_number) VALUES (1673, 'GY-PASS-1673');
INSERT INTO person (person_id, first_name, last_name, phone, email, date_of_birth) VALUES (1674, 'Karen', 'Walker', '592-6654457', 'karen.walker1674@email.com', '1996-01-01');
INSERT INTO passenger (person_id, id_number) VALUES (1674, 'GY-PASS-1674');
INSERT INTO person (person_id, first_name, last_name, phone, email, date_of_birth) VALUES (1675, 'Donna', 'Hernandez', '592-7786371', 'donna.hernandez1675@email.com', '1996-01-01');
INSERT INTO passenger (person_id, id_number) VALUES (1675, 'GY-PASS-1675');
INSERT INTO person (person_id, first_name, last_name, phone, email, date_of_birth) VALUES (1676, 'Lisa', 'Wright', '592-6476049', 'lisa.wright1676@email.com', '2002-01-01');
INSERT INTO passenger (person_id, id_number) VALUES (1676, 'GY-PASS-1676');
INSERT INTO person (person_id, first_name, last_name, phone, email, date_of_birth) VALUES (1677, 'Sandra', 'Campbell', '592-6098697', 'sandra.campbell1677@email.com', '1977-01-01');
INSERT INTO passenger (person_id, id_number) VALUES (1677, 'GY-PASS-1677');
INSERT INTO person (person_id, first_name, last_name, phone, email, date_of_birth) VALUES (1678, 'Susan', 'Scott', '592-7658457', 'susan.scott1678@email.com', '1956-01-01');
INSERT INTO passenger (person_id, id_number) VALUES (1678, 'GY-PASS-1678');
INSERT INTO person (person_id, first_name, last_name, phone, email, date_of_birth) VALUES (1679, 'Deborah', 'Miller', '592-7635673', 'deborah.miller1679@email.com', '1952-01-01');
INSERT INTO passenger (person_id, id_number) VALUES (1679, 'GY-PASS-1679');
INSERT INTO person (person_id, first_name, last_name, phone, email, date_of_birth) VALUES (1680, 'Sharon', 'King', '592-7249145', 'sharon.king1680@email.com', '1984-01-01');
INSERT INTO passenger (person_id, id_number) VALUES (1680, 'GY-PASS-1680');
INSERT INTO person (person_id, first_name, last_name, phone, email, date_of_birth) VALUES (1681, 'Margaret', 'Campbell', '592-7857449', 'margaret.campbell1681@email.com', '2013-01-01');
INSERT INTO passenger (person_id, id_number) VALUES (1681, 'GY-PASS-1681');
INSERT INTO person (person_id, first_name, last_name, phone, email, date_of_birth) VALUES (1682, 'Kenneth', 'Green', '592-7829136', 'kenneth.green1682@email.com', '1966-01-01');
INSERT INTO passenger (person_id, id_number) VALUES (1682, 'GY-PASS-1682');
INSERT INTO person (person_id, first_name, last_name, phone, email, date_of_birth) VALUES (1683, 'Thomas', 'Hall', '592-6181585', 'thomas.hall1683@email.com', '1973-01-01');
INSERT INTO passenger (person_id, id_number) VALUES (1683, 'GY-PASS-1683');
INSERT INTO person (person_id, first_name, last_name, phone, email, date_of_birth) VALUES (1684, 'Michelle', 'Roberts', '592-7051903', 'michelle.roberts1684@email.com', '1986-01-01');
INSERT INTO passenger (person_id, id_number) VALUES (1684, 'GY-PASS-1684');
INSERT INTO person (person_id, first_name, last_name, phone, email, date_of_birth) VALUES (1685, 'Edward', 'Miller', '592-7793814', 'edward.miller1685@email.com', '2001-01-01');
INSERT INTO passenger (person_id, id_number) VALUES (1685, 'GY-PASS-1685');
INSERT INTO person (person_id, first_name, last_name, phone, email, date_of_birth) VALUES (1686, 'George', 'King', '592-6652873', 'george.king1686@email.com', '1961-01-01');
INSERT INTO passenger (person_id, id_number) VALUES (1686, 'GY-PASS-1686');
INSERT INTO person (person_id, first_name, last_name, phone, email, date_of_birth) VALUES (1687, 'Daniel', 'Rodriguez', '592-6608622', 'daniel.rodriguez1687@email.com', '1987-01-01');
INSERT INTO passenger (person_id, id_number) VALUES (1687, 'GY-PASS-1687');
INSERT INTO person (person_id, first_name, last_name, phone, email, date_of_birth) VALUES (1688, 'Jennifer', 'Rodriguez', '592-7737847', 'jennifer.rodriguez1688@email.com', '1978-01-01');
INSERT INTO passenger (person_id, id_number) VALUES (1688, 'GY-PASS-1688');
INSERT INTO person (person_id, first_name, last_name, phone, email, date_of_birth) VALUES (1689, 'Richard', 'Morris', '592-6156964', 'richard.morris1689@email.com', '1972-01-01');
INSERT INTO passenger (person_id, id_number) VALUES (1689, 'GY-PASS-1689');
INSERT INTO person (person_id, first_name, last_name, phone, email, date_of_birth) VALUES (1690, 'Karen', 'Smith', '592-6633886', 'karen.smith1690@email.com', '1953-01-01');
INSERT INTO passenger (person_id, id_number) VALUES (1690, 'GY-PASS-1690');
INSERT INTO person (person_id, first_name, last_name, phone, email, date_of_birth) VALUES (1691, 'Matthew', 'Reed', '592-7489645', 'matthew.reed1691@email.com', '1958-01-01');
INSERT INTO passenger (person_id, id_number) VALUES (1691, 'GY-PASS-1691');
INSERT INTO person (person_id, first_name, last_name, phone, email, date_of_birth) VALUES (1692, 'Amanda', 'Adams', '592-7248236', 'amanda.adams1692@email.com', '1951-01-01');
INSERT INTO passenger (person_id, id_number) VALUES (1692, 'GY-PASS-1692');
INSERT INTO person (person_id, first_name, last_name, phone, email, date_of_birth) VALUES (1693, 'Sarah', 'Clark', '592-6454838', 'sarah.clark1693@email.com', '1994-01-01');
INSERT INTO passenger (person_id, id_number) VALUES (1693, 'GY-PASS-1693');
INSERT INTO person (person_id, first_name, last_name, phone, email, date_of_birth) VALUES (1694, 'Amanda', 'Murphy', '592-6478740', 'amanda.murphy1694@email.com', '1969-01-01');
INSERT INTO passenger (person_id, id_number) VALUES (1694, 'GY-PASS-1694');
INSERT INTO person (person_id, first_name, last_name, phone, email, date_of_birth) VALUES (1695, 'Emily', 'Robinson', '592-6522053', 'emily.robinson1695@email.com', '1975-01-01');
INSERT INTO passenger (person_id, id_number) VALUES (1695, 'GY-PASS-1695');
INSERT INTO person (person_id, first_name, last_name, phone, email, date_of_birth) VALUES (1696, 'Ryan', 'Thomas', '592-6547314', 'ryan.thomas1696@email.com', '2004-01-01');
INSERT INTO passenger (person_id, id_number) VALUES (1696, 'GY-PASS-1696');
INSERT INTO person (person_id, first_name, last_name, phone, email, date_of_birth) VALUES (1697, 'Deborah', 'Hernandez', '592-7399710', 'deborah.hernandez1697@email.com', '2011-01-01');
INSERT INTO passenger (person_id, id_number) VALUES (1697, 'GY-PASS-1697');
INSERT INTO person (person_id, first_name, last_name, phone, email, date_of_birth) VALUES (1698, 'Jason', 'Rodriguez', '592-7932794', 'jason.rodriguez1698@email.com', '1967-01-01');
INSERT INTO passenger (person_id, id_number) VALUES (1698, 'GY-PASS-1698');
INSERT INTO person (person_id, first_name, last_name, phone, email, date_of_birth) VALUES (1699, 'Melissa', 'Davis', '592-7638224', 'melissa.davis1699@email.com', '1993-01-01');
INSERT INTO passenger (person_id, id_number) VALUES (1699, 'GY-PASS-1699');
INSERT INTO person (person_id, first_name, last_name, phone, email, date_of_birth) VALUES (1700, 'Thomas', 'Thomas', '592-6723504', 'thomas.thomas1700@email.com', '1964-01-01');
INSERT INTO passenger (person_id, id_number) VALUES (1700, 'GY-PASS-1700');
INSERT INTO person (person_id, first_name, last_name, phone, email, date_of_birth) VALUES (1701, 'Steven', 'Parker', '592-6662478', 'steven.parker1701@email.com', '1992-01-01');
INSERT INTO passenger (person_id, id_number) VALUES (1701, 'GY-PASS-1701');
INSERT INTO person (person_id, first_name, last_name, phone, email, date_of_birth) VALUES (1702, 'Kenneth', 'Smith', '592-6244633', 'kenneth.smith1702@email.com', '1952-01-01');
INSERT INTO passenger (person_id, id_number) VALUES (1702, 'GY-PASS-1702');
INSERT INTO person (person_id, first_name, last_name, phone, email, date_of_birth) VALUES (1703, 'Richard', 'Hernandez', '592-6332234', 'richard.hernandez1703@email.com', '1958-01-01');
INSERT INTO passenger (person_id, id_number) VALUES (1703, 'GY-PASS-1703');
INSERT INTO person (person_id, first_name, last_name, phone, email, date_of_birth) VALUES (1704, 'Linda', 'Murphy', '592-7072449', 'linda.murphy1704@email.com', '1983-01-01');
INSERT INTO passenger (person_id, id_number) VALUES (1704, 'GY-PASS-1704');
INSERT INTO person (person_id, first_name, last_name, phone, email, date_of_birth) VALUES (1705, 'Cynthia', 'Wright', '592-6109976', 'cynthia.wright1705@email.com', '1967-01-01');
INSERT INTO passenger (person_id, id_number) VALUES (1705, 'GY-PASS-1705');
INSERT INTO person (person_id, first_name, last_name, phone, email, date_of_birth) VALUES (1706, 'Thomas', 'Moore', '592-7134495', 'thomas.moore1706@email.com', '1988-01-01');
INSERT INTO passenger (person_id, id_number) VALUES (1706, 'GY-PASS-1706');
INSERT INTO person (person_id, first_name, last_name, phone, email, date_of_birth) VALUES (1707, 'Joseph', 'Garcia', '592-6447850', 'joseph.garcia1707@email.com', '1973-01-01');
INSERT INTO passenger (person_id, id_number) VALUES (1707, 'GY-PASS-1707');
INSERT INTO person (person_id, first_name, last_name, phone, email, date_of_birth) VALUES (1708, 'David', 'Reed', '592-7008543', 'david.reed1708@email.com', '1968-01-01');
INSERT INTO passenger (person_id, id_number) VALUES (1708, 'GY-PASS-1708');
INSERT INTO person (person_id, first_name, last_name, phone, email, date_of_birth) VALUES (1709, 'Kathleen', 'Davis', '592-7747397', 'kathleen.davis1709@email.com', '2013-01-01');
INSERT INTO passenger (person_id, id_number) VALUES (1709, 'GY-PASS-1709');
INSERT INTO person (person_id, first_name, last_name, phone, email, date_of_birth) VALUES (1710, 'Nancy', 'Hernandez', '592-7997868', 'nancy.hernandez1710@email.com', '1961-01-01');
INSERT INTO passenger (person_id, id_number) VALUES (1710, 'GY-PASS-1710');
INSERT INTO person (person_id, first_name, last_name, phone, email, date_of_birth) VALUES (1711, 'Jessica', 'Martin', '592-7281722', 'jessica.martin1711@email.com', '2011-01-01');
INSERT INTO passenger (person_id, id_number) VALUES (1711, 'GY-PASS-1711');
INSERT INTO person (person_id, first_name, last_name, phone, email, date_of_birth) VALUES (1712, 'Donna', 'Jones', '592-6625937', 'donna.jones1712@email.com', '1986-01-01');
INSERT INTO passenger (person_id, id_number) VALUES (1712, 'GY-PASS-1712');
INSERT INTO person (person_id, first_name, last_name, phone, email, date_of_birth) VALUES (1713, 'Nancy', 'Murphy', '592-6517824', 'nancy.murphy1713@email.com', '2015-01-01');
INSERT INTO passenger (person_id, id_number) VALUES (1713, 'GY-PASS-1713');
INSERT INTO person (person_id, first_name, last_name, phone, email, date_of_birth) VALUES (1714, 'Michelle', 'Rogers', '592-6441274', 'michelle.rogers1714@email.com', '1965-01-01');
INSERT INTO passenger (person_id, id_number) VALUES (1714, 'GY-PASS-1714');
INSERT INTO person (person_id, first_name, last_name, phone, email, date_of_birth) VALUES (1715, 'Carol', 'Rogers', '592-7549207', 'carol.rogers1715@email.com', '1988-01-01');
INSERT INTO passenger (person_id, id_number) VALUES (1715, 'GY-PASS-1715');
INSERT INTO person (person_id, first_name, last_name, phone, email, date_of_birth) VALUES (1716, 'Paul', 'Nelson', '592-7261074', 'paul.nelson1716@email.com', '2001-01-01');
INSERT INTO passenger (person_id, id_number) VALUES (1716, 'GY-PASS-1716');
INSERT INTO person (person_id, first_name, last_name, phone, email, date_of_birth) VALUES (1717, 'Melissa', 'Hernandez', '592-7694338', 'melissa.hernandez1717@email.com', '1970-01-01');
INSERT INTO passenger (person_id, id_number) VALUES (1717, 'GY-PASS-1717');
INSERT INTO person (person_id, first_name, last_name, phone, email, date_of_birth) VALUES (1718, 'Richard', 'Turner', '592-6786308', 'richard.turner1718@email.com', '1954-01-01');
INSERT INTO passenger (person_id, id_number) VALUES (1718, 'GY-PASS-1718');
INSERT INTO person (person_id, first_name, last_name, phone, email, date_of_birth) VALUES (1719, 'Kimberly', 'Wilson', '592-6906222', 'kimberly.wilson1719@email.com', '1962-01-01');
INSERT INTO passenger (person_id, id_number) VALUES (1719, 'GY-PASS-1719');
INSERT INTO person (person_id, first_name, last_name, phone, email, date_of_birth) VALUES (1720, 'Steven', 'Thompson', '592-6108644', 'steven.thompson1720@email.com', '1973-01-01');
INSERT INTO passenger (person_id, id_number) VALUES (1720, 'GY-PASS-1720');
INSERT INTO person (person_id, first_name, last_name, phone, email, date_of_birth) VALUES (1721, 'James', 'Cook', '592-7237207', 'james.cook1721@email.com', '1986-01-01');
INSERT INTO passenger (person_id, id_number) VALUES (1721, 'GY-PASS-1721');
INSERT INTO person (person_id, first_name, last_name, phone, email, date_of_birth) VALUES (1722, 'Jennifer', 'Morris', '592-6166659', 'jennifer.morris1722@email.com', '1959-01-01');
INSERT INTO passenger (person_id, id_number) VALUES (1722, 'GY-PASS-1722');
INSERT INTO person (person_id, first_name, last_name, phone, email, date_of_birth) VALUES (1723, 'Amanda', 'Persaud', '592-7865037', 'amanda.persaud1723@email.com', '2008-01-01');
INSERT INTO passenger (person_id, id_number) VALUES (1723, 'GY-PASS-1723');
INSERT INTO person (person_id, first_name, last_name, phone, email, date_of_birth) VALUES (1724, 'Mary', 'Phillips', '592-6327739', 'mary.phillips1724@email.com', '2003-01-01');
INSERT INTO passenger (person_id, id_number) VALUES (1724, 'GY-PASS-1724');
INSERT INTO person (person_id, first_name, last_name, phone, email, date_of_birth) VALUES (1725, 'Sandra', 'Baker', '592-7861441', 'sandra.baker1725@email.com', '1971-01-01');
INSERT INTO passenger (person_id, id_number) VALUES (1725, 'GY-PASS-1725');
INSERT INTO person (person_id, first_name, last_name, phone, email, date_of_birth) VALUES (1726, 'Timothy', 'Davis', '592-6219682', 'timothy.davis1726@email.com', '1970-01-01');
INSERT INTO passenger (person_id, id_number) VALUES (1726, 'GY-PASS-1726');
INSERT INTO person (person_id, first_name, last_name, phone, email, date_of_birth) VALUES (1727, 'Elizabeth', 'Thomas', '592-7823206', 'elizabeth.thomas1727@email.com', '1975-01-01');
INSERT INTO passenger (person_id, id_number) VALUES (1727, 'GY-PASS-1727');
INSERT INTO person (person_id, first_name, last_name, phone, email, date_of_birth) VALUES (1728, 'Daniel', 'White', '592-6242604', 'daniel.white1728@email.com', '2005-01-01');
INSERT INTO passenger (person_id, id_number) VALUES (1728, 'GY-PASS-1728');
INSERT INTO person (person_id, first_name, last_name, phone, email, date_of_birth) VALUES (1729, 'Melissa', 'Adams', '592-6177545', 'melissa.adams1729@email.com', '1989-01-01');
INSERT INTO passenger (person_id, id_number) VALUES (1729, 'GY-PASS-1729');
INSERT INTO person (person_id, first_name, last_name, phone, email, date_of_birth) VALUES (1730, 'Anthony', 'King', '592-7601784', 'anthony.king1730@email.com', '1975-01-01');
INSERT INTO passenger (person_id, id_number) VALUES (1730, 'GY-PASS-1730');
INSERT INTO person (person_id, first_name, last_name, phone, email, date_of_birth) VALUES (1731, 'Jeffrey', 'Gonzalez', '592-6325897', 'jeffrey.gonzalez1731@email.com', '1975-01-01');
INSERT INTO passenger (person_id, id_number) VALUES (1731, 'GY-PASS-1731');
INSERT INTO person (person_id, first_name, last_name, phone, email, date_of_birth) VALUES (1732, 'Betty', 'Wright', '592-7941607', 'betty.wright1732@email.com', '1978-01-01');
INSERT INTO passenger (person_id, id_number) VALUES (1732, 'GY-PASS-1732');
INSERT INTO person (person_id, first_name, last_name, phone, email, date_of_birth) VALUES (1733, 'Andrew', 'Jones', '592-6011809', 'andrew.jones1733@email.com', '2003-01-01');
INSERT INTO passenger (person_id, id_number) VALUES (1733, 'GY-PASS-1733');
INSERT INTO person (person_id, first_name, last_name, phone, email, date_of_birth) VALUES (1734, 'Anthony', 'Parker', '592-7554472', 'anthony.parker1734@email.com', '1987-01-01');
INSERT INTO passenger (person_id, id_number) VALUES (1734, 'GY-PASS-1734');
INSERT INTO person (person_id, first_name, last_name, phone, email, date_of_birth) VALUES (1735, 'Jason', 'Nelson', '592-6085869', 'jason.nelson1735@email.com', '2014-01-01');
INSERT INTO passenger (person_id, id_number) VALUES (1735, 'GY-PASS-1735');
INSERT INTO person (person_id, first_name, last_name, phone, email, date_of_birth) VALUES (1736, 'Jason', 'Brown', '592-6068649', 'jason.brown1736@email.com', '1980-01-01');
INSERT INTO passenger (person_id, id_number) VALUES (1736, 'GY-PASS-1736');
INSERT INTO person (person_id, first_name, last_name, phone, email, date_of_birth) VALUES (1737, 'Jennifer', 'Taylor', '592-6868025', 'jennifer.taylor1737@email.com', '2009-01-01');
INSERT INTO passenger (person_id, id_number) VALUES (1737, 'GY-PASS-1737');
INSERT INTO person (person_id, first_name, last_name, phone, email, date_of_birth) VALUES (1738, 'Mary', 'Young', '592-7969924', 'mary.young1738@email.com', '1952-01-01');
INSERT INTO passenger (person_id, id_number) VALUES (1738, 'GY-PASS-1738');
INSERT INTO person (person_id, first_name, last_name, phone, email, date_of_birth) VALUES (1739, 'Michelle', 'Wright', '592-7785773', 'michelle.wright1739@email.com', '1973-01-01');
INSERT INTO passenger (person_id, id_number) VALUES (1739, 'GY-PASS-1739');
INSERT INTO person (person_id, first_name, last_name, phone, email, date_of_birth) VALUES (1740, 'William', 'Scott', '592-6425637', 'william.scott1740@email.com', '2005-01-01');
INSERT INTO passenger (person_id, id_number) VALUES (1740, 'GY-PASS-1740');
INSERT INTO person (person_id, first_name, last_name, phone, email, date_of_birth) VALUES (1741, 'Ryan', 'Scott', '592-6273234', 'ryan.scott1741@email.com', '1959-01-01');
INSERT INTO passenger (person_id, id_number) VALUES (1741, 'GY-PASS-1741');
INSERT INTO person (person_id, first_name, last_name, phone, email, date_of_birth) VALUES (1742, 'John', 'Nelson', '592-7184648', 'john.nelson1742@email.com', '1963-01-01');
INSERT INTO passenger (person_id, id_number) VALUES (1742, 'GY-PASS-1742');
INSERT INTO person (person_id, first_name, last_name, phone, email, date_of_birth) VALUES (1743, 'Jeffrey', 'Young', '592-7942876', 'jeffrey.young1743@email.com', '1985-01-01');
INSERT INTO passenger (person_id, id_number) VALUES (1743, 'GY-PASS-1743');
INSERT INTO person (person_id, first_name, last_name, phone, email, date_of_birth) VALUES (1744, 'Deborah', 'Phillips', '592-7134049', 'deborah.phillips1744@email.com', '1977-01-01');
INSERT INTO passenger (person_id, id_number) VALUES (1744, 'GY-PASS-1744');
INSERT INTO person (person_id, first_name, last_name, phone, email, date_of_birth) VALUES (1745, 'Matthew', 'Lopez', '592-6475790', 'matthew.lopez1745@email.com', '1952-01-01');
INSERT INTO passenger (person_id, id_number) VALUES (1745, 'GY-PASS-1745');
INSERT INTO person (person_id, first_name, last_name, phone, email, date_of_birth) VALUES (1746, 'Edward', 'Thompson', '592-6986752', 'edward.thompson1746@email.com', '2003-01-01');
INSERT INTO passenger (person_id, id_number) VALUES (1746, 'GY-PASS-1746');
INSERT INTO person (person_id, first_name, last_name, phone, email, date_of_birth) VALUES (1747, 'Robert', 'Adams', '592-6223941', 'robert.adams1747@email.com', '2010-01-01');
INSERT INTO passenger (person_id, id_number) VALUES (1747, 'GY-PASS-1747');
INSERT INTO person (person_id, first_name, last_name, phone, email, date_of_birth) VALUES (1748, 'Karen', 'Bell', '592-7138515', 'karen.bell1748@email.com', '1967-01-01');
INSERT INTO passenger (person_id, id_number) VALUES (1748, 'GY-PASS-1748');
INSERT INTO person (person_id, first_name, last_name, phone, email, date_of_birth) VALUES (1749, 'Michael', 'Taylor', '592-6361048', 'michael.taylor1749@email.com', '1982-01-01');
INSERT INTO passenger (person_id, id_number) VALUES (1749, 'GY-PASS-1749');
INSERT INTO person (person_id, first_name, last_name, phone, email, date_of_birth) VALUES (1750, 'Christopher', 'Moore', '592-7561114', 'christopher.moore1750@email.com', '2002-01-01');
INSERT INTO passenger (person_id, id_number) VALUES (1750, 'GY-PASS-1750');
INSERT INTO person (person_id, first_name, last_name, phone, email, date_of_birth) VALUES (1751, 'Joshua', 'Lopez', '592-7223786', 'joshua.lopez1751@email.com', '1957-01-01');
INSERT INTO passenger (person_id, id_number) VALUES (1751, 'GY-PASS-1751');
INSERT INTO person (person_id, first_name, last_name, phone, email, date_of_birth) VALUES (1752, 'Michelle', 'Young', '592-6194049', 'michelle.young1752@email.com', '2011-01-01');
INSERT INTO passenger (person_id, id_number) VALUES (1752, 'GY-PASS-1752');
INSERT INTO person (person_id, first_name, last_name, phone, email, date_of_birth) VALUES (1753, 'Thomas', 'Bell', '592-6146082', 'thomas.bell1753@email.com', '2015-01-01');
INSERT INTO passenger (person_id, id_number) VALUES (1753, 'GY-PASS-1753');
INSERT INTO person (person_id, first_name, last_name, phone, email, date_of_birth) VALUES (1754, 'William', 'Smith', '592-6346047', 'william.smith1754@email.com', '1999-01-01');
INSERT INTO passenger (person_id, id_number) VALUES (1754, 'GY-PASS-1754');
INSERT INTO person (person_id, first_name, last_name, phone, email, date_of_birth) VALUES (1755, 'Robert', 'Garcia', '592-6581171', 'robert.garcia1755@email.com', '1953-01-01');
INSERT INTO passenger (person_id, id_number) VALUES (1755, 'GY-PASS-1755');
INSERT INTO person (person_id, first_name, last_name, phone, email, date_of_birth) VALUES (1756, 'Michelle', 'Lewis', '592-7304963', 'michelle.lewis1756@email.com', '1954-01-01');
INSERT INTO passenger (person_id, id_number) VALUES (1756, 'GY-PASS-1756');
INSERT INTO person (person_id, first_name, last_name, phone, email, date_of_birth) VALUES (1757, 'Steven', 'Clark', '592-6933221', 'steven.clark1757@email.com', '1956-01-01');
INSERT INTO passenger (person_id, id_number) VALUES (1757, 'GY-PASS-1757');
INSERT INTO person (person_id, first_name, last_name, phone, email, date_of_birth) VALUES (1758, 'Rebecca', 'Hernandez', '592-7402123', 'rebecca.hernandez1758@email.com', '2011-01-01');
INSERT INTO passenger (person_id, id_number) VALUES (1758, 'GY-PASS-1758');
INSERT INTO person (person_id, first_name, last_name, phone, email, date_of_birth) VALUES (1759, 'Emily', 'Gonzalez', '592-6504163', 'emily.gonzalez1759@email.com', '1952-01-01');
INSERT INTO passenger (person_id, id_number) VALUES (1759, 'GY-PASS-1759');
INSERT INTO person (person_id, first_name, last_name, phone, email, date_of_birth) VALUES (1760, 'Thomas', 'Carter', '592-7231184', 'thomas.carter1760@email.com', '2014-01-01');
INSERT INTO passenger (person_id, id_number) VALUES (1760, 'GY-PASS-1760');
INSERT INTO person (person_id, first_name, last_name, phone, email, date_of_birth) VALUES (1761, 'Amanda', 'Edwards', '592-7306481', 'amanda.edwards1761@email.com', '1965-01-01');
INSERT INTO passenger (person_id, id_number) VALUES (1761, 'GY-PASS-1761');
INSERT INTO person (person_id, first_name, last_name, phone, email, date_of_birth) VALUES (1762, 'Linda', 'Martinez', '592-7051791', 'linda.martinez1762@email.com', '2006-01-01');
INSERT INTO passenger (person_id, id_number) VALUES (1762, 'GY-PASS-1762');
INSERT INTO person (person_id, first_name, last_name, phone, email, date_of_birth) VALUES (1763, 'Karen', 'Phillips', '592-6974833', 'karen.phillips1763@email.com', '1950-01-01');
INSERT INTO passenger (person_id, id_number) VALUES (1763, 'GY-PASS-1763');
INSERT INTO person (person_id, first_name, last_name, phone, email, date_of_birth) VALUES (1764, 'Sarah', 'Jones', '592-6232039', 'sarah.jones1764@email.com', '1951-01-01');
INSERT INTO passenger (person_id, id_number) VALUES (1764, 'GY-PASS-1764');
INSERT INTO person (person_id, first_name, last_name, phone, email, date_of_birth) VALUES (1765, 'William', 'Martinez', '592-6747020', 'william.martinez1765@email.com', '1975-01-01');
INSERT INTO passenger (person_id, id_number) VALUES (1765, 'GY-PASS-1765');
INSERT INTO person (person_id, first_name, last_name, phone, email, date_of_birth) VALUES (1766, 'Timothy', 'Persaud', '592-6528768', 'timothy.persaud1766@email.com', '1988-01-01');
INSERT INTO passenger (person_id, id_number) VALUES (1766, 'GY-PASS-1766');
INSERT INTO person (person_id, first_name, last_name, phone, email, date_of_birth) VALUES (1767, 'Edward', 'Morgan', '592-6799276', 'edward.morgan1767@email.com', '2010-01-01');
INSERT INTO passenger (person_id, id_number) VALUES (1767, 'GY-PASS-1767');
INSERT INTO person (person_id, first_name, last_name, phone, email, date_of_birth) VALUES (1768, 'Matthew', 'Lopez', '592-7142493', 'matthew.lopez1768@email.com', '1978-01-01');
INSERT INTO passenger (person_id, id_number) VALUES (1768, 'GY-PASS-1768');
INSERT INTO person (person_id, first_name, last_name, phone, email, date_of_birth) VALUES (1769, 'Timothy', 'Baker', '592-7868552', 'timothy.baker1769@email.com', '1966-01-01');
INSERT INTO passenger (person_id, id_number) VALUES (1769, 'GY-PASS-1769');
INSERT INTO person (person_id, first_name, last_name, phone, email, date_of_birth) VALUES (1770, 'Sarah', 'Rodriguez', '592-7576894', 'sarah.rodriguez1770@email.com', '1974-01-01');
INSERT INTO passenger (person_id, id_number) VALUES (1770, 'GY-PASS-1770');
INSERT INTO person (person_id, first_name, last_name, phone, email, date_of_birth) VALUES (1771, 'David', 'White', '592-6778249', 'david.white1771@email.com', '2005-01-01');
INSERT INTO passenger (person_id, id_number) VALUES (1771, 'GY-PASS-1771');
INSERT INTO person (person_id, first_name, last_name, phone, email, date_of_birth) VALUES (1772, 'Linda', 'Lewis', '592-6287694', 'linda.lewis1772@email.com', '2011-01-01');
INSERT INTO passenger (person_id, id_number) VALUES (1772, 'GY-PASS-1772');
INSERT INTO person (person_id, first_name, last_name, phone, email, date_of_birth) VALUES (1773, 'Deborah', 'Edwards', '592-6601512', 'deborah.edwards1773@email.com', '2007-01-01');
INSERT INTO passenger (person_id, id_number) VALUES (1773, 'GY-PASS-1773');
INSERT INTO person (person_id, first_name, last_name, phone, email, date_of_birth) VALUES (1774, 'Jacob', 'Hall', '592-6476670', 'jacob.hall1774@email.com', '1997-01-01');
INSERT INTO passenger (person_id, id_number) VALUES (1774, 'GY-PASS-1774');
INSERT INTO person (person_id, first_name, last_name, phone, email, date_of_birth) VALUES (1775, 'Ronald', 'Brown', '592-7084456', 'ronald.brown1775@email.com', '1998-01-01');
INSERT INTO passenger (person_id, id_number) VALUES (1775, 'GY-PASS-1775');
INSERT INTO person (person_id, first_name, last_name, phone, email, date_of_birth) VALUES (1776, 'David', 'Walker', '592-6861074', 'david.walker1776@email.com', '1972-01-01');
INSERT INTO passenger (person_id, id_number) VALUES (1776, 'GY-PASS-1776');
INSERT INTO person (person_id, first_name, last_name, phone, email, date_of_birth) VALUES (1777, 'Jeffrey', 'Campbell', '592-7548064', 'jeffrey.campbell1777@email.com', '2009-01-01');
INSERT INTO passenger (person_id, id_number) VALUES (1777, 'GY-PASS-1777');
INSERT INTO person (person_id, first_name, last_name, phone, email, date_of_birth) VALUES (1778, 'Amanda', 'Miller', '592-6859170', 'amanda.miller1778@email.com', '1980-01-01');
INSERT INTO passenger (person_id, id_number) VALUES (1778, 'GY-PASS-1778');
INSERT INTO person (person_id, first_name, last_name, phone, email, date_of_birth) VALUES (1779, 'John', 'Lee', '592-7406031', 'john.lee1779@email.com', '1959-01-01');
INSERT INTO passenger (person_id, id_number) VALUES (1779, 'GY-PASS-1779');
INSERT INTO person (person_id, first_name, last_name, phone, email, date_of_birth) VALUES (1780, 'John', 'White', '592-6402107', 'john.white1780@email.com', '1953-01-01');
INSERT INTO passenger (person_id, id_number) VALUES (1780, 'GY-PASS-1780');
INSERT INTO person (person_id, first_name, last_name, phone, email, date_of_birth) VALUES (1781, 'Lisa', 'Perez', '592-7166311', 'lisa.perez1781@email.com', '1963-01-01');
INSERT INTO passenger (person_id, id_number) VALUES (1781, 'GY-PASS-1781');
INSERT INTO person (person_id, first_name, last_name, phone, email, date_of_birth) VALUES (1782, 'Robert', 'Lopez', '592-7972852', 'robert.lopez1782@email.com', '1968-01-01');
INSERT INTO passenger (person_id, id_number) VALUES (1782, 'GY-PASS-1782');
INSERT INTO person (person_id, first_name, last_name, phone, email, date_of_birth) VALUES (1783, 'David', 'Bell', '592-7186413', 'david.bell1783@email.com', '1998-01-01');
INSERT INTO passenger (person_id, id_number) VALUES (1783, 'GY-PASS-1783');
INSERT INTO person (person_id, first_name, last_name, phone, email, date_of_birth) VALUES (1784, 'Jason', 'Williams', '592-7412082', 'jason.williams1784@email.com', '1962-01-01');
INSERT INTO passenger (person_id, id_number) VALUES (1784, 'GY-PASS-1784');
INSERT INTO person (person_id, first_name, last_name, phone, email, date_of_birth) VALUES (1785, 'David', 'Williams', '592-6217592', 'david.williams1785@email.com', '1957-01-01');
INSERT INTO passenger (person_id, id_number) VALUES (1785, 'GY-PASS-1785');
INSERT INTO person (person_id, first_name, last_name, phone, email, date_of_birth) VALUES (1786, 'Michael', 'Thomas', '592-7747560', 'michael.thomas1786@email.com', '1994-01-01');
INSERT INTO passenger (person_id, id_number) VALUES (1786, 'GY-PASS-1786');
INSERT INTO person (person_id, first_name, last_name, phone, email, date_of_birth) VALUES (1787, 'Robert', 'Phillips', '592-6664639', 'robert.phillips1787@email.com', '2001-01-01');
INSERT INTO passenger (person_id, id_number) VALUES (1787, 'GY-PASS-1787');
INSERT INTO person (person_id, first_name, last_name, phone, email, date_of_birth) VALUES (1788, 'Ryan', 'Davis', '592-6558091', 'ryan.davis1788@email.com', '1996-01-01');
INSERT INTO passenger (person_id, id_number) VALUES (1788, 'GY-PASS-1788');
INSERT INTO person (person_id, first_name, last_name, phone, email, date_of_birth) VALUES (1789, 'Kevin', 'Thomas', '592-6526121', 'kevin.thomas1789@email.com', '1965-01-01');
INSERT INTO passenger (person_id, id_number) VALUES (1789, 'GY-PASS-1789');
INSERT INTO person (person_id, first_name, last_name, phone, email, date_of_birth) VALUES (1790, 'Margaret', 'Nelson', '592-7763037', 'margaret.nelson1790@email.com', '1973-01-01');
INSERT INTO passenger (person_id, id_number) VALUES (1790, 'GY-PASS-1790');
INSERT INTO person (person_id, first_name, last_name, phone, email, date_of_birth) VALUES (1791, 'Kevin', 'Moore', '592-6864395', 'kevin.moore1791@email.com', '2003-01-01');
INSERT INTO passenger (person_id, id_number) VALUES (1791, 'GY-PASS-1791');
INSERT INTO person (person_id, first_name, last_name, phone, email, date_of_birth) VALUES (1792, 'Susan', 'Smith', '592-6949226', 'susan.smith1792@email.com', '2008-01-01');
INSERT INTO passenger (person_id, id_number) VALUES (1792, 'GY-PASS-1792');
INSERT INTO person (person_id, first_name, last_name, phone, email, date_of_birth) VALUES (1793, 'Edward', 'Carter', '592-7013979', 'edward.carter1793@email.com', '1966-01-01');
INSERT INTO passenger (person_id, id_number) VALUES (1793, 'GY-PASS-1793');
INSERT INTO person (person_id, first_name, last_name, phone, email, date_of_birth) VALUES (1794, 'Linda', 'Brown', '592-7766784', 'linda.brown1794@email.com', '1991-01-01');
INSERT INTO passenger (person_id, id_number) VALUES (1794, 'GY-PASS-1794');
INSERT INTO person (person_id, first_name, last_name, phone, email, date_of_birth) VALUES (1795, 'Richard', 'Walker', '592-7137577', 'richard.walker1795@email.com', '1964-01-01');
INSERT INTO passenger (person_id, id_number) VALUES (1795, 'GY-PASS-1795');
INSERT INTO person (person_id, first_name, last_name, phone, email, date_of_birth) VALUES (1796, 'Kimberly', 'Bell', '592-7988442', 'kimberly.bell1796@email.com', '2003-01-01');
INSERT INTO passenger (person_id, id_number) VALUES (1796, 'GY-PASS-1796');
INSERT INTO person (person_id, first_name, last_name, phone, email, date_of_birth) VALUES (1797, 'Anthony', 'Lewis', '592-6036765', 'anthony.lewis1797@email.com', '1997-01-01');
INSERT INTO passenger (person_id, id_number) VALUES (1797, 'GY-PASS-1797');
INSERT INTO person (person_id, first_name, last_name, phone, email, date_of_birth) VALUES (1798, 'William', 'Hall', '592-6074436', 'william.hall1798@email.com', '1969-01-01');
INSERT INTO passenger (person_id, id_number) VALUES (1798, 'GY-PASS-1798');
INSERT INTO person (person_id, first_name, last_name, phone, email, date_of_birth) VALUES (1799, 'James', 'Wilson', '592-7496662', 'james.wilson1799@email.com', '1999-01-01');
INSERT INTO passenger (person_id, id_number) VALUES (1799, 'GY-PASS-1799');
INSERT INTO person (person_id, first_name, last_name, phone, email, date_of_birth) VALUES (1800, 'Matthew', 'Morris', '592-7543730', 'matthew.morris1800@email.com', '1950-01-01');
INSERT INTO passenger (person_id, id_number) VALUES (1800, 'GY-PASS-1800');
INSERT INTO person (person_id, first_name, last_name, phone, email, date_of_birth) VALUES (1801, 'Edward', 'Moore', '592-7306080', 'edward.moore1801@email.com', '1995-01-01');
INSERT INTO passenger (person_id, id_number) VALUES (1801, 'GY-PASS-1801');
INSERT INTO person (person_id, first_name, last_name, phone, email, date_of_birth) VALUES (1802, 'Kimberly', 'Walker', '592-7816784', 'kimberly.walker1802@email.com', '1952-01-01');
INSERT INTO passenger (person_id, id_number) VALUES (1802, 'GY-PASS-1802');
INSERT INTO person (person_id, first_name, last_name, phone, email, date_of_birth) VALUES (1803, 'Sarah', 'Garcia', '592-6578437', 'sarah.garcia1803@email.com', '1990-01-01');
INSERT INTO passenger (person_id, id_number) VALUES (1803, 'GY-PASS-1803');
INSERT INTO person (person_id, first_name, last_name, phone, email, date_of_birth) VALUES (1804, 'Margaret', 'Adams', '592-6028088', 'margaret.adams1804@email.com', '1961-01-01');
INSERT INTO passenger (person_id, id_number) VALUES (1804, 'GY-PASS-1804');
INSERT INTO person (person_id, first_name, last_name, phone, email, date_of_birth) VALUES (1805, 'Jeffrey', 'Martin', '592-7434242', 'jeffrey.martin1805@email.com', '2006-01-01');
INSERT INTO passenger (person_id, id_number) VALUES (1805, 'GY-PASS-1805');
INSERT INTO person (person_id, first_name, last_name, phone, email, date_of_birth) VALUES (1806, 'Susan', 'Lewis', '592-6714359', 'susan.lewis1806@email.com', '2003-01-01');
INSERT INTO passenger (person_id, id_number) VALUES (1806, 'GY-PASS-1806');
INSERT INTO person (person_id, first_name, last_name, phone, email, date_of_birth) VALUES (1807, 'Nancy', 'White', '592-7032948', 'nancy.white1807@email.com', '1979-01-01');
INSERT INTO passenger (person_id, id_number) VALUES (1807, 'GY-PASS-1807');
INSERT INTO person (person_id, first_name, last_name, phone, email, date_of_birth) VALUES (1808, 'Jeffrey', 'Hall', '592-7664932', 'jeffrey.hall1808@email.com', '1975-01-01');
INSERT INTO passenger (person_id, id_number) VALUES (1808, 'GY-PASS-1808');
INSERT INTO person (person_id, first_name, last_name, phone, email, date_of_birth) VALUES (1809, 'Nancy', 'Garcia', '592-7505573', 'nancy.garcia1809@email.com', '1988-01-01');
INSERT INTO passenger (person_id, id_number) VALUES (1809, 'GY-PASS-1809');
INSERT INTO person (person_id, first_name, last_name, phone, email, date_of_birth) VALUES (1810, 'Kenneth', 'Hernandez', '592-7252034', 'kenneth.hernandez1810@email.com', '2013-01-01');
INSERT INTO passenger (person_id, id_number) VALUES (1810, 'GY-PASS-1810');
INSERT INTO person (person_id, first_name, last_name, phone, email, date_of_birth) VALUES (1811, 'Christopher', 'Wright', '592-7657819', 'christopher.wright1811@email.com', '1962-01-01');
INSERT INTO passenger (person_id, id_number) VALUES (1811, 'GY-PASS-1811');
INSERT INTO person (person_id, first_name, last_name, phone, email, date_of_birth) VALUES (1812, 'Kathleen', 'Scott', '592-7029829', 'kathleen.scott1812@email.com', '1960-01-01');
INSERT INTO passenger (person_id, id_number) VALUES (1812, 'GY-PASS-1812');
INSERT INTO person (person_id, first_name, last_name, phone, email, date_of_birth) VALUES (1813, 'Dorothy', 'Baker', '592-7059279', 'dorothy.baker1813@email.com', '1985-01-01');
INSERT INTO passenger (person_id, id_number) VALUES (1813, 'GY-PASS-1813');
INSERT INTO person (person_id, first_name, last_name, phone, email, date_of_birth) VALUES (1814, 'Donald', 'Hill', '592-6457971', 'donald.hill1814@email.com', '2010-01-01');
INSERT INTO passenger (person_id, id_number) VALUES (1814, 'GY-PASS-1814');
INSERT INTO person (person_id, first_name, last_name, phone, email, date_of_birth) VALUES (1815, 'Nancy', 'Davis', '592-7966370', 'nancy.davis1815@email.com', '1990-01-01');
INSERT INTO passenger (person_id, id_number) VALUES (1815, 'GY-PASS-1815');
INSERT INTO person (person_id, first_name, last_name, phone, email, date_of_birth) VALUES (1816, 'Patricia', 'Robinson', '592-7768651', 'patricia.robinson1816@email.com', '2008-01-01');
INSERT INTO passenger (person_id, id_number) VALUES (1816, 'GY-PASS-1816');
INSERT INTO person (person_id, first_name, last_name, phone, email, date_of_birth) VALUES (1817, 'Matthew', 'Hernandez', '592-6241439', 'matthew.hernandez1817@email.com', '1969-01-01');
INSERT INTO passenger (person_id, id_number) VALUES (1817, 'GY-PASS-1817');
INSERT INTO person (person_id, first_name, last_name, phone, email, date_of_birth) VALUES (1818, 'Sharon', 'Carter', '592-6148400', 'sharon.carter1818@email.com', '1958-01-01');
INSERT INTO passenger (person_id, id_number) VALUES (1818, 'GY-PASS-1818');
INSERT INTO person (person_id, first_name, last_name, phone, email, date_of_birth) VALUES (1819, 'Donald', 'White', '592-7143296', 'donald.white1819@email.com', '1950-01-01');
INSERT INTO passenger (person_id, id_number) VALUES (1819, 'GY-PASS-1819');
INSERT INTO person (person_id, first_name, last_name, phone, email, date_of_birth) VALUES (1820, 'Carol', 'Bell', '592-7808433', 'carol.bell1820@email.com', '1956-01-01');
INSERT INTO passenger (person_id, id_number) VALUES (1820, 'GY-PASS-1820');
INSERT INTO person (person_id, first_name, last_name, phone, email, date_of_birth) VALUES (1821, 'Edward', 'Persaud', '592-7275246', 'edward.persaud1821@email.com', '1956-01-01');
INSERT INTO passenger (person_id, id_number) VALUES (1821, 'GY-PASS-1821');
INSERT INTO person (person_id, first_name, last_name, phone, email, date_of_birth) VALUES (1822, 'Sandra', 'Rodriguez', '592-6868895', 'sandra.rodriguez1822@email.com', '1976-01-01');
INSERT INTO passenger (person_id, id_number) VALUES (1822, 'GY-PASS-1822');
INSERT INTO person (person_id, first_name, last_name, phone, email, date_of_birth) VALUES (1823, 'Dorothy', 'Martin', '592-6672726', 'dorothy.martin1823@email.com', '1996-01-01');
INSERT INTO passenger (person_id, id_number) VALUES (1823, 'GY-PASS-1823');
INSERT INTO person (person_id, first_name, last_name, phone, email, date_of_birth) VALUES (1824, 'Cynthia', 'Jones', '592-7776237', 'cynthia.jones1824@email.com', '1976-01-01');
INSERT INTO passenger (person_id, id_number) VALUES (1824, 'GY-PASS-1824');
INSERT INTO person (person_id, first_name, last_name, phone, email, date_of_birth) VALUES (1825, 'Sarah', 'Lewis', '592-7106882', 'sarah.lewis1825@email.com', '1993-01-01');
INSERT INTO passenger (person_id, id_number) VALUES (1825, 'GY-PASS-1825');
INSERT INTO person (person_id, first_name, last_name, phone, email, date_of_birth) VALUES (1826, 'Edward', 'Singh', '592-7226897', 'edward.singh1826@email.com', '1953-01-01');
INSERT INTO passenger (person_id, id_number) VALUES (1826, 'GY-PASS-1826');
INSERT INTO person (person_id, first_name, last_name, phone, email, date_of_birth) VALUES (1827, 'Jacob', 'Robinson', '592-6509888', 'jacob.robinson1827@email.com', '1996-01-01');
INSERT INTO passenger (person_id, id_number) VALUES (1827, 'GY-PASS-1827');
INSERT INTO person (person_id, first_name, last_name, phone, email, date_of_birth) VALUES (1828, 'Karen', 'Carter', '592-6648361', 'karen.carter1828@email.com', '1981-01-01');
INSERT INTO passenger (person_id, id_number) VALUES (1828, 'GY-PASS-1828');
INSERT INTO person (person_id, first_name, last_name, phone, email, date_of_birth) VALUES (1829, 'Joseph', 'Singh', '592-7263241', 'joseph.singh1829@email.com', '1961-01-01');
INSERT INTO passenger (person_id, id_number) VALUES (1829, 'GY-PASS-1829');
INSERT INTO person (person_id, first_name, last_name, phone, email, date_of_birth) VALUES (1830, 'Amanda', 'Anderson', '592-6773352', 'amanda.anderson1830@email.com', '1991-01-01');
INSERT INTO passenger (person_id, id_number) VALUES (1830, 'GY-PASS-1830');
INSERT INTO person (person_id, first_name, last_name, phone, email, date_of_birth) VALUES (1831, 'Emily', 'Harris', '592-7855799', 'emily.harris1831@email.com', '1973-01-01');
INSERT INTO passenger (person_id, id_number) VALUES (1831, 'GY-PASS-1831');
INSERT INTO person (person_id, first_name, last_name, phone, email, date_of_birth) VALUES (1832, 'Ronald', 'Young', '592-6781745', 'ronald.young1832@email.com', '1979-01-01');
INSERT INTO passenger (person_id, id_number) VALUES (1832, 'GY-PASS-1832');
INSERT INTO person (person_id, first_name, last_name, phone, email, date_of_birth) VALUES (1833, 'Ryan', 'Davis', '592-6981715', 'ryan.davis1833@email.com', '1973-01-01');
INSERT INTO passenger (person_id, id_number) VALUES (1833, 'GY-PASS-1833');
INSERT INTO person (person_id, first_name, last_name, phone, email, date_of_birth) VALUES (1834, 'Carol', 'Garcia', '592-6206011', 'carol.garcia1834@email.com', '2000-01-01');
INSERT INTO passenger (person_id, id_number) VALUES (1834, 'GY-PASS-1834');
INSERT INTO person (person_id, first_name, last_name, phone, email, date_of_birth) VALUES (1835, 'Amanda', 'Wright', '592-7442778', 'amanda.wright1835@email.com', '1980-01-01');
INSERT INTO passenger (person_id, id_number) VALUES (1835, 'GY-PASS-1835');
INSERT INTO person (person_id, first_name, last_name, phone, email, date_of_birth) VALUES (1836, 'Jennifer', 'Wilson', '592-6184533', 'jennifer.wilson1836@email.com', '2003-01-01');
INSERT INTO passenger (person_id, id_number) VALUES (1836, 'GY-PASS-1836');
INSERT INTO person (person_id, first_name, last_name, phone, email, date_of_birth) VALUES (1837, 'Amanda', 'Hernandez', '592-7517400', 'amanda.hernandez1837@email.com', '1978-01-01');
INSERT INTO passenger (person_id, id_number) VALUES (1837, 'GY-PASS-1837');
INSERT INTO person (person_id, first_name, last_name, phone, email, date_of_birth) VALUES (1838, 'Rebecca', 'Persaud', '592-7282508', 'rebecca.persaud1838@email.com', '1985-01-01');
INSERT INTO passenger (person_id, id_number) VALUES (1838, 'GY-PASS-1838');
INSERT INTO person (person_id, first_name, last_name, phone, email, date_of_birth) VALUES (1839, 'Margaret', 'Nelson', '592-7383536', 'margaret.nelson1839@email.com', '2010-01-01');
INSERT INTO passenger (person_id, id_number) VALUES (1839, 'GY-PASS-1839');
INSERT INTO person (person_id, first_name, last_name, phone, email, date_of_birth) VALUES (1840, 'Emily', 'Thompson', '592-7541762', 'emily.thompson1840@email.com', '1980-01-01');
INSERT INTO passenger (person_id, id_number) VALUES (1840, 'GY-PASS-1840');
INSERT INTO person (person_id, first_name, last_name, phone, email, date_of_birth) VALUES (1841, 'Kathleen', 'Brown', '592-6464608', 'kathleen.brown1841@email.com', '1988-01-01');
INSERT INTO passenger (person_id, id_number) VALUES (1841, 'GY-PASS-1841');
INSERT INTO person (person_id, first_name, last_name, phone, email, date_of_birth) VALUES (1842, 'Steven', 'Singh', '592-6125175', 'steven.singh1842@email.com', '2005-01-01');
INSERT INTO passenger (person_id, id_number) VALUES (1842, 'GY-PASS-1842');
INSERT INTO person (person_id, first_name, last_name, phone, email, date_of_birth) VALUES (1843, 'Melissa', 'Turner', '592-7988916', 'melissa.turner1843@email.com', '1985-01-01');
INSERT INTO passenger (person_id, id_number) VALUES (1843, 'GY-PASS-1843');
INSERT INTO person (person_id, first_name, last_name, phone, email, date_of_birth) VALUES (1844, 'Christopher', 'Perez', '592-7551527', 'christopher.perez1844@email.com', '2003-01-01');
INSERT INTO passenger (person_id, id_number) VALUES (1844, 'GY-PASS-1844');
INSERT INTO person (person_id, first_name, last_name, phone, email, date_of_birth) VALUES (1845, 'Sharon', 'Scott', '592-7106470', 'sharon.scott1845@email.com', '1962-01-01');
INSERT INTO passenger (person_id, id_number) VALUES (1845, 'GY-PASS-1845');
INSERT INTO person (person_id, first_name, last_name, phone, email, date_of_birth) VALUES (1846, 'Margaret', 'Martin', '592-6808347', 'margaret.martin1846@email.com', '1964-01-01');
INSERT INTO passenger (person_id, id_number) VALUES (1846, 'GY-PASS-1846');
INSERT INTO person (person_id, first_name, last_name, phone, email, date_of_birth) VALUES (1847, 'Daniel', 'Hill', '592-7116677', 'daniel.hill1847@email.com', '2015-01-01');
INSERT INTO passenger (person_id, id_number) VALUES (1847, 'GY-PASS-1847');
INSERT INTO person (person_id, first_name, last_name, phone, email, date_of_birth) VALUES (1848, 'Donald', 'Stewart', '592-7135994', 'donald.stewart1848@email.com', '1985-01-01');
INSERT INTO passenger (person_id, id_number) VALUES (1848, 'GY-PASS-1848');
INSERT INTO person (person_id, first_name, last_name, phone, email, date_of_birth) VALUES (1849, 'Karen', 'Collins', '592-6925897', 'karen.collins1849@email.com', '1999-01-01');
INSERT INTO passenger (person_id, id_number) VALUES (1849, 'GY-PASS-1849');
INSERT INTO person (person_id, first_name, last_name, phone, email, date_of_birth) VALUES (1850, 'Jacob', 'Edwards', '592-6792331', 'jacob.edwards1850@email.com', '1955-01-01');
INSERT INTO passenger (person_id, id_number) VALUES (1850, 'GY-PASS-1850');
INSERT INTO person (person_id, first_name, last_name, phone, email, date_of_birth) VALUES (1851, 'Jason', 'Mitchell', '592-6619379', 'jason.mitchell1851@email.com', '1996-01-01');
INSERT INTO passenger (person_id, id_number) VALUES (1851, 'GY-PASS-1851');
INSERT INTO person (person_id, first_name, last_name, phone, email, date_of_birth) VALUES (1852, 'Susan', 'Roberts', '592-7106149', 'susan.roberts1852@email.com', '1984-01-01');
INSERT INTO passenger (person_id, id_number) VALUES (1852, 'GY-PASS-1852');
INSERT INTO person (person_id, first_name, last_name, phone, email, date_of_birth) VALUES (1853, 'Elizabeth', 'Morgan', '592-7006690', 'elizabeth.morgan1853@email.com', '1956-01-01');
INSERT INTO passenger (person_id, id_number) VALUES (1853, 'GY-PASS-1853');
INSERT INTO person (person_id, first_name, last_name, phone, email, date_of_birth) VALUES (1854, 'Thomas', 'Sanchez', '592-6508810', 'thomas.sanchez1854@email.com', '2003-01-01');
INSERT INTO passenger (person_id, id_number) VALUES (1854, 'GY-PASS-1854');
INSERT INTO person (person_id, first_name, last_name, phone, email, date_of_birth) VALUES (1855, 'Jessica', 'Murphy', '592-6613353', 'jessica.murphy1855@email.com', '1971-01-01');
INSERT INTO passenger (person_id, id_number) VALUES (1855, 'GY-PASS-1855');
INSERT INTO person (person_id, first_name, last_name, phone, email, date_of_birth) VALUES (1856, 'Karen', 'Reed', '592-6712617', 'karen.reed1856@email.com', '1966-01-01');
INSERT INTO passenger (person_id, id_number) VALUES (1856, 'GY-PASS-1856');
INSERT INTO person (person_id, first_name, last_name, phone, email, date_of_birth) VALUES (1857, 'Betty', 'Robinson', '592-7972381', 'betty.robinson1857@email.com', '1963-01-01');
INSERT INTO passenger (person_id, id_number) VALUES (1857, 'GY-PASS-1857');
INSERT INTO person (person_id, first_name, last_name, phone, email, date_of_birth) VALUES (1858, 'Brian', 'Rogers', '592-7806008', 'brian.rogers1858@email.com', '1981-01-01');
INSERT INTO passenger (person_id, id_number) VALUES (1858, 'GY-PASS-1858');
INSERT INTO person (person_id, first_name, last_name, phone, email, date_of_birth) VALUES (1859, 'Jessica', 'Thompson', '592-7427482', 'jessica.thompson1859@email.com', '1975-01-01');
INSERT INTO passenger (person_id, id_number) VALUES (1859, 'GY-PASS-1859');
INSERT INTO person (person_id, first_name, last_name, phone, email, date_of_birth) VALUES (1860, 'Mark', 'Reed', '592-7166000', 'mark.reed1860@email.com', '1980-01-01');
INSERT INTO passenger (person_id, id_number) VALUES (1860, 'GY-PASS-1860');
INSERT INTO person (person_id, first_name, last_name, phone, email, date_of_birth) VALUES (1861, 'Margaret', 'Wilson', '592-7927345', 'margaret.wilson1861@email.com', '1975-01-01');
INSERT INTO passenger (person_id, id_number) VALUES (1861, 'GY-PASS-1861');
INSERT INTO person (person_id, first_name, last_name, phone, email, date_of_birth) VALUES (1862, 'Betty', 'Smith', '592-7012619', 'betty.smith1862@email.com', '1950-01-01');
INSERT INTO passenger (person_id, id_number) VALUES (1862, 'GY-PASS-1862');
INSERT INTO person (person_id, first_name, last_name, phone, email, date_of_birth) VALUES (1863, 'Sharon', 'Lopez', '592-7798582', 'sharon.lopez1863@email.com', '2008-01-01');
INSERT INTO passenger (person_id, id_number) VALUES (1863, 'GY-PASS-1863');
INSERT INTO person (person_id, first_name, last_name, phone, email, date_of_birth) VALUES (1864, 'Daniel', 'Parker', '592-7468870', 'daniel.parker1864@email.com', '2012-01-01');
INSERT INTO passenger (person_id, id_number) VALUES (1864, 'GY-PASS-1864');
INSERT INTO person (person_id, first_name, last_name, phone, email, date_of_birth) VALUES (1865, 'Susan', 'King', '592-7191323', 'susan.king1865@email.com', '1998-01-01');
INSERT INTO passenger (person_id, id_number) VALUES (1865, 'GY-PASS-1865');
INSERT INTO person (person_id, first_name, last_name, phone, email, date_of_birth) VALUES (1866, 'Mark', 'Turner', '592-6825582', 'mark.turner1866@email.com', '2004-01-01');
INSERT INTO passenger (person_id, id_number) VALUES (1866, 'GY-PASS-1866');
INSERT INTO person (person_id, first_name, last_name, phone, email, date_of_birth) VALUES (1867, 'Kevin', 'Edwards', '592-7546336', 'kevin.edwards1867@email.com', '1967-01-01');
INSERT INTO passenger (person_id, id_number) VALUES (1867, 'GY-PASS-1867');
INSERT INTO person (person_id, first_name, last_name, phone, email, date_of_birth) VALUES (1868, 'Laura', 'Stewart', '592-7951625', 'laura.stewart1868@email.com', '1951-01-01');
INSERT INTO passenger (person_id, id_number) VALUES (1868, 'GY-PASS-1868');
INSERT INTO person (person_id, first_name, last_name, phone, email, date_of_birth) VALUES (1869, 'Ryan', 'Garcia', '592-6376883', 'ryan.garcia1869@email.com', '1950-01-01');
INSERT INTO passenger (person_id, id_number) VALUES (1869, 'GY-PASS-1869');
INSERT INTO person (person_id, first_name, last_name, phone, email, date_of_birth) VALUES (1870, 'Christopher', 'Phillips', '592-6486690', 'christopher.phillips1870@email.com', '1962-01-01');
INSERT INTO passenger (person_id, id_number) VALUES (1870, 'GY-PASS-1870');
INSERT INTO person (person_id, first_name, last_name, phone, email, date_of_birth) VALUES (1871, 'Robert', 'White', '592-6405023', 'robert.white1871@email.com', '2003-01-01');
INSERT INTO passenger (person_id, id_number) VALUES (1871, 'GY-PASS-1871');
INSERT INTO person (person_id, first_name, last_name, phone, email, date_of_birth) VALUES (1872, 'Sandra', 'Thompson', '592-6775932', 'sandra.thompson1872@email.com', '1997-01-01');
INSERT INTO passenger (person_id, id_number) VALUES (1872, 'GY-PASS-1872');
INSERT INTO person (person_id, first_name, last_name, phone, email, date_of_birth) VALUES (1873, 'Karen', 'Campbell', '592-7318751', 'karen.campbell1873@email.com', '1962-01-01');
INSERT INTO passenger (person_id, id_number) VALUES (1873, 'GY-PASS-1873');
INSERT INTO person (person_id, first_name, last_name, phone, email, date_of_birth) VALUES (1874, 'Jennifer', 'Anderson', '592-6265480', 'jennifer.anderson1874@email.com', '1969-01-01');
INSERT INTO passenger (person_id, id_number) VALUES (1874, 'GY-PASS-1874');
INSERT INTO person (person_id, first_name, last_name, phone, email, date_of_birth) VALUES (1875, 'Kimberly', 'Jones', '592-6515753', 'kimberly.jones1875@email.com', '1998-01-01');
INSERT INTO passenger (person_id, id_number) VALUES (1875, 'GY-PASS-1875');
INSERT INTO person (person_id, first_name, last_name, phone, email, date_of_birth) VALUES (1876, 'Timothy', 'Garcia', '592-7726151', 'timothy.garcia1876@email.com', '1954-01-01');
INSERT INTO passenger (person_id, id_number) VALUES (1876, 'GY-PASS-1876');
INSERT INTO person (person_id, first_name, last_name, phone, email, date_of_birth) VALUES (1877, 'Sharon', 'Allen', '592-6943308', 'sharon.allen1877@email.com', '2015-01-01');
INSERT INTO passenger (person_id, id_number) VALUES (1877, 'GY-PASS-1877');
INSERT INTO person (person_id, first_name, last_name, phone, email, date_of_birth) VALUES (1878, 'Daniel', 'Phillips', '592-6206765', 'daniel.phillips1878@email.com', '1966-01-01');
INSERT INTO passenger (person_id, id_number) VALUES (1878, 'GY-PASS-1878');
INSERT INTO person (person_id, first_name, last_name, phone, email, date_of_birth) VALUES (1879, 'Donald', 'Walker', '592-7581300', 'donald.walker1879@email.com', '1952-01-01');
INSERT INTO passenger (person_id, id_number) VALUES (1879, 'GY-PASS-1879');
INSERT INTO person (person_id, first_name, last_name, phone, email, date_of_birth) VALUES (1880, 'James', 'Wright', '592-6365955', 'james.wright1880@email.com', '2003-01-01');
INSERT INTO passenger (person_id, id_number) VALUES (1880, 'GY-PASS-1880');
INSERT INTO person (person_id, first_name, last_name, phone, email, date_of_birth) VALUES (1881, 'Patricia', 'Moore', '592-7857536', 'patricia.moore1881@email.com', '2004-01-01');
INSERT INTO passenger (person_id, id_number) VALUES (1881, 'GY-PASS-1881');
INSERT INTO person (person_id, first_name, last_name, phone, email, date_of_birth) VALUES (1882, 'Ronald', 'Phillips', '592-7162238', 'ronald.phillips1882@email.com', '1955-01-01');
INSERT INTO passenger (person_id, id_number) VALUES (1882, 'GY-PASS-1882');
INSERT INTO person (person_id, first_name, last_name, phone, email, date_of_birth) VALUES (1883, 'Jeffrey', 'Sanchez', '592-7289849', 'jeffrey.sanchez1883@email.com', '2005-01-01');
INSERT INTO passenger (person_id, id_number) VALUES (1883, 'GY-PASS-1883');
INSERT INTO person (person_id, first_name, last_name, phone, email, date_of_birth) VALUES (1884, 'Kimberly', 'Wright', '592-7501640', 'kimberly.wright1884@email.com', '2006-01-01');
INSERT INTO passenger (person_id, id_number) VALUES (1884, 'GY-PASS-1884');
INSERT INTO person (person_id, first_name, last_name, phone, email, date_of_birth) VALUES (1885, 'Susan', 'Miller', '592-6001977', 'susan.miller1885@email.com', '2004-01-01');
INSERT INTO passenger (person_id, id_number) VALUES (1885, 'GY-PASS-1885');
INSERT INTO person (person_id, first_name, last_name, phone, email, date_of_birth) VALUES (1886, 'Thomas', 'Rodriguez', '592-6449446', 'thomas.rodriguez1886@email.com', '1961-01-01');
INSERT INTO passenger (person_id, id_number) VALUES (1886, 'GY-PASS-1886');
INSERT INTO person (person_id, first_name, last_name, phone, email, date_of_birth) VALUES (1887, 'Karen', 'Hill', '592-7259116', 'karen.hill1887@email.com', '2001-01-01');
INSERT INTO passenger (person_id, id_number) VALUES (1887, 'GY-PASS-1887');
INSERT INTO person (person_id, first_name, last_name, phone, email, date_of_birth) VALUES (1888, 'Jennifer', 'Smith', '592-7884565', 'jennifer.smith1888@email.com', '1998-01-01');
INSERT INTO passenger (person_id, id_number) VALUES (1888, 'GY-PASS-1888');
INSERT INTO person (person_id, first_name, last_name, phone, email, date_of_birth) VALUES (1889, 'Mark', 'Hernandez', '592-7286576', 'mark.hernandez1889@email.com', '1999-01-01');
INSERT INTO passenger (person_id, id_number) VALUES (1889, 'GY-PASS-1889');
INSERT INTO person (person_id, first_name, last_name, phone, email, date_of_birth) VALUES (1890, 'Kevin', 'Harris', '592-7099376', 'kevin.harris1890@email.com', '1993-01-01');
INSERT INTO passenger (person_id, id_number) VALUES (1890, 'GY-PASS-1890');
INSERT INTO person (person_id, first_name, last_name, phone, email, date_of_birth) VALUES (1891, 'Sharon', 'Lopez', '592-7959124', 'sharon.lopez1891@email.com', '1996-01-01');
INSERT INTO passenger (person_id, id_number) VALUES (1891, 'GY-PASS-1891');
INSERT INTO person (person_id, first_name, last_name, phone, email, date_of_birth) VALUES (1892, 'Jessica', 'Young', '592-6856415', 'jessica.young1892@email.com', '1960-01-01');
INSERT INTO passenger (person_id, id_number) VALUES (1892, 'GY-PASS-1892');
INSERT INTO person (person_id, first_name, last_name, phone, email, date_of_birth) VALUES (1893, 'Susan', 'Cook', '592-6688792', 'susan.cook1893@email.com', '1981-01-01');
INSERT INTO passenger (person_id, id_number) VALUES (1893, 'GY-PASS-1893');
INSERT INTO person (person_id, first_name, last_name, phone, email, date_of_birth) VALUES (1894, 'John', 'Moore', '592-7539353', 'john.moore1894@email.com', '1995-01-01');
INSERT INTO passenger (person_id, id_number) VALUES (1894, 'GY-PASS-1894');
INSERT INTO person (person_id, first_name, last_name, phone, email, date_of_birth) VALUES (1895, 'Margaret', 'Edwards', '592-7578380', 'margaret.edwards1895@email.com', '1957-01-01');
INSERT INTO passenger (person_id, id_number) VALUES (1895, 'GY-PASS-1895');
INSERT INTO person (person_id, first_name, last_name, phone, email, date_of_birth) VALUES (1896, 'Jeffrey', 'Evans', '592-6197831', 'jeffrey.evans1896@email.com', '1981-01-01');
INSERT INTO passenger (person_id, id_number) VALUES (1896, 'GY-PASS-1896');
INSERT INTO person (person_id, first_name, last_name, phone, email, date_of_birth) VALUES (1897, 'Betty', 'Mitchell', '592-7428814', 'betty.mitchell1897@email.com', '1970-01-01');
INSERT INTO passenger (person_id, id_number) VALUES (1897, 'GY-PASS-1897');
INSERT INTO person (person_id, first_name, last_name, phone, email, date_of_birth) VALUES (1898, 'Kimberly', 'Allen', '592-6831830', 'kimberly.allen1898@email.com', '1973-01-01');
INSERT INTO passenger (person_id, id_number) VALUES (1898, 'GY-PASS-1898');
INSERT INTO person (person_id, first_name, last_name, phone, email, date_of_birth) VALUES (1899, 'Jacob', 'Cook', '592-7629769', 'jacob.cook1899@email.com', '1951-01-01');
INSERT INTO passenger (person_id, id_number) VALUES (1899, 'GY-PASS-1899');
INSERT INTO person (person_id, first_name, last_name, phone, email, date_of_birth) VALUES (1900, 'William', 'Martin', '592-7027404', 'william.martin1900@email.com', '1996-01-01');
INSERT INTO passenger (person_id, id_number) VALUES (1900, 'GY-PASS-1900');
INSERT INTO person (person_id, first_name, last_name, phone, email, date_of_birth) VALUES (1901, 'Robert', 'Hall', '592-6119832', 'robert.hall1901@email.com', '1986-01-01');
INSERT INTO passenger (person_id, id_number) VALUES (1901, 'GY-PASS-1901');
INSERT INTO person (person_id, first_name, last_name, phone, email, date_of_birth) VALUES (1902, 'Ryan', 'Sanchez', '592-6872057', 'ryan.sanchez1902@email.com', '1987-01-01');
INSERT INTO passenger (person_id, id_number) VALUES (1902, 'GY-PASS-1902');
INSERT INTO person (person_id, first_name, last_name, phone, email, date_of_birth) VALUES (1903, 'Nancy', 'Martin', '592-6869166', 'nancy.martin1903@email.com', '1983-01-01');
INSERT INTO passenger (person_id, id_number) VALUES (1903, 'GY-PASS-1903');
INSERT INTO person (person_id, first_name, last_name, phone, email, date_of_birth) VALUES (1904, 'Sarah', 'Robinson', '592-6579968', 'sarah.robinson1904@email.com', '1983-01-01');
INSERT INTO passenger (person_id, id_number) VALUES (1904, 'GY-PASS-1904');
INSERT INTO person (person_id, first_name, last_name, phone, email, date_of_birth) VALUES (1905, 'Rebecca', 'Rogers', '592-7168468', 'rebecca.rogers1905@email.com', '1956-01-01');
INSERT INTO passenger (person_id, id_number) VALUES (1905, 'GY-PASS-1905');
INSERT INTO person (person_id, first_name, last_name, phone, email, date_of_birth) VALUES (1906, 'Michael', 'Walker', '592-6358722', 'michael.walker1906@email.com', '1977-01-01');
INSERT INTO passenger (person_id, id_number) VALUES (1906, 'GY-PASS-1906');
INSERT INTO person (person_id, first_name, last_name, phone, email, date_of_birth) VALUES (1907, 'Kenneth', 'Campbell', '592-7308030', 'kenneth.campbell1907@email.com', '1973-01-01');
INSERT INTO passenger (person_id, id_number) VALUES (1907, 'GY-PASS-1907');
INSERT INTO person (person_id, first_name, last_name, phone, email, date_of_birth) VALUES (1908, 'Susan', 'Brown', '592-6917944', 'susan.brown1908@email.com', '1993-01-01');
INSERT INTO passenger (person_id, id_number) VALUES (1908, 'GY-PASS-1908');
INSERT INTO person (person_id, first_name, last_name, phone, email, date_of_birth) VALUES (1909, 'Patricia', 'Harris', '592-7369384', 'patricia.harris1909@email.com', '1974-01-01');
INSERT INTO passenger (person_id, id_number) VALUES (1909, 'GY-PASS-1909');
INSERT INTO person (person_id, first_name, last_name, phone, email, date_of_birth) VALUES (1910, 'Kevin', 'Lopez', '592-6794478', 'kevin.lopez1910@email.com', '1970-01-01');
INSERT INTO passenger (person_id, id_number) VALUES (1910, 'GY-PASS-1910');
INSERT INTO person (person_id, first_name, last_name, phone, email, date_of_birth) VALUES (1911, 'John', 'Miller', '592-7103759', 'john.miller1911@email.com', '1995-01-01');
INSERT INTO passenger (person_id, id_number) VALUES (1911, 'GY-PASS-1911');
INSERT INTO person (person_id, first_name, last_name, phone, email, date_of_birth) VALUES (1912, 'Carol', 'Turner', '592-6076172', 'carol.turner1912@email.com', '1967-01-01');
INSERT INTO passenger (person_id, id_number) VALUES (1912, 'GY-PASS-1912');
INSERT INTO person (person_id, first_name, last_name, phone, email, date_of_birth) VALUES (1913, 'Matthew', 'Morris', '592-7684097', 'matthew.morris1913@email.com', '1997-01-01');
INSERT INTO passenger (person_id, id_number) VALUES (1913, 'GY-PASS-1913');
INSERT INTO person (person_id, first_name, last_name, phone, email, date_of_birth) VALUES (1914, 'Sarah', 'Singh', '592-6366846', 'sarah.singh1914@email.com', '2014-01-01');
INSERT INTO passenger (person_id, id_number) VALUES (1914, 'GY-PASS-1914');
INSERT INTO person (person_id, first_name, last_name, phone, email, date_of_birth) VALUES (1915, 'Anthony', 'Stewart', '592-7233369', 'anthony.stewart1915@email.com', '1953-01-01');
INSERT INTO passenger (person_id, id_number) VALUES (1915, 'GY-PASS-1915');
INSERT INTO person (person_id, first_name, last_name, phone, email, date_of_birth) VALUES (1916, 'Joseph', 'Gonzalez', '592-7532017', 'joseph.gonzalez1916@email.com', '1954-01-01');
INSERT INTO passenger (person_id, id_number) VALUES (1916, 'GY-PASS-1916');
INSERT INTO person (person_id, first_name, last_name, phone, email, date_of_birth) VALUES (1917, 'Lisa', 'Stewart', '592-6317426', 'lisa.stewart1917@email.com', '2003-01-01');
INSERT INTO passenger (person_id, id_number) VALUES (1917, 'GY-PASS-1917');
INSERT INTO person (person_id, first_name, last_name, phone, email, date_of_birth) VALUES (1918, 'Elizabeth', 'Morris', '592-6218739', 'elizabeth.morris1918@email.com', '2013-01-01');
INSERT INTO passenger (person_id, id_number) VALUES (1918, 'GY-PASS-1918');
INSERT INTO person (person_id, first_name, last_name, phone, email, date_of_birth) VALUES (1919, 'Michael', 'Brown', '592-7916325', 'michael.brown1919@email.com', '1986-01-01');
INSERT INTO passenger (person_id, id_number) VALUES (1919, 'GY-PASS-1919');
INSERT INTO person (person_id, first_name, last_name, phone, email, date_of_birth) VALUES (1920, 'Joseph', 'Turner', '592-7989692', 'joseph.turner1920@email.com', '1951-01-01');
INSERT INTO passenger (person_id, id_number) VALUES (1920, 'GY-PASS-1920');
INSERT INTO person (person_id, first_name, last_name, phone, email, date_of_birth) VALUES (1921, 'Christopher', 'King', '592-6676808', 'christopher.king1921@email.com', '2007-01-01');
INSERT INTO passenger (person_id, id_number) VALUES (1921, 'GY-PASS-1921');
INSERT INTO person (person_id, first_name, last_name, phone, email, date_of_birth) VALUES (1922, 'Thomas', 'Miller', '592-7986279', 'thomas.miller1922@email.com', '1997-01-01');
INSERT INTO passenger (person_id, id_number) VALUES (1922, 'GY-PASS-1922');
INSERT INTO person (person_id, first_name, last_name, phone, email, date_of_birth) VALUES (1923, 'Kathleen', 'Morgan', '592-6696430', 'kathleen.morgan1923@email.com', '1975-01-01');
INSERT INTO passenger (person_id, id_number) VALUES (1923, 'GY-PASS-1923');
INSERT INTO person (person_id, first_name, last_name, phone, email, date_of_birth) VALUES (1924, 'Deborah', 'Miller', '592-6288119', 'deborah.miller1924@email.com', '2005-01-01');
INSERT INTO passenger (person_id, id_number) VALUES (1924, 'GY-PASS-1924');
INSERT INTO person (person_id, first_name, last_name, phone, email, date_of_birth) VALUES (1925, 'Andrew', 'Mitchell', '592-6218590', 'andrew.mitchell1925@email.com', '1950-01-01');
INSERT INTO passenger (person_id, id_number) VALUES (1925, 'GY-PASS-1925');
INSERT INTO person (person_id, first_name, last_name, phone, email, date_of_birth) VALUES (1926, 'Emily', 'Rodriguez', '592-7494730', 'emily.rodriguez1926@email.com', '1984-01-01');
INSERT INTO passenger (person_id, id_number) VALUES (1926, 'GY-PASS-1926');
INSERT INTO person (person_id, first_name, last_name, phone, email, date_of_birth) VALUES (1927, 'Linda', 'Carter', '592-6306784', 'linda.carter1927@email.com', '1981-01-01');
INSERT INTO passenger (person_id, id_number) VALUES (1927, 'GY-PASS-1927');
INSERT INTO person (person_id, first_name, last_name, phone, email, date_of_birth) VALUES (1928, 'James', 'Gonzalez', '592-7608257', 'james.gonzalez1928@email.com', '2000-01-01');
INSERT INTO passenger (person_id, id_number) VALUES (1928, 'GY-PASS-1928');
INSERT INTO person (person_id, first_name, last_name, phone, email, date_of_birth) VALUES (1929, 'Karen', 'Persaud', '592-6884704', 'karen.persaud1929@email.com', '1984-01-01');
INSERT INTO passenger (person_id, id_number) VALUES (1929, 'GY-PASS-1929');
INSERT INTO person (person_id, first_name, last_name, phone, email, date_of_birth) VALUES (1930, 'George', 'White', '592-7886991', 'george.white1930@email.com', '1967-01-01');
INSERT INTO passenger (person_id, id_number) VALUES (1930, 'GY-PASS-1930');
INSERT INTO person (person_id, first_name, last_name, phone, email, date_of_birth) VALUES (1931, 'Joseph', 'Young', '592-7556548', 'joseph.young1931@email.com', '1998-01-01');
INSERT INTO passenger (person_id, id_number) VALUES (1931, 'GY-PASS-1931');
INSERT INTO person (person_id, first_name, last_name, phone, email, date_of_birth) VALUES (1932, 'Matthew', 'Lee', '592-7633803', 'matthew.lee1932@email.com', '1988-01-01');
INSERT INTO passenger (person_id, id_number) VALUES (1932, 'GY-PASS-1932');
INSERT INTO person (person_id, first_name, last_name, phone, email, date_of_birth) VALUES (1933, 'David', 'Stewart', '592-6127261', 'david.stewart1933@email.com', '1979-01-01');
INSERT INTO passenger (person_id, id_number) VALUES (1933, 'GY-PASS-1933');
INSERT INTO person (person_id, first_name, last_name, phone, email, date_of_birth) VALUES (1934, 'Susan', 'Harris', '592-7028015', 'susan.harris1934@email.com', '1989-01-01');
INSERT INTO passenger (person_id, id_number) VALUES (1934, 'GY-PASS-1934');
INSERT INTO person (person_id, first_name, last_name, phone, email, date_of_birth) VALUES (1935, 'Elizabeth', 'Mitchell', '592-6671957', 'elizabeth.mitchell1935@email.com', '1952-01-01');
INSERT INTO passenger (person_id, id_number) VALUES (1935, 'GY-PASS-1935');
INSERT INTO person (person_id, first_name, last_name, phone, email, date_of_birth) VALUES (1936, 'Anthony', 'Turner', '592-7706376', 'anthony.turner1936@email.com', '1973-01-01');
INSERT INTO passenger (person_id, id_number) VALUES (1936, 'GY-PASS-1936');
INSERT INTO person (person_id, first_name, last_name, phone, email, date_of_birth) VALUES (1937, 'Donald', 'Robinson', '592-7556350', 'donald.robinson1937@email.com', '1978-01-01');
INSERT INTO passenger (person_id, id_number) VALUES (1937, 'GY-PASS-1937');
INSERT INTO person (person_id, first_name, last_name, phone, email, date_of_birth) VALUES (1938, 'Donald', 'Baker', '592-7635592', 'donald.baker1938@email.com', '1988-01-01');
INSERT INTO passenger (person_id, id_number) VALUES (1938, 'GY-PASS-1938');
INSERT INTO person (person_id, first_name, last_name, phone, email, date_of_birth) VALUES (1939, 'Melissa', 'Persaud', '592-6429995', 'melissa.persaud1939@email.com', '2004-01-01');
INSERT INTO passenger (person_id, id_number) VALUES (1939, 'GY-PASS-1939');
INSERT INTO person (person_id, first_name, last_name, phone, email, date_of_birth) VALUES (1940, 'George', 'Lopez', '592-7925384', 'george.lopez1940@email.com', '1969-01-01');
INSERT INTO passenger (person_id, id_number) VALUES (1940, 'GY-PASS-1940');
INSERT INTO person (person_id, first_name, last_name, phone, email, date_of_birth) VALUES (1941, 'Patricia', 'Harris', '592-7572932', 'patricia.harris1941@email.com', '1984-01-01');
INSERT INTO passenger (person_id, id_number) VALUES (1941, 'GY-PASS-1941');
INSERT INTO person (person_id, first_name, last_name, phone, email, date_of_birth) VALUES (1942, 'George', 'Roberts', '592-7317107', 'george.roberts1942@email.com', '1975-01-01');
INSERT INTO passenger (person_id, id_number) VALUES (1942, 'GY-PASS-1942');
INSERT INTO person (person_id, first_name, last_name, phone, email, date_of_birth) VALUES (1943, 'David', 'Allen', '592-7316596', 'david.allen1943@email.com', '1987-01-01');
INSERT INTO passenger (person_id, id_number) VALUES (1943, 'GY-PASS-1943');
INSERT INTO person (person_id, first_name, last_name, phone, email, date_of_birth) VALUES (1944, 'Kathleen', 'Gonzalez', '592-6171464', 'kathleen.gonzalez1944@email.com', '1980-01-01');
INSERT INTO passenger (person_id, id_number) VALUES (1944, 'GY-PASS-1944');
INSERT INTO person (person_id, first_name, last_name, phone, email, date_of_birth) VALUES (1945, 'Donna', 'Clark', '592-7297472', 'donna.clark1945@email.com', '1952-01-01');
INSERT INTO passenger (person_id, id_number) VALUES (1945, 'GY-PASS-1945');
INSERT INTO person (person_id, first_name, last_name, phone, email, date_of_birth) VALUES (1946, 'Dorothy', 'Singh', '592-6802451', 'dorothy.singh1946@email.com', '1970-01-01');
INSERT INTO passenger (person_id, id_number) VALUES (1946, 'GY-PASS-1946');
INSERT INTO person (person_id, first_name, last_name, phone, email, date_of_birth) VALUES (1947, 'Edward', 'Moore', '592-6764659', 'edward.moore1947@email.com', '2006-01-01');
INSERT INTO passenger (person_id, id_number) VALUES (1947, 'GY-PASS-1947');
INSERT INTO person (person_id, first_name, last_name, phone, email, date_of_birth) VALUES (1948, 'James', 'White', '592-7179659', 'james.white1948@email.com', '1997-01-01');
INSERT INTO passenger (person_id, id_number) VALUES (1948, 'GY-PASS-1948');
INSERT INTO person (person_id, first_name, last_name, phone, email, date_of_birth) VALUES (1949, 'Amanda', 'Davis', '592-6102568', 'amanda.davis1949@email.com', '1987-01-01');
INSERT INTO passenger (person_id, id_number) VALUES (1949, 'GY-PASS-1949');
INSERT INTO person (person_id, first_name, last_name, phone, email, date_of_birth) VALUES (1950, 'Jeffrey', 'Reed', '592-6286828', 'jeffrey.reed1950@email.com', '1981-01-01');
INSERT INTO passenger (person_id, id_number) VALUES (1950, 'GY-PASS-1950');
INSERT INTO person (person_id, first_name, last_name, phone, email, date_of_birth) VALUES (1951, 'Rebecca', 'Hill', '592-7845453', 'rebecca.hill1951@email.com', '1957-01-01');
INSERT INTO passenger (person_id, id_number) VALUES (1951, 'GY-PASS-1951');
INSERT INTO person (person_id, first_name, last_name, phone, email, date_of_birth) VALUES (1952, 'Sharon', 'Rogers', '592-7127075', 'sharon.rogers1952@email.com', '1987-01-01');
INSERT INTO passenger (person_id, id_number) VALUES (1952, 'GY-PASS-1952');
INSERT INTO person (person_id, first_name, last_name, phone, email, date_of_birth) VALUES (1953, 'Matthew', 'King', '592-7872720', 'matthew.king1953@email.com', '2000-01-01');
INSERT INTO passenger (person_id, id_number) VALUES (1953, 'GY-PASS-1953');
INSERT INTO person (person_id, first_name, last_name, phone, email, date_of_birth) VALUES (1954, 'Donna', 'Baker', '592-7416250', 'donna.baker1954@email.com', '1995-01-01');
INSERT INTO passenger (person_id, id_number) VALUES (1954, 'GY-PASS-1954');
INSERT INTO person (person_id, first_name, last_name, phone, email, date_of_birth) VALUES (1955, 'Edward', 'Singh', '592-6524626', 'edward.singh1955@email.com', '2012-01-01');
INSERT INTO passenger (person_id, id_number) VALUES (1955, 'GY-PASS-1955');
INSERT INTO person (person_id, first_name, last_name, phone, email, date_of_birth) VALUES (1956, 'William', 'Perez', '592-6202748', 'william.perez1956@email.com', '1994-01-01');
INSERT INTO passenger (person_id, id_number) VALUES (1956, 'GY-PASS-1956');
INSERT INTO person (person_id, first_name, last_name, phone, email, date_of_birth) VALUES (1957, 'Timothy', 'Robinson', '592-7299240', 'timothy.robinson1957@email.com', '1956-01-01');
INSERT INTO passenger (person_id, id_number) VALUES (1957, 'GY-PASS-1957');
INSERT INTO person (person_id, first_name, last_name, phone, email, date_of_birth) VALUES (1958, 'Deborah', 'Persaud', '592-7948737', 'deborah.persaud1958@email.com', '2000-01-01');
INSERT INTO passenger (person_id, id_number) VALUES (1958, 'GY-PASS-1958');
INSERT INTO person (person_id, first_name, last_name, phone, email, date_of_birth) VALUES (1959, 'Kimberly', 'Anderson', '592-7703194', 'kimberly.anderson1959@email.com', '2006-01-01');
INSERT INTO passenger (person_id, id_number) VALUES (1959, 'GY-PASS-1959');
INSERT INTO person (person_id, first_name, last_name, phone, email, date_of_birth) VALUES (1960, 'Donald', 'Thomas', '592-7483147', 'donald.thomas1960@email.com', '1991-01-01');
INSERT INTO passenger (person_id, id_number) VALUES (1960, 'GY-PASS-1960');
INSERT INTO person (person_id, first_name, last_name, phone, email, date_of_birth) VALUES (1961, 'Donald', 'King', '592-6333330', 'donald.king1961@email.com', '2002-01-01');
INSERT INTO passenger (person_id, id_number) VALUES (1961, 'GY-PASS-1961');
INSERT INTO person (person_id, first_name, last_name, phone, email, date_of_birth) VALUES (1962, 'Jessica', 'Anderson', '592-6564076', 'jessica.anderson1962@email.com', '1982-01-01');
INSERT INTO passenger (person_id, id_number) VALUES (1962, 'GY-PASS-1962');
INSERT INTO person (person_id, first_name, last_name, phone, email, date_of_birth) VALUES (1963, 'Christopher', 'White', '592-7168689', 'christopher.white1963@email.com', '1957-01-01');
INSERT INTO passenger (person_id, id_number) VALUES (1963, 'GY-PASS-1963');
INSERT INTO person (person_id, first_name, last_name, phone, email, date_of_birth) VALUES (1964, 'Thomas', 'Thompson', '592-6265531', 'thomas.thompson1964@email.com', '1975-01-01');
INSERT INTO passenger (person_id, id_number) VALUES (1964, 'GY-PASS-1964');
INSERT INTO person (person_id, first_name, last_name, phone, email, date_of_birth) VALUES (1965, 'Ryan', 'Edwards', '592-7911088', 'ryan.edwards1965@email.com', '2001-01-01');
INSERT INTO passenger (person_id, id_number) VALUES (1965, 'GY-PASS-1965');
INSERT INTO person (person_id, first_name, last_name, phone, email, date_of_birth) VALUES (1966, 'Margaret', 'King', '592-7297348', 'margaret.king1966@email.com', '2000-01-01');
INSERT INTO passenger (person_id, id_number) VALUES (1966, 'GY-PASS-1966');
INSERT INTO person (person_id, first_name, last_name, phone, email, date_of_birth) VALUES (1967, 'Timothy', 'Baker', '592-6973533', 'timothy.baker1967@email.com', '2001-01-01');
INSERT INTO passenger (person_id, id_number) VALUES (1967, 'GY-PASS-1967');
INSERT INTO person (person_id, first_name, last_name, phone, email, date_of_birth) VALUES (1968, 'Sharon', 'Hernandez', '592-7599617', 'sharon.hernandez1968@email.com', '1983-01-01');
INSERT INTO passenger (person_id, id_number) VALUES (1968, 'GY-PASS-1968');
INSERT INTO person (person_id, first_name, last_name, phone, email, date_of_birth) VALUES (1969, 'Jason', 'Scott', '592-7213035', 'jason.scott1969@email.com', '1957-01-01');
INSERT INTO passenger (person_id, id_number) VALUES (1969, 'GY-PASS-1969');
INSERT INTO person (person_id, first_name, last_name, phone, email, date_of_birth) VALUES (1970, 'Jennifer', 'Morris', '592-7506449', 'jennifer.morris1970@email.com', '1984-01-01');
INSERT INTO passenger (person_id, id_number) VALUES (1970, 'GY-PASS-1970');
INSERT INTO person (person_id, first_name, last_name, phone, email, date_of_birth) VALUES (1971, 'Ronald', 'Green', '592-6807760', 'ronald.green1971@email.com', '1971-01-01');
INSERT INTO passenger (person_id, id_number) VALUES (1971, 'GY-PASS-1971');
INSERT INTO person (person_id, first_name, last_name, phone, email, date_of_birth) VALUES (1972, 'Laura', 'Jackson', '592-6985667', 'laura.jackson1972@email.com', '1988-01-01');
INSERT INTO passenger (person_id, id_number) VALUES (1972, 'GY-PASS-1972');
INSERT INTO person (person_id, first_name, last_name, phone, email, date_of_birth) VALUES (1973, 'Timothy', 'Martin', '592-6535092', 'timothy.martin1973@email.com', '2010-01-01');
INSERT INTO passenger (person_id, id_number) VALUES (1973, 'GY-PASS-1973');
INSERT INTO person (person_id, first_name, last_name, phone, email, date_of_birth) VALUES (1974, 'Ashley', 'Nelson', '592-6482505', 'ashley.nelson1974@email.com', '1953-01-01');
INSERT INTO passenger (person_id, id_number) VALUES (1974, 'GY-PASS-1974');
INSERT INTO person (person_id, first_name, last_name, phone, email, date_of_birth) VALUES (1975, 'Laura', 'Rodriguez', '592-6953988', 'laura.rodriguez1975@email.com', '1977-01-01');
INSERT INTO passenger (person_id, id_number) VALUES (1975, 'GY-PASS-1975');
INSERT INTO person (person_id, first_name, last_name, phone, email, date_of_birth) VALUES (1976, 'Steven', 'Lewis', '592-7492651', 'steven.lewis1976@email.com', '2011-01-01');
INSERT INTO passenger (person_id, id_number) VALUES (1976, 'GY-PASS-1976');
INSERT INTO person (person_id, first_name, last_name, phone, email, date_of_birth) VALUES (1977, 'Emily', 'Morgan', '592-6865118', 'emily.morgan1977@email.com', '1950-01-01');
INSERT INTO passenger (person_id, id_number) VALUES (1977, 'GY-PASS-1977');
INSERT INTO person (person_id, first_name, last_name, phone, email, date_of_birth) VALUES (1978, 'Patricia', 'Bell', '592-6993033', 'patricia.bell1978@email.com', '1980-01-01');
INSERT INTO passenger (person_id, id_number) VALUES (1978, 'GY-PASS-1978');
INSERT INTO person (person_id, first_name, last_name, phone, email, date_of_birth) VALUES (1979, 'Michael', 'Cook', '592-7161414', 'michael.cook1979@email.com', '1951-01-01');
INSERT INTO passenger (person_id, id_number) VALUES (1979, 'GY-PASS-1979');
INSERT INTO person (person_id, first_name, last_name, phone, email, date_of_birth) VALUES (1980, 'Anthony', 'Persaud', '592-7501815', 'anthony.persaud1980@email.com', '1983-01-01');
INSERT INTO passenger (person_id, id_number) VALUES (1980, 'GY-PASS-1980');
INSERT INTO person (person_id, first_name, last_name, phone, email, date_of_birth) VALUES (1981, 'George', 'Reed', '592-6329921', 'george.reed1981@email.com', '1967-01-01');
INSERT INTO passenger (person_id, id_number) VALUES (1981, 'GY-PASS-1981');
INSERT INTO person (person_id, first_name, last_name, phone, email, date_of_birth) VALUES (1982, 'Sarah', 'Singh', '592-7017405', 'sarah.singh1982@email.com', '1963-01-01');
INSERT INTO passenger (person_id, id_number) VALUES (1982, 'GY-PASS-1982');
INSERT INTO person (person_id, first_name, last_name, phone, email, date_of_birth) VALUES (1983, 'Ryan', 'Mitchell', '592-7005592', 'ryan.mitchell1983@email.com', '1978-01-01');
INSERT INTO passenger (person_id, id_number) VALUES (1983, 'GY-PASS-1983');
INSERT INTO person (person_id, first_name, last_name, phone, email, date_of_birth) VALUES (1984, 'Donald', 'Sanchez', '592-6376549', 'donald.sanchez1984@email.com', '2010-01-01');
INSERT INTO passenger (person_id, id_number) VALUES (1984, 'GY-PASS-1984');
INSERT INTO person (person_id, first_name, last_name, phone, email, date_of_birth) VALUES (1985, 'Sarah', 'Harris', '592-7738079', 'sarah.harris1985@email.com', '1973-01-01');
INSERT INTO passenger (person_id, id_number) VALUES (1985, 'GY-PASS-1985');
INSERT INTO person (person_id, first_name, last_name, phone, email, date_of_birth) VALUES (1986, 'David', 'Roberts', '592-6765500', 'david.roberts1986@email.com', '1972-01-01');
INSERT INTO passenger (person_id, id_number) VALUES (1986, 'GY-PASS-1986');
INSERT INTO person (person_id, first_name, last_name, phone, email, date_of_birth) VALUES (1987, 'Carol', 'Green', '592-6834645', 'carol.green1987@email.com', '1959-01-01');
INSERT INTO passenger (person_id, id_number) VALUES (1987, 'GY-PASS-1987');
INSERT INTO person (person_id, first_name, last_name, phone, email, date_of_birth) VALUES (1988, 'Jacob', 'King', '592-6338923', 'jacob.king1988@email.com', '1976-01-01');
INSERT INTO passenger (person_id, id_number) VALUES (1988, 'GY-PASS-1988');
INSERT INTO person (person_id, first_name, last_name, phone, email, date_of_birth) VALUES (1989, 'Kenneth', 'Moore', '592-7573149', 'kenneth.moore1989@email.com', '1958-01-01');
INSERT INTO passenger (person_id, id_number) VALUES (1989, 'GY-PASS-1989');
INSERT INTO person (person_id, first_name, last_name, phone, email, date_of_birth) VALUES (1990, 'Cynthia', 'Moore', '592-6957414', 'cynthia.moore1990@email.com', '1973-01-01');
INSERT INTO passenger (person_id, id_number) VALUES (1990, 'GY-PASS-1990');
INSERT INTO person (person_id, first_name, last_name, phone, email, date_of_birth) VALUES (1991, 'Elizabeth', 'Thompson', '592-6355727', 'elizabeth.thompson1991@email.com', '1957-01-01');
INSERT INTO passenger (person_id, id_number) VALUES (1991, 'GY-PASS-1991');
INSERT INTO person (person_id, first_name, last_name, phone, email, date_of_birth) VALUES (1992, 'George', 'Bell', '592-7528999', 'george.bell1992@email.com', '1960-01-01');
INSERT INTO passenger (person_id, id_number) VALUES (1992, 'GY-PASS-1992');
INSERT INTO person (person_id, first_name, last_name, phone, email, date_of_birth) VALUES (1993, 'Kenneth', 'Lewis', '592-7736261', 'kenneth.lewis1993@email.com', '2003-01-01');
INSERT INTO passenger (person_id, id_number) VALUES (1993, 'GY-PASS-1993');
INSERT INTO person (person_id, first_name, last_name, phone, email, date_of_birth) VALUES (1994, 'Kimberly', 'Murphy', '592-7265842', 'kimberly.murphy1994@email.com', '1992-01-01');
INSERT INTO passenger (person_id, id_number) VALUES (1994, 'GY-PASS-1994');
INSERT INTO person (person_id, first_name, last_name, phone, email, date_of_birth) VALUES (1995, 'Deborah', 'Clark', '592-6796884', 'deborah.clark1995@email.com', '1974-01-01');
INSERT INTO passenger (person_id, id_number) VALUES (1995, 'GY-PASS-1995');
INSERT INTO person (person_id, first_name, last_name, phone, email, date_of_birth) VALUES (1996, 'Jessica', 'Persaud', '592-6755104', 'jessica.persaud1996@email.com', '1990-01-01');
INSERT INTO passenger (person_id, id_number) VALUES (1996, 'GY-PASS-1996');
INSERT INTO person (person_id, first_name, last_name, phone, email, date_of_birth) VALUES (1997, 'Ashley', 'Martinez', '592-7175463', 'ashley.martinez1997@email.com', '1978-01-01');
INSERT INTO passenger (person_id, id_number) VALUES (1997, 'GY-PASS-1997');
INSERT INTO person (person_id, first_name, last_name, phone, email, date_of_birth) VALUES (1998, 'Rebecca', 'Wilson', '592-7319246', 'rebecca.wilson1998@email.com', '2004-01-01');
INSERT INTO passenger (person_id, id_number) VALUES (1998, 'GY-PASS-1998');
INSERT INTO person (person_id, first_name, last_name, phone, email, date_of_birth) VALUES (1999, 'Matthew', 'Anderson', '592-7572494', 'matthew.anderson1999@email.com', '1965-01-01');
INSERT INTO passenger (person_id, id_number) VALUES (1999, 'GY-PASS-1999');
INSERT INTO booking (booking_id, person_id, schedule_id, booking_datetime, trip_type, status) VALUES (1000, 1000, 2, '2025-12-22 00:00:00', 'one_way', 'confirmed');
INSERT INTO ticket (ticket_id, booking_id, passenger_category, passenger_fare_amount, status) VALUES (1000, 1000, 'child', 200.0, 'active');
INSERT INTO ticket (ticket_id, booking_id, passenger_category, passenger_fare_amount, status) VALUES (1001, 1000, 'senior', 0.0, 'active');
INSERT INTO ticket (ticket_id, booking_id, passenger_category, passenger_fare_amount, status) VALUES (1002, 1000, 'senior', 0.0, 'active');
INSERT INTO ticket (ticket_id, booking_id, passenger_category, passenger_fare_amount, status) VALUES (1003, 1000, 'adult', 380.0, 'active');
INSERT INTO booking (booking_id, person_id, schedule_id, booking_datetime, trip_type, status) VALUES (1001, 1004, 4, '2025-12-24 00:00:00', 'one_way', 'confirmed');
INSERT INTO ticket (ticket_id, booking_id, passenger_category, passenger_fare_amount, status) VALUES (1004, 1001, 'child', 200.0, 'active');
INSERT INTO ticket (ticket_id, booking_id, passenger_category, passenger_fare_amount, status) VALUES (1005, 1001, 'senior', 0.0, 'active');
INSERT INTO ticket (ticket_id, booking_id, passenger_category, passenger_fare_amount, status) VALUES (1006, 1001, 'child', 200.0, 'active');
INSERT INTO ticket (ticket_id, booking_id, passenger_category, passenger_fare_amount, status) VALUES (1007, 1001, 'child', 200.0, 'active');
INSERT INTO booking (booking_id, person_id, schedule_id, booking_datetime, trip_type, status) VALUES (1002, 1008, 8, '2025-12-23 00:00:00', 'one_way', 'confirmed');
INSERT INTO ticket (ticket_id, booking_id, passenger_category, passenger_fare_amount, status) VALUES (1008, 1002, 'adult', 380.0, 'active');
INSERT INTO ticket (ticket_id, booking_id, passenger_category, passenger_fare_amount, status) VALUES (1009, 1002, 'child', 200.0, 'active');
INSERT INTO ticket (ticket_id, booking_id, passenger_category, passenger_fare_amount, status) VALUES (1010, 1002, 'adult', 380.0, 'active');
INSERT INTO booking (booking_id, person_id, schedule_id, booking_datetime, trip_type, status) VALUES (1003, 1011, 7, '2025-12-22 00:00:00', 'one_way', 'confirmed');
INSERT INTO ticket (ticket_id, booking_id, passenger_category, passenger_fare_amount, status) VALUES (1011, 1003, 'adult', 380.0, 'active');
INSERT INTO booking (booking_id, person_id, schedule_id, booking_datetime, trip_type, status) VALUES (1004, 1012, 7, '2025-12-24 00:00:00', 'one_way', 'confirmed');
INSERT INTO ticket (ticket_id, booking_id, passenger_category, passenger_fare_amount, status) VALUES (1012, 1004, 'child', 200.0, 'active');
INSERT INTO ticket (ticket_id, booking_id, passenger_category, passenger_fare_amount, status) VALUES (1013, 1004, 'adult', 380.0, 'active');
INSERT INTO ticket (ticket_id, booking_id, passenger_category, passenger_fare_amount, status) VALUES (1014, 1004, 'adult', 380.0, 'active');
INSERT INTO booking (booking_id, person_id, schedule_id, booking_datetime, trip_type, status) VALUES (1005, 1015, 2, '2025-12-22 00:00:00', 'one_way', 'confirmed');
INSERT INTO ticket (ticket_id, booking_id, passenger_category, passenger_fare_amount, status) VALUES (1015, 1005, 'adult', 380.0, 'active');
INSERT INTO ticket (ticket_id, booking_id, passenger_category, passenger_fare_amount, status) VALUES (1016, 1005, 'child', 200.0, 'active');
INSERT INTO ticket (ticket_id, booking_id, passenger_category, passenger_fare_amount, status) VALUES (1017, 1005, 'child', 200.0, 'active');
INSERT INTO booking (booking_id, person_id, schedule_id, booking_datetime, trip_type, status) VALUES (1006, 1018, 2, '2025-12-26 00:00:00', 'one_way', 'confirmed');
INSERT INTO ticket (ticket_id, booking_id, passenger_category, passenger_fare_amount, status) VALUES (1018, 1006, 'child', 200.0, 'active');
INSERT INTO booking (booking_id, person_id, schedule_id, booking_datetime, trip_type, status) VALUES (1007, 1019, 8, '2025-12-27 00:00:00', 'one_way', 'confirmed');
INSERT INTO ticket (ticket_id, booking_id, passenger_category, passenger_fare_amount, status) VALUES (1019, 1007, 'adult', 380.0, 'active');
INSERT INTO ticket (ticket_id, booking_id, passenger_category, passenger_fare_amount, status) VALUES (1020, 1007, 'senior', 0.0, 'active');
INSERT INTO ticket (ticket_id, booking_id, passenger_category, passenger_fare_amount, status) VALUES (1021, 1007, 'child', 200.0, 'active');
INSERT INTO booking (booking_id, person_id, schedule_id, booking_datetime, trip_type, status) VALUES (1008, 1022, 4, '2025-12-23 00:00:00', 'one_way', 'confirmed');
INSERT INTO ticket (ticket_id, booking_id, passenger_category, passenger_fare_amount, status) VALUES (1022, 1008, 'senior', 0.0, 'active');
INSERT INTO ticket (ticket_id, booking_id, passenger_category, passenger_fare_amount, status) VALUES (1023, 1008, 'adult', 380.0, 'active');
INSERT INTO ticket (ticket_id, booking_id, passenger_category, passenger_fare_amount, status) VALUES (1024, 1008, 'senior', 0.0, 'active');
INSERT INTO ticket (ticket_id, booking_id, passenger_category, passenger_fare_amount, status) VALUES (1025, 1008, 'senior', 0.0, 'active');
INSERT INTO ticket (ticket_id, booking_id, passenger_category, passenger_fare_amount, status) VALUES (1026, 1008, 'adult', 380.0, 'active');
INSERT INTO booking (booking_id, person_id, schedule_id, booking_datetime, trip_type, status) VALUES (1009, 1027, 3, '2025-12-30 00:00:00', 'one_way', 'confirmed');
INSERT INTO ticket (ticket_id, booking_id, passenger_category, passenger_fare_amount, status) VALUES (1027, 1009, 'adult', 380.0, 'active');
INSERT INTO ticket (ticket_id, booking_id, passenger_category, passenger_fare_amount, status) VALUES (1028, 1009, 'child', 200.0, 'active');
INSERT INTO ticket (ticket_id, booking_id, passenger_category, passenger_fare_amount, status) VALUES (1029, 1009, 'senior', 0.0, 'active');
INSERT INTO booking (booking_id, person_id, schedule_id, booking_datetime, trip_type, status) VALUES (1010, 1030, 8, '2025-12-25 00:00:00', 'one_way', 'confirmed');
INSERT INTO ticket (ticket_id, booking_id, passenger_category, passenger_fare_amount, status) VALUES (1030, 1010, 'child', 200.0, 'active');
INSERT INTO booking (booking_id, person_id, schedule_id, booking_datetime, trip_type, status) VALUES (1011, 1031, 3, '2025-12-30 00:00:00', 'one_way', 'confirmed');
INSERT INTO ticket (ticket_id, booking_id, passenger_category, passenger_fare_amount, status) VALUES (1031, 1011, 'adult', 380.0, 'active');
INSERT INTO booking (booking_id, person_id, schedule_id, booking_datetime, trip_type, status) VALUES (1012, 1032, 6, '2025-12-20 00:00:00', 'one_way', 'confirmed');
INSERT INTO ticket (ticket_id, booking_id, passenger_category, passenger_fare_amount, status) VALUES (1032, 1012, 'adult', 380.0, 'active');
INSERT INTO ticket (ticket_id, booking_id, passenger_category, passenger_fare_amount, status) VALUES (1033, 1012, 'senior', 0.0, 'active');
INSERT INTO ticket (ticket_id, booking_id, passenger_category, passenger_fare_amount, status) VALUES (1034, 1012, 'adult', 380.0, 'active');
INSERT INTO ticket (ticket_id, booking_id, passenger_category, passenger_fare_amount, status) VALUES (1035, 1012, 'adult', 380.0, 'active');
INSERT INTO booking (booking_id, person_id, schedule_id, booking_datetime, trip_type, status) VALUES (1013, 1036, 6, '2025-12-29 00:00:00', 'one_way', 'confirmed');
INSERT INTO ticket (ticket_id, booking_id, passenger_category, passenger_fare_amount, status) VALUES (1036, 1013, 'senior', 0.0, 'active');
INSERT INTO ticket (ticket_id, booking_id, passenger_category, passenger_fare_amount, status) VALUES (1037, 1013, 'child', 200.0, 'active');
INSERT INTO booking (booking_id, person_id, schedule_id, booking_datetime, trip_type, status) VALUES (1014, 1038, 6, '2025-12-27 00:00:00', 'one_way', 'confirmed');
INSERT INTO ticket (ticket_id, booking_id, passenger_category, passenger_fare_amount, status) VALUES (1038, 1014, 'senior', 0.0, 'active');
INSERT INTO ticket (ticket_id, booking_id, passenger_category, passenger_fare_amount, status) VALUES (1039, 1014, 'adult', 380.0, 'active');
INSERT INTO ticket (ticket_id, booking_id, passenger_category, passenger_fare_amount, status) VALUES (1040, 1014, 'adult', 380.0, 'active');
INSERT INTO ticket (ticket_id, booking_id, passenger_category, passenger_fare_amount, status) VALUES (1041, 1014, 'senior', 0.0, 'active');
INSERT INTO booking (booking_id, person_id, schedule_id, booking_datetime, trip_type, status) VALUES (1015, 1042, 4, '2025-12-24 00:00:00', 'one_way', 'confirmed');
INSERT INTO ticket (ticket_id, booking_id, passenger_category, passenger_fare_amount, status) VALUES (1042, 1015, 'adult', 380.0, 'active');
INSERT INTO ticket (ticket_id, booking_id, passenger_category, passenger_fare_amount, status) VALUES (1043, 1015, 'adult', 380.0, 'active');
INSERT INTO ticket (ticket_id, booking_id, passenger_category, passenger_fare_amount, status) VALUES (1044, 1015, 'adult', 380.0, 'active');
INSERT INTO ticket (ticket_id, booking_id, passenger_category, passenger_fare_amount, status) VALUES (1045, 1015, 'child', 200.0, 'active');
INSERT INTO booking (booking_id, person_id, schedule_id, booking_datetime, trip_type, status) VALUES (1016, 1046, 6, '2025-12-20 00:00:00', 'one_way', 'confirmed');
INSERT INTO ticket (ticket_id, booking_id, passenger_category, passenger_fare_amount, status) VALUES (1046, 1016, 'child', 200.0, 'active');
INSERT INTO ticket (ticket_id, booking_id, passenger_category, passenger_fare_amount, status) VALUES (1047, 1016, 'child', 200.0, 'active');
INSERT INTO ticket (ticket_id, booking_id, passenger_category, passenger_fare_amount, status) VALUES (1048, 1016, 'child', 200.0, 'active');
INSERT INTO booking (booking_id, person_id, schedule_id, booking_datetime, trip_type, status) VALUES (1017, 1049, 1, '2025-12-26 00:00:00', 'one_way', 'confirmed');
INSERT INTO ticket (ticket_id, booking_id, passenger_category, passenger_fare_amount, status) VALUES (1049, 1017, 'senior', 0.0, 'active');
INSERT INTO ticket (ticket_id, booking_id, passenger_category, passenger_fare_amount, status) VALUES (1050, 1017, 'child', 200.0, 'active');
INSERT INTO ticket (ticket_id, booking_id, passenger_category, passenger_fare_amount, status) VALUES (1051, 1017, 'senior', 0.0, 'active');
INSERT INTO ticket (ticket_id, booking_id, passenger_category, passenger_fare_amount, status) VALUES (1052, 1017, 'senior', 0.0, 'active');
INSERT INTO ticket (ticket_id, booking_id, passenger_category, passenger_fare_amount, status) VALUES (1053, 1017, 'adult', 380.0, 'active');
INSERT INTO booking (booking_id, person_id, schedule_id, booking_datetime, trip_type, status) VALUES (1018, 1054, 4, '2025-12-28 00:00:00', 'one_way', 'confirmed');
INSERT INTO ticket (ticket_id, booking_id, passenger_category, passenger_fare_amount, status) VALUES (1054, 1018, 'senior', 0.0, 'active');
INSERT INTO ticket (ticket_id, booking_id, passenger_category, passenger_fare_amount, status) VALUES (1055, 1018, 'adult', 380.0, 'active');
INSERT INTO ticket (ticket_id, booking_id, passenger_category, passenger_fare_amount, status) VALUES (1056, 1018, 'child', 200.0, 'active');
INSERT INTO ticket (ticket_id, booking_id, passenger_category, passenger_fare_amount, status) VALUES (1057, 1018, 'senior', 0.0, 'active');
INSERT INTO booking (booking_id, person_id, schedule_id, booking_datetime, trip_type, status) VALUES (1019, 1058, 3, '2025-12-28 00:00:00', 'one_way', 'confirmed');
INSERT INTO ticket (ticket_id, booking_id, passenger_category, passenger_fare_amount, status) VALUES (1058, 1019, 'child', 200.0, 'active');
INSERT INTO booking (booking_id, person_id, schedule_id, booking_datetime, trip_type, status) VALUES (1020, 1059, 1, '2025-12-20 00:00:00', 'one_way', 'confirmed');
INSERT INTO ticket (ticket_id, booking_id, passenger_category, passenger_fare_amount, status) VALUES (1059, 1020, 'child', 200.0, 'active');
INSERT INTO ticket (ticket_id, booking_id, passenger_category, passenger_fare_amount, status) VALUES (1060, 1020, 'adult', 380.0, 'active');
INSERT INTO ticket (ticket_id, booking_id, passenger_category, passenger_fare_amount, status) VALUES (1061, 1020, 'senior', 0.0, 'active');
INSERT INTO ticket (ticket_id, booking_id, passenger_category, passenger_fare_amount, status) VALUES (1062, 1020, 'child', 200.0, 'active');
INSERT INTO booking (booking_id, person_id, schedule_id, booking_datetime, trip_type, status) VALUES (1021, 1063, 7, '2025-12-27 00:00:00', 'one_way', 'confirmed');
INSERT INTO ticket (ticket_id, booking_id, passenger_category, passenger_fare_amount, status) VALUES (1063, 1021, 'senior', 0.0, 'active');
INSERT INTO ticket (ticket_id, booking_id, passenger_category, passenger_fare_amount, status) VALUES (1064, 1021, 'adult', 380.0, 'active');
INSERT INTO ticket (ticket_id, booking_id, passenger_category, passenger_fare_amount, status) VALUES (1065, 1021, 'adult', 380.0, 'active');
INSERT INTO ticket (ticket_id, booking_id, passenger_category, passenger_fare_amount, status) VALUES (1066, 1021, 'child', 200.0, 'active');
INSERT INTO ticket (ticket_id, booking_id, passenger_category, passenger_fare_amount, status) VALUES (1067, 1021, 'child', 200.0, 'active');
INSERT INTO booking (booking_id, person_id, schedule_id, booking_datetime, trip_type, status) VALUES (1022, 1068, 6, '2025-12-20 00:00:00', 'one_way', 'confirmed');
INSERT INTO ticket (ticket_id, booking_id, passenger_category, passenger_fare_amount, status) VALUES (1068, 1022, 'senior', 0.0, 'active');
INSERT INTO ticket (ticket_id, booking_id, passenger_category, passenger_fare_amount, status) VALUES (1069, 1022, 'senior', 0.0, 'active');
INSERT INTO ticket (ticket_id, booking_id, passenger_category, passenger_fare_amount, status) VALUES (1070, 1022, 'child', 200.0, 'active');
INSERT INTO booking (booking_id, person_id, schedule_id, booking_datetime, trip_type, status) VALUES (1023, 1071, 5, '2025-12-21 00:00:00', 'one_way', 'confirmed');
INSERT INTO ticket (ticket_id, booking_id, passenger_category, passenger_fare_amount, status) VALUES (1071, 1023, 'senior', 0.0, 'active');
INSERT INTO ticket (ticket_id, booking_id, passenger_category, passenger_fare_amount, status) VALUES (1072, 1023, 'senior', 0.0, 'active');
INSERT INTO ticket (ticket_id, booking_id, passenger_category, passenger_fare_amount, status) VALUES (1073, 1023, 'child', 200.0, 'active');
INSERT INTO ticket (ticket_id, booking_id, passenger_category, passenger_fare_amount, status) VALUES (1074, 1023, 'adult', 380.0, 'active');
INSERT INTO ticket (ticket_id, booking_id, passenger_category, passenger_fare_amount, status) VALUES (1075, 1023, 'adult', 380.0, 'active');
INSERT INTO booking (booking_id, person_id, schedule_id, booking_datetime, trip_type, status) VALUES (1024, 1076, 4, '2025-12-24 00:00:00', 'one_way', 'confirmed');
INSERT INTO ticket (ticket_id, booking_id, passenger_category, passenger_fare_amount, status) VALUES (1076, 1024, 'child', 200.0, 'active');
INSERT INTO ticket (ticket_id, booking_id, passenger_category, passenger_fare_amount, status) VALUES (1077, 1024, 'senior', 0.0, 'active');
INSERT INTO ticket (ticket_id, booking_id, passenger_category, passenger_fare_amount, status) VALUES (1078, 1024, 'adult', 380.0, 'active');
INSERT INTO booking (booking_id, person_id, schedule_id, booking_datetime, trip_type, status) VALUES (1025, 1079, 7, '2025-12-21 00:00:00', 'one_way', 'confirmed');
INSERT INTO ticket (ticket_id, booking_id, passenger_category, passenger_fare_amount, status) VALUES (1079, 1025, 'senior', 0.0, 'active');
INSERT INTO ticket (ticket_id, booking_id, passenger_category, passenger_fare_amount, status) VALUES (1080, 1025, 'child', 200.0, 'active');
INSERT INTO booking (booking_id, person_id, schedule_id, booking_datetime, trip_type, status) VALUES (1026, 1081, 4, '2025-12-24 00:00:00', 'one_way', 'confirmed');
INSERT INTO ticket (ticket_id, booking_id, passenger_category, passenger_fare_amount, status) VALUES (1081, 1026, 'senior', 0.0, 'active');
INSERT INTO ticket (ticket_id, booking_id, passenger_category, passenger_fare_amount, status) VALUES (1082, 1026, 'senior', 0.0, 'active');
INSERT INTO ticket (ticket_id, booking_id, passenger_category, passenger_fare_amount, status) VALUES (1083, 1026, 'child', 200.0, 'active');
INSERT INTO booking (booking_id, person_id, schedule_id, booking_datetime, trip_type, status) VALUES (1027, 1084, 5, '2025-12-27 00:00:00', 'one_way', 'confirmed');
INSERT INTO ticket (ticket_id, booking_id, passenger_category, passenger_fare_amount, status) VALUES (1084, 1027, 'adult', 380.0, 'active');
INSERT INTO ticket (ticket_id, booking_id, passenger_category, passenger_fare_amount, status) VALUES (1085, 1027, 'child', 200.0, 'active');
INSERT INTO ticket (ticket_id, booking_id, passenger_category, passenger_fare_amount, status) VALUES (1086, 1027, 'senior', 0.0, 'active');
INSERT INTO ticket (ticket_id, booking_id, passenger_category, passenger_fare_amount, status) VALUES (1087, 1027, 'senior', 0.0, 'active');
INSERT INTO booking (booking_id, person_id, schedule_id, booking_datetime, trip_type, status) VALUES (1028, 1088, 5, '2025-12-30 00:00:00', 'one_way', 'confirmed');
INSERT INTO ticket (ticket_id, booking_id, passenger_category, passenger_fare_amount, status) VALUES (1088, 1028, 'senior', 0.0, 'active');
INSERT INTO booking (booking_id, person_id, schedule_id, booking_datetime, trip_type, status) VALUES (1029, 1089, 7, '2025-12-26 00:00:00', 'one_way', 'confirmed');
INSERT INTO ticket (ticket_id, booking_id, passenger_category, passenger_fare_amount, status) VALUES (1089, 1029, 'senior', 0.0, 'active');
INSERT INTO ticket (ticket_id, booking_id, passenger_category, passenger_fare_amount, status) VALUES (1090, 1029, 'senior', 0.0, 'active');
INSERT INTO ticket (ticket_id, booking_id, passenger_category, passenger_fare_amount, status) VALUES (1091, 1029, 'child', 200.0, 'active');
INSERT INTO ticket (ticket_id, booking_id, passenger_category, passenger_fare_amount, status) VALUES (1092, 1029, 'senior', 0.0, 'active');
INSERT INTO booking (booking_id, person_id, schedule_id, booking_datetime, trip_type, status) VALUES (1030, 1093, 8, '2025-12-30 00:00:00', 'one_way', 'confirmed');
INSERT INTO ticket (ticket_id, booking_id, passenger_category, passenger_fare_amount, status) VALUES (1093, 1030, 'senior', 0.0, 'active');
INSERT INTO ticket (ticket_id, booking_id, passenger_category, passenger_fare_amount, status) VALUES (1094, 1030, 'adult', 380.0, 'active');
INSERT INTO booking (booking_id, person_id, schedule_id, booking_datetime, trip_type, status) VALUES (1031, 1095, 7, '2025-12-25 00:00:00', 'one_way', 'confirmed');
INSERT INTO ticket (ticket_id, booking_id, passenger_category, passenger_fare_amount, status) VALUES (1095, 1031, 'senior', 0.0, 'active');
INSERT INTO ticket (ticket_id, booking_id, passenger_category, passenger_fare_amount, status) VALUES (1096, 1031, 'child', 200.0, 'active');
INSERT INTO booking (booking_id, person_id, schedule_id, booking_datetime, trip_type, status) VALUES (1032, 1097, 7, '2025-12-28 00:00:00', 'one_way', 'confirmed');
INSERT INTO ticket (ticket_id, booking_id, passenger_category, passenger_fare_amount, status) VALUES (1097, 1032, 'adult', 380.0, 'active');
INSERT INTO booking (booking_id, person_id, schedule_id, booking_datetime, trip_type, status) VALUES (1033, 1098, 3, '2025-12-30 00:00:00', 'one_way', 'confirmed');
INSERT INTO ticket (ticket_id, booking_id, passenger_category, passenger_fare_amount, status) VALUES (1098, 1033, 'adult', 380.0, 'active');
INSERT INTO ticket (ticket_id, booking_id, passenger_category, passenger_fare_amount, status) VALUES (1099, 1033, 'child', 200.0, 'active');
INSERT INTO ticket (ticket_id, booking_id, passenger_category, passenger_fare_amount, status) VALUES (1100, 1033, 'adult', 380.0, 'active');
INSERT INTO ticket (ticket_id, booking_id, passenger_category, passenger_fare_amount, status) VALUES (1101, 1033, 'senior', 0.0, 'active');
INSERT INTO ticket (ticket_id, booking_id, passenger_category, passenger_fare_amount, status) VALUES (1102, 1033, 'child', 200.0, 'active');
INSERT INTO booking (booking_id, person_id, schedule_id, booking_datetime, trip_type, status) VALUES (1034, 1103, 7, '2025-12-23 00:00:00', 'one_way', 'confirmed');
INSERT INTO ticket (ticket_id, booking_id, passenger_category, passenger_fare_amount, status) VALUES (1103, 1034, 'senior', 0.0, 'active');
INSERT INTO booking (booking_id, person_id, schedule_id, booking_datetime, trip_type, status) VALUES (1035, 1104, 4, '2025-12-22 00:00:00', 'one_way', 'confirmed');
INSERT INTO ticket (ticket_id, booking_id, passenger_category, passenger_fare_amount, status) VALUES (1104, 1035, 'adult', 380.0, 'active');
INSERT INTO ticket (ticket_id, booking_id, passenger_category, passenger_fare_amount, status) VALUES (1105, 1035, 'senior', 0.0, 'active');
INSERT INTO ticket (ticket_id, booking_id, passenger_category, passenger_fare_amount, status) VALUES (1106, 1035, 'adult', 380.0, 'active');
INSERT INTO booking (booking_id, person_id, schedule_id, booking_datetime, trip_type, status) VALUES (1036, 1107, 5, '2025-12-25 00:00:00', 'one_way', 'confirmed');
INSERT INTO ticket (ticket_id, booking_id, passenger_category, passenger_fare_amount, status) VALUES (1107, 1036, 'senior', 0.0, 'active');
INSERT INTO booking (booking_id, person_id, schedule_id, booking_datetime, trip_type, status) VALUES (1037, 1108, 1, '2025-12-27 00:00:00', 'one_way', 'confirmed');
INSERT INTO ticket (ticket_id, booking_id, passenger_category, passenger_fare_amount, status) VALUES (1108, 1037, 'adult', 380.0, 'active');
INSERT INTO booking (booking_id, person_id, schedule_id, booking_datetime, trip_type, status) VALUES (1038, 1109, 7, '2025-12-24 00:00:00', 'one_way', 'confirmed');
INSERT INTO ticket (ticket_id, booking_id, passenger_category, passenger_fare_amount, status) VALUES (1109, 1038, 'senior', 0.0, 'active');
INSERT INTO ticket (ticket_id, booking_id, passenger_category, passenger_fare_amount, status) VALUES (1110, 1038, 'senior', 0.0, 'active');
INSERT INTO ticket (ticket_id, booking_id, passenger_category, passenger_fare_amount, status) VALUES (1111, 1038, 'adult', 380.0, 'active');
INSERT INTO ticket (ticket_id, booking_id, passenger_category, passenger_fare_amount, status) VALUES (1112, 1038, 'child', 200.0, 'active');
INSERT INTO ticket (ticket_id, booking_id, passenger_category, passenger_fare_amount, status) VALUES (1113, 1038, 'adult', 380.0, 'active');
INSERT INTO booking (booking_id, person_id, schedule_id, booking_datetime, trip_type, status) VALUES (1039, 1114, 5, '2025-12-25 00:00:00', 'one_way', 'confirmed');
INSERT INTO ticket (ticket_id, booking_id, passenger_category, passenger_fare_amount, status) VALUES (1114, 1039, 'child', 200.0, 'active');
INSERT INTO ticket (ticket_id, booking_id, passenger_category, passenger_fare_amount, status) VALUES (1115, 1039, 'child', 200.0, 'active');
INSERT INTO ticket (ticket_id, booking_id, passenger_category, passenger_fare_amount, status) VALUES (1116, 1039, 'senior', 0.0, 'active');
INSERT INTO booking (booking_id, person_id, schedule_id, booking_datetime, trip_type, status) VALUES (1040, 1117, 4, '2025-12-24 00:00:00', 'one_way', 'confirmed');
INSERT INTO ticket (ticket_id, booking_id, passenger_category, passenger_fare_amount, status) VALUES (1117, 1040, 'child', 200.0, 'active');
INSERT INTO ticket (ticket_id, booking_id, passenger_category, passenger_fare_amount, status) VALUES (1118, 1040, 'senior', 0.0, 'active');
INSERT INTO booking (booking_id, person_id, schedule_id, booking_datetime, trip_type, status) VALUES (1041, 1119, 6, '2025-12-25 00:00:00', 'one_way', 'confirmed');
INSERT INTO ticket (ticket_id, booking_id, passenger_category, passenger_fare_amount, status) VALUES (1119, 1041, 'senior', 0.0, 'active');
INSERT INTO ticket (ticket_id, booking_id, passenger_category, passenger_fare_amount, status) VALUES (1120, 1041, 'child', 200.0, 'active');
INSERT INTO ticket (ticket_id, booking_id, passenger_category, passenger_fare_amount, status) VALUES (1121, 1041, 'senior', 0.0, 'active');
INSERT INTO ticket (ticket_id, booking_id, passenger_category, passenger_fare_amount, status) VALUES (1122, 1041, 'child', 200.0, 'active');
INSERT INTO booking (booking_id, person_id, schedule_id, booking_datetime, trip_type, status) VALUES (1042, 1123, 8, '2025-12-27 00:00:00', 'one_way', 'confirmed');
INSERT INTO ticket (ticket_id, booking_id, passenger_category, passenger_fare_amount, status) VALUES (1123, 1042, 'senior', 0.0, 'active');
INSERT INTO ticket (ticket_id, booking_id, passenger_category, passenger_fare_amount, status) VALUES (1124, 1042, 'adult', 380.0, 'active');
INSERT INTO ticket (ticket_id, booking_id, passenger_category, passenger_fare_amount, status) VALUES (1125, 1042, 'adult', 380.0, 'active');
INSERT INTO ticket (ticket_id, booking_id, passenger_category, passenger_fare_amount, status) VALUES (1126, 1042, 'child', 200.0, 'active');
INSERT INTO ticket (ticket_id, booking_id, passenger_category, passenger_fare_amount, status) VALUES (1127, 1042, 'senior', 0.0, 'active');
INSERT INTO booking (booking_id, person_id, schedule_id, booking_datetime, trip_type, status) VALUES (1043, 1128, 5, '2025-12-22 00:00:00', 'one_way', 'confirmed');
INSERT INTO ticket (ticket_id, booking_id, passenger_category, passenger_fare_amount, status) VALUES (1128, 1043, 'senior', 0.0, 'active');
INSERT INTO ticket (ticket_id, booking_id, passenger_category, passenger_fare_amount, status) VALUES (1129, 1043, 'senior', 0.0, 'active');
INSERT INTO ticket (ticket_id, booking_id, passenger_category, passenger_fare_amount, status) VALUES (1130, 1043, 'child', 200.0, 'active');
INSERT INTO ticket (ticket_id, booking_id, passenger_category, passenger_fare_amount, status) VALUES (1131, 1043, 'senior', 0.0, 'active');
INSERT INTO ticket (ticket_id, booking_id, passenger_category, passenger_fare_amount, status) VALUES (1132, 1043, 'senior', 0.0, 'active');
INSERT INTO booking (booking_id, person_id, schedule_id, booking_datetime, trip_type, status) VALUES (1044, 1133, 3, '2025-12-28 00:00:00', 'one_way', 'confirmed');
INSERT INTO ticket (ticket_id, booking_id, passenger_category, passenger_fare_amount, status) VALUES (1133, 1044, 'senior', 0.0, 'active');
INSERT INTO ticket (ticket_id, booking_id, passenger_category, passenger_fare_amount, status) VALUES (1134, 1044, 'senior', 0.0, 'active');
INSERT INTO ticket (ticket_id, booking_id, passenger_category, passenger_fare_amount, status) VALUES (1135, 1044, 'child', 200.0, 'active');
INSERT INTO ticket (ticket_id, booking_id, passenger_category, passenger_fare_amount, status) VALUES (1136, 1044, 'child', 200.0, 'active');
INSERT INTO ticket (ticket_id, booking_id, passenger_category, passenger_fare_amount, status) VALUES (1137, 1044, 'child', 200.0, 'active');
INSERT INTO booking (booking_id, person_id, schedule_id, booking_datetime, trip_type, status) VALUES (1045, 1138, 6, '2025-12-22 00:00:00', 'one_way', 'confirmed');
INSERT INTO ticket (ticket_id, booking_id, passenger_category, passenger_fare_amount, status) VALUES (1138, 1045, 'adult', 380.0, 'active');
INSERT INTO booking (booking_id, person_id, schedule_id, booking_datetime, trip_type, status) VALUES (1046, 1139, 1, '2025-12-26 00:00:00', 'one_way', 'confirmed');
INSERT INTO ticket (ticket_id, booking_id, passenger_category, passenger_fare_amount, status) VALUES (1139, 1046, 'senior', 0.0, 'active');
INSERT INTO booking (booking_id, person_id, schedule_id, booking_datetime, trip_type, status) VALUES (1047, 1140, 1, '2025-12-20 00:00:00', 'one_way', 'confirmed');
INSERT INTO ticket (ticket_id, booking_id, passenger_category, passenger_fare_amount, status) VALUES (1140, 1047, 'senior', 0.0, 'active');
INSERT INTO ticket (ticket_id, booking_id, passenger_category, passenger_fare_amount, status) VALUES (1141, 1047, 'child', 200.0, 'active');
INSERT INTO ticket (ticket_id, booking_id, passenger_category, passenger_fare_amount, status) VALUES (1142, 1047, 'adult', 380.0, 'active');
INSERT INTO booking (booking_id, person_id, schedule_id, booking_datetime, trip_type, status) VALUES (1048, 1143, 7, '2025-12-22 00:00:00', 'one_way', 'confirmed');
INSERT INTO ticket (ticket_id, booking_id, passenger_category, passenger_fare_amount, status) VALUES (1143, 1048, 'child', 200.0, 'active');
INSERT INTO ticket (ticket_id, booking_id, passenger_category, passenger_fare_amount, status) VALUES (1144, 1048, 'child', 200.0, 'active');
INSERT INTO ticket (ticket_id, booking_id, passenger_category, passenger_fare_amount, status) VALUES (1145, 1048, 'child', 200.0, 'active');
INSERT INTO booking (booking_id, person_id, schedule_id, booking_datetime, trip_type, status) VALUES (1049, 1146, 1, '2025-12-23 00:00:00', 'one_way', 'confirmed');
INSERT INTO ticket (ticket_id, booking_id, passenger_category, passenger_fare_amount, status) VALUES (1146, 1049, 'senior', 0.0, 'active');
INSERT INTO ticket (ticket_id, booking_id, passenger_category, passenger_fare_amount, status) VALUES (1147, 1049, 'child', 200.0, 'active');
INSERT INTO ticket (ticket_id, booking_id, passenger_category, passenger_fare_amount, status) VALUES (1148, 1049, 'child', 200.0, 'active');
INSERT INTO ticket (ticket_id, booking_id, passenger_category, passenger_fare_amount, status) VALUES (1149, 1049, 'child', 200.0, 'active');
INSERT INTO ticket (ticket_id, booking_id, passenger_category, passenger_fare_amount, status) VALUES (1150, 1049, 'adult', 380.0, 'active');
INSERT INTO booking (booking_id, person_id, schedule_id, booking_datetime, trip_type, status) VALUES (1050, 1151, 1, '2025-12-22 00:00:00', 'one_way', 'confirmed');
INSERT INTO ticket (ticket_id, booking_id, passenger_category, passenger_fare_amount, status) VALUES (1151, 1050, 'adult', 380.0, 'active');
INSERT INTO ticket (ticket_id, booking_id, passenger_category, passenger_fare_amount, status) VALUES (1152, 1050, 'adult', 380.0, 'active');
INSERT INTO booking (booking_id, person_id, schedule_id, booking_datetime, trip_type, status) VALUES (1051, 1153, 5, '2025-12-27 00:00:00', 'one_way', 'confirmed');
INSERT INTO ticket (ticket_id, booking_id, passenger_category, passenger_fare_amount, status) VALUES (1153, 1051, 'senior', 0.0, 'active');
INSERT INTO ticket (ticket_id, booking_id, passenger_category, passenger_fare_amount, status) VALUES (1154, 1051, 'child', 200.0, 'active');
INSERT INTO ticket (ticket_id, booking_id, passenger_category, passenger_fare_amount, status) VALUES (1155, 1051, 'child', 200.0, 'active');
INSERT INTO ticket (ticket_id, booking_id, passenger_category, passenger_fare_amount, status) VALUES (1156, 1051, 'adult', 380.0, 'active');
INSERT INTO booking (booking_id, person_id, schedule_id, booking_datetime, trip_type, status) VALUES (1052, 1157, 1, '2025-12-23 00:00:00', 'one_way', 'confirmed');
INSERT INTO ticket (ticket_id, booking_id, passenger_category, passenger_fare_amount, status) VALUES (1157, 1052, 'child', 200.0, 'active');
INSERT INTO ticket (ticket_id, booking_id, passenger_category, passenger_fare_amount, status) VALUES (1158, 1052, 'child', 200.0, 'active');
INSERT INTO booking (booking_id, person_id, schedule_id, booking_datetime, trip_type, status) VALUES (1053, 1159, 6, '2025-12-28 00:00:00', 'one_way', 'confirmed');
INSERT INTO ticket (ticket_id, booking_id, passenger_category, passenger_fare_amount, status) VALUES (1159, 1053, 'adult', 380.0, 'active');
INSERT INTO ticket (ticket_id, booking_id, passenger_category, passenger_fare_amount, status) VALUES (1160, 1053, 'child', 200.0, 'active');
INSERT INTO booking (booking_id, person_id, schedule_id, booking_datetime, trip_type, status) VALUES (1054, 1161, 8, '2025-12-21 00:00:00', 'one_way', 'confirmed');
INSERT INTO ticket (ticket_id, booking_id, passenger_category, passenger_fare_amount, status) VALUES (1161, 1054, 'senior', 0.0, 'active');
INSERT INTO ticket (ticket_id, booking_id, passenger_category, passenger_fare_amount, status) VALUES (1162, 1054, 'child', 200.0, 'active');
INSERT INTO ticket (ticket_id, booking_id, passenger_category, passenger_fare_amount, status) VALUES (1163, 1054, 'adult', 380.0, 'active');
INSERT INTO ticket (ticket_id, booking_id, passenger_category, passenger_fare_amount, status) VALUES (1164, 1054, 'senior', 0.0, 'active');
INSERT INTO ticket (ticket_id, booking_id, passenger_category, passenger_fare_amount, status) VALUES (1165, 1054, 'adult', 380.0, 'active');
INSERT INTO booking (booking_id, person_id, schedule_id, booking_datetime, trip_type, status) VALUES (1055, 1166, 3, '2025-12-25 00:00:00', 'one_way', 'confirmed');
INSERT INTO ticket (ticket_id, booking_id, passenger_category, passenger_fare_amount, status) VALUES (1166, 1055, 'senior', 0.0, 'active');
INSERT INTO ticket (ticket_id, booking_id, passenger_category, passenger_fare_amount, status) VALUES (1167, 1055, 'child', 200.0, 'active');
INSERT INTO ticket (ticket_id, booking_id, passenger_category, passenger_fare_amount, status) VALUES (1168, 1055, 'adult', 380.0, 'active');
INSERT INTO booking (booking_id, person_id, schedule_id, booking_datetime, trip_type, status) VALUES (1056, 1169, 6, '2025-12-21 00:00:00', 'one_way', 'confirmed');
INSERT INTO ticket (ticket_id, booking_id, passenger_category, passenger_fare_amount, status) VALUES (1169, 1056, 'senior', 0.0, 'active');
INSERT INTO ticket (ticket_id, booking_id, passenger_category, passenger_fare_amount, status) VALUES (1170, 1056, 'child', 200.0, 'active');
INSERT INTO ticket (ticket_id, booking_id, passenger_category, passenger_fare_amount, status) VALUES (1171, 1056, 'adult', 380.0, 'active');
INSERT INTO ticket (ticket_id, booking_id, passenger_category, passenger_fare_amount, status) VALUES (1172, 1056, 'adult', 380.0, 'active');
INSERT INTO ticket (ticket_id, booking_id, passenger_category, passenger_fare_amount, status) VALUES (1173, 1056, 'adult', 380.0, 'active');
INSERT INTO booking (booking_id, person_id, schedule_id, booking_datetime, trip_type, status) VALUES (1057, 1174, 1, '2025-12-21 00:00:00', 'one_way', 'confirmed');
INSERT INTO ticket (ticket_id, booking_id, passenger_category, passenger_fare_amount, status) VALUES (1174, 1057, 'senior', 0.0, 'active');
INSERT INTO ticket (ticket_id, booking_id, passenger_category, passenger_fare_amount, status) VALUES (1175, 1057, 'adult', 380.0, 'active');
INSERT INTO ticket (ticket_id, booking_id, passenger_category, passenger_fare_amount, status) VALUES (1176, 1057, 'adult', 380.0, 'active');
INSERT INTO ticket (ticket_id, booking_id, passenger_category, passenger_fare_amount, status) VALUES (1177, 1057, 'child', 200.0, 'active');
INSERT INTO booking (booking_id, person_id, schedule_id, booking_datetime, trip_type, status) VALUES (1058, 1178, 3, '2025-12-23 00:00:00', 'one_way', 'confirmed');
INSERT INTO ticket (ticket_id, booking_id, passenger_category, passenger_fare_amount, status) VALUES (1178, 1058, 'senior', 0.0, 'active');
INSERT INTO ticket (ticket_id, booking_id, passenger_category, passenger_fare_amount, status) VALUES (1179, 1058, 'senior', 0.0, 'active');
INSERT INTO ticket (ticket_id, booking_id, passenger_category, passenger_fare_amount, status) VALUES (1180, 1058, 'child', 200.0, 'active');
INSERT INTO ticket (ticket_id, booking_id, passenger_category, passenger_fare_amount, status) VALUES (1181, 1058, 'child', 200.0, 'active');
INSERT INTO ticket (ticket_id, booking_id, passenger_category, passenger_fare_amount, status) VALUES (1182, 1058, 'adult', 380.0, 'active');
INSERT INTO booking (booking_id, person_id, schedule_id, booking_datetime, trip_type, status) VALUES (1059, 1183, 3, '2025-12-24 00:00:00', 'one_way', 'confirmed');
INSERT INTO ticket (ticket_id, booking_id, passenger_category, passenger_fare_amount, status) VALUES (1183, 1059, 'senior', 0.0, 'active');
INSERT INTO booking (booking_id, person_id, schedule_id, booking_datetime, trip_type, status) VALUES (1060, 1184, 7, '2025-12-27 00:00:00', 'one_way', 'confirmed');
INSERT INTO ticket (ticket_id, booking_id, passenger_category, passenger_fare_amount, status) VALUES (1184, 1060, 'senior', 0.0, 'active');
INSERT INTO ticket (ticket_id, booking_id, passenger_category, passenger_fare_amount, status) VALUES (1185, 1060, 'adult', 380.0, 'active');
INSERT INTO ticket (ticket_id, booking_id, passenger_category, passenger_fare_amount, status) VALUES (1186, 1060, 'adult', 380.0, 'active');
INSERT INTO ticket (ticket_id, booking_id, passenger_category, passenger_fare_amount, status) VALUES (1187, 1060, 'senior', 0.0, 'active');
INSERT INTO booking (booking_id, person_id, schedule_id, booking_datetime, trip_type, status) VALUES (1061, 1188, 2, '2025-12-22 00:00:00', 'one_way', 'confirmed');
INSERT INTO ticket (ticket_id, booking_id, passenger_category, passenger_fare_amount, status) VALUES (1188, 1061, 'senior', 0.0, 'active');
INSERT INTO booking (booking_id, person_id, schedule_id, booking_datetime, trip_type, status) VALUES (1062, 1189, 8, '2025-12-22 00:00:00', 'one_way', 'confirmed');
INSERT INTO ticket (ticket_id, booking_id, passenger_category, passenger_fare_amount, status) VALUES (1189, 1062, 'child', 200.0, 'active');
INSERT INTO ticket (ticket_id, booking_id, passenger_category, passenger_fare_amount, status) VALUES (1190, 1062, 'senior', 0.0, 'active');
INSERT INTO ticket (ticket_id, booking_id, passenger_category, passenger_fare_amount, status) VALUES (1191, 1062, 'adult', 380.0, 'active');
INSERT INTO ticket (ticket_id, booking_id, passenger_category, passenger_fare_amount, status) VALUES (1192, 1062, 'adult', 380.0, 'active');
INSERT INTO booking (booking_id, person_id, schedule_id, booking_datetime, trip_type, status) VALUES (1063, 1193, 5, '2025-12-20 00:00:00', 'one_way', 'confirmed');
INSERT INTO ticket (ticket_id, booking_id, passenger_category, passenger_fare_amount, status) VALUES (1193, 1063, 'adult', 380.0, 'active');
INSERT INTO ticket (ticket_id, booking_id, passenger_category, passenger_fare_amount, status) VALUES (1194, 1063, 'adult', 380.0, 'active');
INSERT INTO ticket (ticket_id, booking_id, passenger_category, passenger_fare_amount, status) VALUES (1195, 1063, 'senior', 0.0, 'active');
INSERT INTO ticket (ticket_id, booking_id, passenger_category, passenger_fare_amount, status) VALUES (1196, 1063, 'adult', 380.0, 'active');
INSERT INTO booking (booking_id, person_id, schedule_id, booking_datetime, trip_type, status) VALUES (1064, 1197, 8, '2025-12-30 00:00:00', 'one_way', 'confirmed');
INSERT INTO ticket (ticket_id, booking_id, passenger_category, passenger_fare_amount, status) VALUES (1197, 1064, 'senior', 0.0, 'active');
INSERT INTO booking (booking_id, person_id, schedule_id, booking_datetime, trip_type, status) VALUES (1065, 1198, 4, '2025-12-22 00:00:00', 'one_way', 'confirmed');
INSERT INTO ticket (ticket_id, booking_id, passenger_category, passenger_fare_amount, status) VALUES (1198, 1065, 'senior', 0.0, 'active');
INSERT INTO ticket (ticket_id, booking_id, passenger_category, passenger_fare_amount, status) VALUES (1199, 1065, 'child', 200.0, 'active');
INSERT INTO booking (booking_id, person_id, schedule_id, booking_datetime, trip_type, status) VALUES (1066, 1200, 8, '2025-12-21 00:00:00', 'one_way', 'confirmed');
INSERT INTO ticket (ticket_id, booking_id, passenger_category, passenger_fare_amount, status) VALUES (1200, 1066, 'adult', 380.0, 'active');
INSERT INTO ticket (ticket_id, booking_id, passenger_category, passenger_fare_amount, status) VALUES (1201, 1066, 'adult', 380.0, 'active');
INSERT INTO ticket (ticket_id, booking_id, passenger_category, passenger_fare_amount, status) VALUES (1202, 1066, 'child', 200.0, 'active');
INSERT INTO booking (booking_id, person_id, schedule_id, booking_datetime, trip_type, status) VALUES (1067, 1203, 8, '2025-12-29 00:00:00', 'one_way', 'confirmed');
INSERT INTO ticket (ticket_id, booking_id, passenger_category, passenger_fare_amount, status) VALUES (1203, 1067, 'senior', 0.0, 'active');
INSERT INTO ticket (ticket_id, booking_id, passenger_category, passenger_fare_amount, status) VALUES (1204, 1067, 'child', 200.0, 'active');
INSERT INTO ticket (ticket_id, booking_id, passenger_category, passenger_fare_amount, status) VALUES (1205, 1067, 'senior', 0.0, 'active');
INSERT INTO booking (booking_id, person_id, schedule_id, booking_datetime, trip_type, status) VALUES (1068, 1206, 7, '2025-12-22 00:00:00', 'one_way', 'confirmed');
INSERT INTO ticket (ticket_id, booking_id, passenger_category, passenger_fare_amount, status) VALUES (1206, 1068, 'child', 200.0, 'active');
INSERT INTO ticket (ticket_id, booking_id, passenger_category, passenger_fare_amount, status) VALUES (1207, 1068, 'senior', 0.0, 'active');
INSERT INTO ticket (ticket_id, booking_id, passenger_category, passenger_fare_amount, status) VALUES (1208, 1068, 'adult', 380.0, 'active');
INSERT INTO ticket (ticket_id, booking_id, passenger_category, passenger_fare_amount, status) VALUES (1209, 1068, 'child', 200.0, 'active');
INSERT INTO booking (booking_id, person_id, schedule_id, booking_datetime, trip_type, status) VALUES (1069, 1210, 3, '2025-12-25 00:00:00', 'one_way', 'confirmed');
INSERT INTO ticket (ticket_id, booking_id, passenger_category, passenger_fare_amount, status) VALUES (1210, 1069, 'senior', 0.0, 'active');
INSERT INTO ticket (ticket_id, booking_id, passenger_category, passenger_fare_amount, status) VALUES (1211, 1069, 'child', 200.0, 'active');
INSERT INTO ticket (ticket_id, booking_id, passenger_category, passenger_fare_amount, status) VALUES (1212, 1069, 'adult', 380.0, 'active');
INSERT INTO ticket (ticket_id, booking_id, passenger_category, passenger_fare_amount, status) VALUES (1213, 1069, 'child', 200.0, 'active');
INSERT INTO booking (booking_id, person_id, schedule_id, booking_datetime, trip_type, status) VALUES (1070, 1214, 1, '2025-12-21 00:00:00', 'one_way', 'confirmed');
INSERT INTO ticket (ticket_id, booking_id, passenger_category, passenger_fare_amount, status) VALUES (1214, 1070, 'child', 200.0, 'active');
INSERT INTO ticket (ticket_id, booking_id, passenger_category, passenger_fare_amount, status) VALUES (1215, 1070, 'senior', 0.0, 'active');
INSERT INTO booking (booking_id, person_id, schedule_id, booking_datetime, trip_type, status) VALUES (1071, 1216, 7, '2025-12-21 00:00:00', 'one_way', 'confirmed');
INSERT INTO ticket (ticket_id, booking_id, passenger_category, passenger_fare_amount, status) VALUES (1216, 1071, 'child', 200.0, 'active');
INSERT INTO ticket (ticket_id, booking_id, passenger_category, passenger_fare_amount, status) VALUES (1217, 1071, 'adult', 380.0, 'active');
INSERT INTO ticket (ticket_id, booking_id, passenger_category, passenger_fare_amount, status) VALUES (1218, 1071, 'adult', 380.0, 'active');
INSERT INTO booking (booking_id, person_id, schedule_id, booking_datetime, trip_type, status) VALUES (1072, 1219, 8, '2025-12-28 00:00:00', 'one_way', 'confirmed');
INSERT INTO ticket (ticket_id, booking_id, passenger_category, passenger_fare_amount, status) VALUES (1219, 1072, 'senior', 0.0, 'active');
INSERT INTO ticket (ticket_id, booking_id, passenger_category, passenger_fare_amount, status) VALUES (1220, 1072, 'adult', 380.0, 'active');
INSERT INTO ticket (ticket_id, booking_id, passenger_category, passenger_fare_amount, status) VALUES (1221, 1072, 'senior', 0.0, 'active');
INSERT INTO ticket (ticket_id, booking_id, passenger_category, passenger_fare_amount, status) VALUES (1222, 1072, 'senior', 0.0, 'active');
INSERT INTO booking (booking_id, person_id, schedule_id, booking_datetime, trip_type, status) VALUES (1073, 1223, 1, '2025-12-24 00:00:00', 'one_way', 'confirmed');
INSERT INTO ticket (ticket_id, booking_id, passenger_category, passenger_fare_amount, status) VALUES (1223, 1073, 'child', 200.0, 'active');
INSERT INTO ticket (ticket_id, booking_id, passenger_category, passenger_fare_amount, status) VALUES (1224, 1073, 'adult', 380.0, 'active');
INSERT INTO ticket (ticket_id, booking_id, passenger_category, passenger_fare_amount, status) VALUES (1225, 1073, 'adult', 380.0, 'active');
INSERT INTO ticket (ticket_id, booking_id, passenger_category, passenger_fare_amount, status) VALUES (1226, 1073, 'adult', 380.0, 'active');
INSERT INTO booking (booking_id, person_id, schedule_id, booking_datetime, trip_type, status) VALUES (1074, 1227, 3, '2025-12-23 00:00:00', 'one_way', 'confirmed');
INSERT INTO ticket (ticket_id, booking_id, passenger_category, passenger_fare_amount, status) VALUES (1227, 1074, 'adult', 380.0, 'active');
INSERT INTO ticket (ticket_id, booking_id, passenger_category, passenger_fare_amount, status) VALUES (1228, 1074, 'adult', 380.0, 'active');
INSERT INTO booking (booking_id, person_id, schedule_id, booking_datetime, trip_type, status) VALUES (1075, 1229, 4, '2025-12-21 00:00:00', 'one_way', 'confirmed');
INSERT INTO ticket (ticket_id, booking_id, passenger_category, passenger_fare_amount, status) VALUES (1229, 1075, 'senior', 0.0, 'active');
INSERT INTO ticket (ticket_id, booking_id, passenger_category, passenger_fare_amount, status) VALUES (1230, 1075, 'senior', 0.0, 'active');
INSERT INTO ticket (ticket_id, booking_id, passenger_category, passenger_fare_amount, status) VALUES (1231, 1075, 'adult', 380.0, 'active');
INSERT INTO ticket (ticket_id, booking_id, passenger_category, passenger_fare_amount, status) VALUES (1232, 1075, 'senior', 0.0, 'active');
INSERT INTO booking (booking_id, person_id, schedule_id, booking_datetime, trip_type, status) VALUES (1076, 1233, 1, '2025-12-23 00:00:00', 'one_way', 'confirmed');
INSERT INTO ticket (ticket_id, booking_id, passenger_category, passenger_fare_amount, status) VALUES (1233, 1076, 'senior', 0.0, 'active');
INSERT INTO ticket (ticket_id, booking_id, passenger_category, passenger_fare_amount, status) VALUES (1234, 1076, 'child', 200.0, 'active');
INSERT INTO ticket (ticket_id, booking_id, passenger_category, passenger_fare_amount, status) VALUES (1235, 1076, 'senior', 0.0, 'active');
INSERT INTO ticket (ticket_id, booking_id, passenger_category, passenger_fare_amount, status) VALUES (1236, 1076, 'adult', 380.0, 'active');
INSERT INTO ticket (ticket_id, booking_id, passenger_category, passenger_fare_amount, status) VALUES (1237, 1076, 'adult', 380.0, 'active');
INSERT INTO booking (booking_id, person_id, schedule_id, booking_datetime, trip_type, status) VALUES (1077, 1238, 8, '2025-12-20 00:00:00', 'one_way', 'confirmed');
INSERT INTO ticket (ticket_id, booking_id, passenger_category, passenger_fare_amount, status) VALUES (1238, 1077, 'adult', 380.0, 'active');
INSERT INTO ticket (ticket_id, booking_id, passenger_category, passenger_fare_amount, status) VALUES (1239, 1077, 'adult', 380.0, 'active');
INSERT INTO ticket (ticket_id, booking_id, passenger_category, passenger_fare_amount, status) VALUES (1240, 1077, 'child', 200.0, 'active');
INSERT INTO ticket (ticket_id, booking_id, passenger_category, passenger_fare_amount, status) VALUES (1241, 1077, 'senior', 0.0, 'active');
INSERT INTO ticket (ticket_id, booking_id, passenger_category, passenger_fare_amount, status) VALUES (1242, 1077, 'child', 200.0, 'active');
INSERT INTO booking (booking_id, person_id, schedule_id, booking_datetime, trip_type, status) VALUES (1078, 1243, 4, '2025-12-20 00:00:00', 'one_way', 'confirmed');
INSERT INTO ticket (ticket_id, booking_id, passenger_category, passenger_fare_amount, status) VALUES (1243, 1078, 'adult', 380.0, 'active');
INSERT INTO ticket (ticket_id, booking_id, passenger_category, passenger_fare_amount, status) VALUES (1244, 1078, 'adult', 380.0, 'active');
INSERT INTO ticket (ticket_id, booking_id, passenger_category, passenger_fare_amount, status) VALUES (1245, 1078, 'child', 200.0, 'active');
INSERT INTO ticket (ticket_id, booking_id, passenger_category, passenger_fare_amount, status) VALUES (1246, 1078, 'senior', 0.0, 'active');
INSERT INTO ticket (ticket_id, booking_id, passenger_category, passenger_fare_amount, status) VALUES (1247, 1078, 'senior', 0.0, 'active');
INSERT INTO booking (booking_id, person_id, schedule_id, booking_datetime, trip_type, status) VALUES (1079, 1248, 7, '2025-12-24 00:00:00', 'one_way', 'confirmed');
INSERT INTO ticket (ticket_id, booking_id, passenger_category, passenger_fare_amount, status) VALUES (1248, 1079, 'adult', 380.0, 'active');
INSERT INTO ticket (ticket_id, booking_id, passenger_category, passenger_fare_amount, status) VALUES (1249, 1079, 'senior', 0.0, 'active');
INSERT INTO ticket (ticket_id, booking_id, passenger_category, passenger_fare_amount, status) VALUES (1250, 1079, 'child', 200.0, 'active');
INSERT INTO ticket (ticket_id, booking_id, passenger_category, passenger_fare_amount, status) VALUES (1251, 1079, 'adult', 380.0, 'active');
INSERT INTO ticket (ticket_id, booking_id, passenger_category, passenger_fare_amount, status) VALUES (1252, 1079, 'child', 200.0, 'active');
INSERT INTO booking (booking_id, person_id, schedule_id, booking_datetime, trip_type, status) VALUES (1080, 1253, 7, '2025-12-28 00:00:00', 'one_way', 'confirmed');
INSERT INTO ticket (ticket_id, booking_id, passenger_category, passenger_fare_amount, status) VALUES (1253, 1080, 'senior', 0.0, 'active');
INSERT INTO booking (booking_id, person_id, schedule_id, booking_datetime, trip_type, status) VALUES (1081, 1254, 8, '2025-12-24 00:00:00', 'one_way', 'confirmed');
INSERT INTO ticket (ticket_id, booking_id, passenger_category, passenger_fare_amount, status) VALUES (1254, 1081, 'senior', 0.0, 'active');
INSERT INTO ticket (ticket_id, booking_id, passenger_category, passenger_fare_amount, status) VALUES (1255, 1081, 'adult', 380.0, 'active');
INSERT INTO booking (booking_id, person_id, schedule_id, booking_datetime, trip_type, status) VALUES (1082, 1256, 2, '2025-12-27 00:00:00', 'one_way', 'confirmed');
INSERT INTO ticket (ticket_id, booking_id, passenger_category, passenger_fare_amount, status) VALUES (1256, 1082, 'adult', 380.0, 'active');
INSERT INTO ticket (ticket_id, booking_id, passenger_category, passenger_fare_amount, status) VALUES (1257, 1082, 'senior', 0.0, 'active');
INSERT INTO ticket (ticket_id, booking_id, passenger_category, passenger_fare_amount, status) VALUES (1258, 1082, 'child', 200.0, 'active');
INSERT INTO ticket (ticket_id, booking_id, passenger_category, passenger_fare_amount, status) VALUES (1259, 1082, 'adult', 380.0, 'active');
INSERT INTO booking (booking_id, person_id, schedule_id, booking_datetime, trip_type, status) VALUES (1083, 1260, 3, '2025-12-23 00:00:00', 'one_way', 'confirmed');
INSERT INTO ticket (ticket_id, booking_id, passenger_category, passenger_fare_amount, status) VALUES (1260, 1083, 'senior', 0.0, 'active');
INSERT INTO ticket (ticket_id, booking_id, passenger_category, passenger_fare_amount, status) VALUES (1261, 1083, 'senior', 0.0, 'active');
INSERT INTO ticket (ticket_id, booking_id, passenger_category, passenger_fare_amount, status) VALUES (1262, 1083, 'child', 200.0, 'active');
INSERT INTO ticket (ticket_id, booking_id, passenger_category, passenger_fare_amount, status) VALUES (1263, 1083, 'senior', 0.0, 'active');
INSERT INTO ticket (ticket_id, booking_id, passenger_category, passenger_fare_amount, status) VALUES (1264, 1083, 'senior', 0.0, 'active');
INSERT INTO booking (booking_id, person_id, schedule_id, booking_datetime, trip_type, status) VALUES (1084, 1265, 2, '2025-12-20 00:00:00', 'one_way', 'confirmed');
INSERT INTO ticket (ticket_id, booking_id, passenger_category, passenger_fare_amount, status) VALUES (1265, 1084, 'adult', 380.0, 'active');
INSERT INTO ticket (ticket_id, booking_id, passenger_category, passenger_fare_amount, status) VALUES (1266, 1084, 'child', 200.0, 'active');
INSERT INTO ticket (ticket_id, booking_id, passenger_category, passenger_fare_amount, status) VALUES (1267, 1084, 'child', 200.0, 'active');
INSERT INTO ticket (ticket_id, booking_id, passenger_category, passenger_fare_amount, status) VALUES (1268, 1084, 'senior', 0.0, 'active');
INSERT INTO booking (booking_id, person_id, schedule_id, booking_datetime, trip_type, status) VALUES (1085, 1269, 8, '2025-12-29 00:00:00', 'one_way', 'confirmed');
INSERT INTO ticket (ticket_id, booking_id, passenger_category, passenger_fare_amount, status) VALUES (1269, 1085, 'child', 200.0, 'active');
INSERT INTO ticket (ticket_id, booking_id, passenger_category, passenger_fare_amount, status) VALUES (1270, 1085, 'child', 200.0, 'active');
INSERT INTO booking (booking_id, person_id, schedule_id, booking_datetime, trip_type, status) VALUES (1086, 1271, 2, '2025-12-30 00:00:00', 'one_way', 'confirmed');
INSERT INTO ticket (ticket_id, booking_id, passenger_category, passenger_fare_amount, status) VALUES (1271, 1086, 'senior', 0.0, 'active');
INSERT INTO booking (booking_id, person_id, schedule_id, booking_datetime, trip_type, status) VALUES (1087, 1272, 8, '2025-12-24 00:00:00', 'one_way', 'confirmed');
INSERT INTO ticket (ticket_id, booking_id, passenger_category, passenger_fare_amount, status) VALUES (1272, 1087, 'child', 200.0, 'active');
INSERT INTO ticket (ticket_id, booking_id, passenger_category, passenger_fare_amount, status) VALUES (1273, 1087, 'senior', 0.0, 'active');
INSERT INTO ticket (ticket_id, booking_id, passenger_category, passenger_fare_amount, status) VALUES (1274, 1087, 'adult', 380.0, 'active');
INSERT INTO ticket (ticket_id, booking_id, passenger_category, passenger_fare_amount, status) VALUES (1275, 1087, 'senior', 0.0, 'active');
INSERT INTO booking (booking_id, person_id, schedule_id, booking_datetime, trip_type, status) VALUES (1088, 1276, 4, '2025-12-22 00:00:00', 'one_way', 'confirmed');
INSERT INTO ticket (ticket_id, booking_id, passenger_category, passenger_fare_amount, status) VALUES (1276, 1088, 'child', 200.0, 'active');
INSERT INTO ticket (ticket_id, booking_id, passenger_category, passenger_fare_amount, status) VALUES (1277, 1088, 'child', 200.0, 'active');
INSERT INTO ticket (ticket_id, booking_id, passenger_category, passenger_fare_amount, status) VALUES (1278, 1088, 'adult', 380.0, 'active');
INSERT INTO ticket (ticket_id, booking_id, passenger_category, passenger_fare_amount, status) VALUES (1279, 1088, 'child', 200.0, 'active');
INSERT INTO ticket (ticket_id, booking_id, passenger_category, passenger_fare_amount, status) VALUES (1280, 1088, 'adult', 380.0, 'active');
INSERT INTO booking (booking_id, person_id, schedule_id, booking_datetime, trip_type, status) VALUES (1089, 1281, 2, '2025-12-20 00:00:00', 'one_way', 'confirmed');
INSERT INTO ticket (ticket_id, booking_id, passenger_category, passenger_fare_amount, status) VALUES (1281, 1089, 'senior', 0.0, 'active');
INSERT INTO ticket (ticket_id, booking_id, passenger_category, passenger_fare_amount, status) VALUES (1282, 1089, 'senior', 0.0, 'active');
INSERT INTO booking (booking_id, person_id, schedule_id, booking_datetime, trip_type, status) VALUES (1090, 1283, 3, '2025-12-30 00:00:00', 'one_way', 'confirmed');
INSERT INTO ticket (ticket_id, booking_id, passenger_category, passenger_fare_amount, status) VALUES (1283, 1090, 'child', 200.0, 'active');
INSERT INTO ticket (ticket_id, booking_id, passenger_category, passenger_fare_amount, status) VALUES (1284, 1090, 'child', 200.0, 'active');
INSERT INTO ticket (ticket_id, booking_id, passenger_category, passenger_fare_amount, status) VALUES (1285, 1090, 'adult', 380.0, 'active');
INSERT INTO ticket (ticket_id, booking_id, passenger_category, passenger_fare_amount, status) VALUES (1286, 1090, 'senior', 0.0, 'active');
INSERT INTO ticket (ticket_id, booking_id, passenger_category, passenger_fare_amount, status) VALUES (1287, 1090, 'adult', 380.0, 'active');
INSERT INTO booking (booking_id, person_id, schedule_id, booking_datetime, trip_type, status) VALUES (1091, 1288, 5, '2025-12-25 00:00:00', 'one_way', 'confirmed');
INSERT INTO ticket (ticket_id, booking_id, passenger_category, passenger_fare_amount, status) VALUES (1288, 1091, 'child', 200.0, 'active');
INSERT INTO ticket (ticket_id, booking_id, passenger_category, passenger_fare_amount, status) VALUES (1289, 1091, 'senior', 0.0, 'active');
INSERT INTO booking (booking_id, person_id, schedule_id, booking_datetime, trip_type, status) VALUES (1092, 1290, 4, '2025-12-21 00:00:00', 'one_way', 'confirmed');
INSERT INTO ticket (ticket_id, booking_id, passenger_category, passenger_fare_amount, status) VALUES (1290, 1092, 'adult', 380.0, 'active');
INSERT INTO ticket (ticket_id, booking_id, passenger_category, passenger_fare_amount, status) VALUES (1291, 1092, 'adult', 380.0, 'active');
INSERT INTO ticket (ticket_id, booking_id, passenger_category, passenger_fare_amount, status) VALUES (1292, 1092, 'senior', 0.0, 'active');
INSERT INTO booking (booking_id, person_id, schedule_id, booking_datetime, trip_type, status) VALUES (1093, 1293, 4, '2025-12-24 00:00:00', 'one_way', 'confirmed');
INSERT INTO ticket (ticket_id, booking_id, passenger_category, passenger_fare_amount, status) VALUES (1293, 1093, 'adult', 380.0, 'active');
INSERT INTO ticket (ticket_id, booking_id, passenger_category, passenger_fare_amount, status) VALUES (1294, 1093, 'child', 200.0, 'active');
INSERT INTO ticket (ticket_id, booking_id, passenger_category, passenger_fare_amount, status) VALUES (1295, 1093, 'child', 200.0, 'active');
INSERT INTO booking (booking_id, person_id, schedule_id, booking_datetime, trip_type, status) VALUES (1094, 1296, 8, '2025-12-23 00:00:00', 'one_way', 'confirmed');
INSERT INTO ticket (ticket_id, booking_id, passenger_category, passenger_fare_amount, status) VALUES (1296, 1094, 'adult', 380.0, 'active');
INSERT INTO ticket (ticket_id, booking_id, passenger_category, passenger_fare_amount, status) VALUES (1297, 1094, 'senior', 0.0, 'active');
INSERT INTO booking (booking_id, person_id, schedule_id, booking_datetime, trip_type, status) VALUES (1095, 1298, 4, '2025-12-23 00:00:00', 'one_way', 'confirmed');
INSERT INTO ticket (ticket_id, booking_id, passenger_category, passenger_fare_amount, status) VALUES (1298, 1095, 'senior', 0.0, 'active');
INSERT INTO booking (booking_id, person_id, schedule_id, booking_datetime, trip_type, status) VALUES (1096, 1299, 6, '2025-12-24 00:00:00', 'one_way', 'confirmed');
INSERT INTO ticket (ticket_id, booking_id, passenger_category, passenger_fare_amount, status) VALUES (1299, 1096, 'child', 200.0, 'active');
INSERT INTO ticket (ticket_id, booking_id, passenger_category, passenger_fare_amount, status) VALUES (1300, 1096, 'child', 200.0, 'active');
INSERT INTO ticket (ticket_id, booking_id, passenger_category, passenger_fare_amount, status) VALUES (1301, 1096, 'child', 200.0, 'active');
INSERT INTO booking (booking_id, person_id, schedule_id, booking_datetime, trip_type, status) VALUES (1097, 1302, 4, '2025-12-20 00:00:00', 'one_way', 'confirmed');
INSERT INTO ticket (ticket_id, booking_id, passenger_category, passenger_fare_amount, status) VALUES (1302, 1097, 'child', 200.0, 'active');
INSERT INTO ticket (ticket_id, booking_id, passenger_category, passenger_fare_amount, status) VALUES (1303, 1097, 'senior', 0.0, 'active');
INSERT INTO ticket (ticket_id, booking_id, passenger_category, passenger_fare_amount, status) VALUES (1304, 1097, 'adult', 380.0, 'active');
INSERT INTO ticket (ticket_id, booking_id, passenger_category, passenger_fare_amount, status) VALUES (1305, 1097, 'child', 200.0, 'active');
INSERT INTO ticket (ticket_id, booking_id, passenger_category, passenger_fare_amount, status) VALUES (1306, 1097, 'senior', 0.0, 'active');
INSERT INTO booking (booking_id, person_id, schedule_id, booking_datetime, trip_type, status) VALUES (1098, 1307, 2, '2025-12-26 00:00:00', 'one_way', 'confirmed');
INSERT INTO ticket (ticket_id, booking_id, passenger_category, passenger_fare_amount, status) VALUES (1307, 1098, 'senior', 0.0, 'active');
INSERT INTO ticket (ticket_id, booking_id, passenger_category, passenger_fare_amount, status) VALUES (1308, 1098, 'senior', 0.0, 'active');
INSERT INTO booking (booking_id, person_id, schedule_id, booking_datetime, trip_type, status) VALUES (1099, 1309, 6, '2025-12-21 00:00:00', 'one_way', 'confirmed');
INSERT INTO ticket (ticket_id, booking_id, passenger_category, passenger_fare_amount, status) VALUES (1309, 1099, 'child', 200.0, 'active');
INSERT INTO ticket (ticket_id, booking_id, passenger_category, passenger_fare_amount, status) VALUES (1310, 1099, 'senior', 0.0, 'active');
INSERT INTO booking (booking_id, person_id, schedule_id, booking_datetime, trip_type, status) VALUES (1100, 1311, 4, '2025-12-27 00:00:00', 'one_way', 'confirmed');
INSERT INTO ticket (ticket_id, booking_id, passenger_category, passenger_fare_amount, status) VALUES (1311, 1100, 'adult', 380.0, 'active');
INSERT INTO ticket (ticket_id, booking_id, passenger_category, passenger_fare_amount, status) VALUES (1312, 1100, 'child', 200.0, 'active');
INSERT INTO ticket (ticket_id, booking_id, passenger_category, passenger_fare_amount, status) VALUES (1313, 1100, 'senior', 0.0, 'active');
INSERT INTO ticket (ticket_id, booking_id, passenger_category, passenger_fare_amount, status) VALUES (1314, 1100, 'child', 200.0, 'active');
INSERT INTO booking (booking_id, person_id, schedule_id, booking_datetime, trip_type, status) VALUES (1101, 1315, 3, '2025-12-29 00:00:00', 'one_way', 'confirmed');
INSERT INTO ticket (ticket_id, booking_id, passenger_category, passenger_fare_amount, status) VALUES (1315, 1101, 'adult', 380.0, 'active');
INSERT INTO ticket (ticket_id, booking_id, passenger_category, passenger_fare_amount, status) VALUES (1316, 1101, 'adult', 380.0, 'active');
INSERT INTO booking (booking_id, person_id, schedule_id, booking_datetime, trip_type, status) VALUES (1102, 1317, 6, '2025-12-24 00:00:00', 'one_way', 'confirmed');
INSERT INTO ticket (ticket_id, booking_id, passenger_category, passenger_fare_amount, status) VALUES (1317, 1102, 'child', 200.0, 'active');
INSERT INTO ticket (ticket_id, booking_id, passenger_category, passenger_fare_amount, status) VALUES (1318, 1102, 'adult', 380.0, 'active');
INSERT INTO ticket (ticket_id, booking_id, passenger_category, passenger_fare_amount, status) VALUES (1319, 1102, 'child', 200.0, 'active');
INSERT INTO ticket (ticket_id, booking_id, passenger_category, passenger_fare_amount, status) VALUES (1320, 1102, 'child', 200.0, 'active');
INSERT INTO booking (booking_id, person_id, schedule_id, booking_datetime, trip_type, status) VALUES (1103, 1321, 1, '2025-12-24 00:00:00', 'one_way', 'confirmed');
INSERT INTO ticket (ticket_id, booking_id, passenger_category, passenger_fare_amount, status) VALUES (1321, 1103, 'child', 200.0, 'active');
INSERT INTO booking (booking_id, person_id, schedule_id, booking_datetime, trip_type, status) VALUES (1104, 1322, 6, '2025-12-21 00:00:00', 'one_way', 'confirmed');
INSERT INTO ticket (ticket_id, booking_id, passenger_category, passenger_fare_amount, status) VALUES (1322, 1104, 'senior', 0.0, 'active');
INSERT INTO ticket (ticket_id, booking_id, passenger_category, passenger_fare_amount, status) VALUES (1323, 1104, 'child', 200.0, 'active');
INSERT INTO booking (booking_id, person_id, schedule_id, booking_datetime, trip_type, status) VALUES (1105, 1324, 2, '2025-12-28 00:00:00', 'one_way', 'confirmed');
INSERT INTO ticket (ticket_id, booking_id, passenger_category, passenger_fare_amount, status) VALUES (1324, 1105, 'adult', 380.0, 'active');
INSERT INTO ticket (ticket_id, booking_id, passenger_category, passenger_fare_amount, status) VALUES (1325, 1105, 'senior', 0.0, 'active');
INSERT INTO ticket (ticket_id, booking_id, passenger_category, passenger_fare_amount, status) VALUES (1326, 1105, 'adult', 380.0, 'active');
INSERT INTO ticket (ticket_id, booking_id, passenger_category, passenger_fare_amount, status) VALUES (1327, 1105, 'senior', 0.0, 'active');
INSERT INTO booking (booking_id, person_id, schedule_id, booking_datetime, trip_type, status) VALUES (1106, 1328, 4, '2025-12-20 00:00:00', 'one_way', 'confirmed');
INSERT INTO ticket (ticket_id, booking_id, passenger_category, passenger_fare_amount, status) VALUES (1328, 1106, 'child', 200.0, 'active');
INSERT INTO ticket (ticket_id, booking_id, passenger_category, passenger_fare_amount, status) VALUES (1329, 1106, 'child', 200.0, 'active');
INSERT INTO ticket (ticket_id, booking_id, passenger_category, passenger_fare_amount, status) VALUES (1330, 1106, 'child', 200.0, 'active');
INSERT INTO ticket (ticket_id, booking_id, passenger_category, passenger_fare_amount, status) VALUES (1331, 1106, 'senior', 0.0, 'active');
INSERT INTO ticket (ticket_id, booking_id, passenger_category, passenger_fare_amount, status) VALUES (1332, 1106, 'senior', 0.0, 'active');
INSERT INTO booking (booking_id, person_id, schedule_id, booking_datetime, trip_type, status) VALUES (1107, 1333, 1, '2025-12-29 00:00:00', 'one_way', 'confirmed');
INSERT INTO ticket (ticket_id, booking_id, passenger_category, passenger_fare_amount, status) VALUES (1333, 1107, 'adult', 380.0, 'active');
INSERT INTO ticket (ticket_id, booking_id, passenger_category, passenger_fare_amount, status) VALUES (1334, 1107, 'adult', 380.0, 'active');
INSERT INTO ticket (ticket_id, booking_id, passenger_category, passenger_fare_amount, status) VALUES (1335, 1107, 'child', 200.0, 'active');
INSERT INTO ticket (ticket_id, booking_id, passenger_category, passenger_fare_amount, status) VALUES (1336, 1107, 'senior', 0.0, 'active');
INSERT INTO booking (booking_id, person_id, schedule_id, booking_datetime, trip_type, status) VALUES (1108, 1337, 5, '2025-12-20 00:00:00', 'one_way', 'confirmed');
INSERT INTO ticket (ticket_id, booking_id, passenger_category, passenger_fare_amount, status) VALUES (1337, 1108, 'child', 200.0, 'active');
INSERT INTO ticket (ticket_id, booking_id, passenger_category, passenger_fare_amount, status) VALUES (1338, 1108, 'adult', 380.0, 'active');
INSERT INTO ticket (ticket_id, booking_id, passenger_category, passenger_fare_amount, status) VALUES (1339, 1108, 'adult', 380.0, 'active');
INSERT INTO ticket (ticket_id, booking_id, passenger_category, passenger_fare_amount, status) VALUES (1340, 1108, 'child', 200.0, 'active');
INSERT INTO ticket (ticket_id, booking_id, passenger_category, passenger_fare_amount, status) VALUES (1341, 1108, 'adult', 380.0, 'active');
INSERT INTO booking (booking_id, person_id, schedule_id, booking_datetime, trip_type, status) VALUES (1109, 1342, 8, '2025-12-24 00:00:00', 'one_way', 'confirmed');
INSERT INTO ticket (ticket_id, booking_id, passenger_category, passenger_fare_amount, status) VALUES (1342, 1109, 'senior', 0.0, 'active');
INSERT INTO ticket (ticket_id, booking_id, passenger_category, passenger_fare_amount, status) VALUES (1343, 1109, 'senior', 0.0, 'active');
INSERT INTO ticket (ticket_id, booking_id, passenger_category, passenger_fare_amount, status) VALUES (1344, 1109, 'adult', 380.0, 'active');
INSERT INTO ticket (ticket_id, booking_id, passenger_category, passenger_fare_amount, status) VALUES (1345, 1109, 'senior', 0.0, 'active');
INSERT INTO ticket (ticket_id, booking_id, passenger_category, passenger_fare_amount, status) VALUES (1346, 1109, 'child', 200.0, 'active');
INSERT INTO booking (booking_id, person_id, schedule_id, booking_datetime, trip_type, status) VALUES (1110, 1347, 1, '2025-12-25 00:00:00', 'one_way', 'confirmed');
INSERT INTO ticket (ticket_id, booking_id, passenger_category, passenger_fare_amount, status) VALUES (1347, 1110, 'child', 200.0, 'active');
INSERT INTO ticket (ticket_id, booking_id, passenger_category, passenger_fare_amount, status) VALUES (1348, 1110, 'senior', 0.0, 'active');
INSERT INTO ticket (ticket_id, booking_id, passenger_category, passenger_fare_amount, status) VALUES (1349, 1110, 'senior', 0.0, 'active');
INSERT INTO booking (booking_id, person_id, schedule_id, booking_datetime, trip_type, status) VALUES (1111, 1350, 1, '2025-12-23 00:00:00', 'one_way', 'confirmed');
INSERT INTO ticket (ticket_id, booking_id, passenger_category, passenger_fare_amount, status) VALUES (1350, 1111, 'senior', 0.0, 'active');
INSERT INTO ticket (ticket_id, booking_id, passenger_category, passenger_fare_amount, status) VALUES (1351, 1111, 'child', 200.0, 'active');
INSERT INTO ticket (ticket_id, booking_id, passenger_category, passenger_fare_amount, status) VALUES (1352, 1111, 'senior', 0.0, 'active');
INSERT INTO ticket (ticket_id, booking_id, passenger_category, passenger_fare_amount, status) VALUES (1353, 1111, 'child', 200.0, 'active');
INSERT INTO ticket (ticket_id, booking_id, passenger_category, passenger_fare_amount, status) VALUES (1354, 1111, 'adult', 380.0, 'active');
INSERT INTO booking (booking_id, person_id, schedule_id, booking_datetime, trip_type, status) VALUES (1112, 1355, 7, '2025-12-20 00:00:00', 'one_way', 'confirmed');
INSERT INTO ticket (ticket_id, booking_id, passenger_category, passenger_fare_amount, status) VALUES (1355, 1112, 'child', 200.0, 'active');
INSERT INTO ticket (ticket_id, booking_id, passenger_category, passenger_fare_amount, status) VALUES (1356, 1112, 'child', 200.0, 'active');
INSERT INTO ticket (ticket_id, booking_id, passenger_category, passenger_fare_amount, status) VALUES (1357, 1112, 'child', 200.0, 'active');
INSERT INTO booking (booking_id, person_id, schedule_id, booking_datetime, trip_type, status) VALUES (1113, 1358, 3, '2025-12-24 00:00:00', 'one_way', 'confirmed');
INSERT INTO ticket (ticket_id, booking_id, passenger_category, passenger_fare_amount, status) VALUES (1358, 1113, 'adult', 380.0, 'active');
INSERT INTO booking (booking_id, person_id, schedule_id, booking_datetime, trip_type, status) VALUES (1114, 1359, 5, '2025-12-22 00:00:00', 'one_way', 'confirmed');
INSERT INTO ticket (ticket_id, booking_id, passenger_category, passenger_fare_amount, status) VALUES (1359, 1114, 'child', 200.0, 'active');
INSERT INTO booking (booking_id, person_id, schedule_id, booking_datetime, trip_type, status) VALUES (1115, 1360, 3, '2025-12-22 00:00:00', 'one_way', 'confirmed');
INSERT INTO ticket (ticket_id, booking_id, passenger_category, passenger_fare_amount, status) VALUES (1360, 1115, 'senior', 0.0, 'active');
INSERT INTO ticket (ticket_id, booking_id, passenger_category, passenger_fare_amount, status) VALUES (1361, 1115, 'senior', 0.0, 'active');
INSERT INTO booking (booking_id, person_id, schedule_id, booking_datetime, trip_type, status) VALUES (1116, 1362, 7, '2025-12-29 00:00:00', 'one_way', 'confirmed');
INSERT INTO ticket (ticket_id, booking_id, passenger_category, passenger_fare_amount, status) VALUES (1362, 1116, 'child', 200.0, 'active');
INSERT INTO ticket (ticket_id, booking_id, passenger_category, passenger_fare_amount, status) VALUES (1363, 1116, 'child', 200.0, 'active');
INSERT INTO ticket (ticket_id, booking_id, passenger_category, passenger_fare_amount, status) VALUES (1364, 1116, 'senior', 0.0, 'active');
INSERT INTO ticket (ticket_id, booking_id, passenger_category, passenger_fare_amount, status) VALUES (1365, 1116, 'child', 200.0, 'active');
INSERT INTO ticket (ticket_id, booking_id, passenger_category, passenger_fare_amount, status) VALUES (1366, 1116, 'senior', 0.0, 'active');
INSERT INTO booking (booking_id, person_id, schedule_id, booking_datetime, trip_type, status) VALUES (1117, 1367, 4, '2025-12-21 00:00:00', 'one_way', 'confirmed');
INSERT INTO ticket (ticket_id, booking_id, passenger_category, passenger_fare_amount, status) VALUES (1367, 1117, 'child', 200.0, 'active');
INSERT INTO ticket (ticket_id, booking_id, passenger_category, passenger_fare_amount, status) VALUES (1368, 1117, 'senior', 0.0, 'active');
INSERT INTO ticket (ticket_id, booking_id, passenger_category, passenger_fare_amount, status) VALUES (1369, 1117, 'child', 200.0, 'active');
INSERT INTO booking (booking_id, person_id, schedule_id, booking_datetime, trip_type, status) VALUES (1118, 1370, 3, '2025-12-21 00:00:00', 'one_way', 'confirmed');
INSERT INTO ticket (ticket_id, booking_id, passenger_category, passenger_fare_amount, status) VALUES (1370, 1118, 'adult', 380.0, 'active');
INSERT INTO ticket (ticket_id, booking_id, passenger_category, passenger_fare_amount, status) VALUES (1371, 1118, 'adult', 380.0, 'active');
INSERT INTO ticket (ticket_id, booking_id, passenger_category, passenger_fare_amount, status) VALUES (1372, 1118, 'adult', 380.0, 'active');
INSERT INTO booking (booking_id, person_id, schedule_id, booking_datetime, trip_type, status) VALUES (1119, 1373, 8, '2025-12-26 00:00:00', 'one_way', 'confirmed');
INSERT INTO ticket (ticket_id, booking_id, passenger_category, passenger_fare_amount, status) VALUES (1373, 1119, 'senior', 0.0, 'active');
INSERT INTO ticket (ticket_id, booking_id, passenger_category, passenger_fare_amount, status) VALUES (1374, 1119, 'child', 200.0, 'active');
INSERT INTO booking (booking_id, person_id, schedule_id, booking_datetime, trip_type, status) VALUES (1120, 1375, 5, '2025-12-20 00:00:00', 'one_way', 'confirmed');
INSERT INTO ticket (ticket_id, booking_id, passenger_category, passenger_fare_amount, status) VALUES (1375, 1120, 'child', 200.0, 'active');
INSERT INTO booking (booking_id, person_id, schedule_id, booking_datetime, trip_type, status) VALUES (1121, 1376, 5, '2025-12-21 00:00:00', 'one_way', 'confirmed');
INSERT INTO ticket (ticket_id, booking_id, passenger_category, passenger_fare_amount, status) VALUES (1376, 1121, 'senior', 0.0, 'active');
INSERT INTO ticket (ticket_id, booking_id, passenger_category, passenger_fare_amount, status) VALUES (1377, 1121, 'adult', 380.0, 'active');
INSERT INTO booking (booking_id, person_id, schedule_id, booking_datetime, trip_type, status) VALUES (1122, 1378, 8, '2025-12-20 00:00:00', 'one_way', 'confirmed');
INSERT INTO ticket (ticket_id, booking_id, passenger_category, passenger_fare_amount, status) VALUES (1378, 1122, 'senior', 0.0, 'active');
INSERT INTO ticket (ticket_id, booking_id, passenger_category, passenger_fare_amount, status) VALUES (1379, 1122, 'child', 200.0, 'active');
INSERT INTO ticket (ticket_id, booking_id, passenger_category, passenger_fare_amount, status) VALUES (1380, 1122, 'adult', 380.0, 'active');
INSERT INTO booking (booking_id, person_id, schedule_id, booking_datetime, trip_type, status) VALUES (1123, 1381, 6, '2025-12-23 00:00:00', 'one_way', 'confirmed');
INSERT INTO ticket (ticket_id, booking_id, passenger_category, passenger_fare_amount, status) VALUES (1381, 1123, 'senior', 0.0, 'active');
INSERT INTO ticket (ticket_id, booking_id, passenger_category, passenger_fare_amount, status) VALUES (1382, 1123, 'adult', 380.0, 'active');
INSERT INTO ticket (ticket_id, booking_id, passenger_category, passenger_fare_amount, status) VALUES (1383, 1123, 'adult', 380.0, 'active');
INSERT INTO booking (booking_id, person_id, schedule_id, booking_datetime, trip_type, status) VALUES (1124, 1384, 3, '2025-12-30 00:00:00', 'one_way', 'confirmed');
INSERT INTO ticket (ticket_id, booking_id, passenger_category, passenger_fare_amount, status) VALUES (1384, 1124, 'senior', 0.0, 'active');
INSERT INTO ticket (ticket_id, booking_id, passenger_category, passenger_fare_amount, status) VALUES (1385, 1124, 'adult', 380.0, 'active');
INSERT INTO ticket (ticket_id, booking_id, passenger_category, passenger_fare_amount, status) VALUES (1386, 1124, 'child', 200.0, 'active');
INSERT INTO ticket (ticket_id, booking_id, passenger_category, passenger_fare_amount, status) VALUES (1387, 1124, 'adult', 380.0, 'active');
INSERT INTO ticket (ticket_id, booking_id, passenger_category, passenger_fare_amount, status) VALUES (1388, 1124, 'child', 200.0, 'active');
INSERT INTO booking (booking_id, person_id, schedule_id, booking_datetime, trip_type, status) VALUES (1125, 1389, 8, '2025-12-26 00:00:00', 'one_way', 'confirmed');
INSERT INTO ticket (ticket_id, booking_id, passenger_category, passenger_fare_amount, status) VALUES (1389, 1125, 'senior', 0.0, 'active');
INSERT INTO booking (booking_id, person_id, schedule_id, booking_datetime, trip_type, status) VALUES (1126, 1390, 5, '2025-12-28 00:00:00', 'one_way', 'confirmed');
INSERT INTO ticket (ticket_id, booking_id, passenger_category, passenger_fare_amount, status) VALUES (1390, 1126, 'adult', 380.0, 'active');
INSERT INTO ticket (ticket_id, booking_id, passenger_category, passenger_fare_amount, status) VALUES (1391, 1126, 'child', 200.0, 'active');
INSERT INTO ticket (ticket_id, booking_id, passenger_category, passenger_fare_amount, status) VALUES (1392, 1126, 'adult', 380.0, 'active');
INSERT INTO booking (booking_id, person_id, schedule_id, booking_datetime, trip_type, status) VALUES (1127, 1393, 4, '2025-12-26 00:00:00', 'one_way', 'confirmed');
INSERT INTO ticket (ticket_id, booking_id, passenger_category, passenger_fare_amount, status) VALUES (1393, 1127, 'senior', 0.0, 'active');
INSERT INTO ticket (ticket_id, booking_id, passenger_category, passenger_fare_amount, status) VALUES (1394, 1127, 'adult', 380.0, 'active');
INSERT INTO booking (booking_id, person_id, schedule_id, booking_datetime, trip_type, status) VALUES (1128, 1395, 5, '2025-12-22 00:00:00', 'one_way', 'confirmed');
INSERT INTO ticket (ticket_id, booking_id, passenger_category, passenger_fare_amount, status) VALUES (1395, 1128, 'adult', 380.0, 'active');
INSERT INTO booking (booking_id, person_id, schedule_id, booking_datetime, trip_type, status) VALUES (1129, 1396, 1, '2025-12-26 00:00:00', 'one_way', 'confirmed');
INSERT INTO ticket (ticket_id, booking_id, passenger_category, passenger_fare_amount, status) VALUES (1396, 1129, 'child', 200.0, 'active');
INSERT INTO booking (booking_id, person_id, schedule_id, booking_datetime, trip_type, status) VALUES (1130, 1397, 5, '2025-12-23 00:00:00', 'one_way', 'confirmed');
INSERT INTO ticket (ticket_id, booking_id, passenger_category, passenger_fare_amount, status) VALUES (1397, 1130, 'senior', 0.0, 'active');
INSERT INTO ticket (ticket_id, booking_id, passenger_category, passenger_fare_amount, status) VALUES (1398, 1130, 'child', 200.0, 'active');
INSERT INTO ticket (ticket_id, booking_id, passenger_category, passenger_fare_amount, status) VALUES (1399, 1130, 'adult', 380.0, 'active');
INSERT INTO ticket (ticket_id, booking_id, passenger_category, passenger_fare_amount, status) VALUES (1400, 1130, 'senior', 0.0, 'active');
INSERT INTO booking (booking_id, person_id, schedule_id, booking_datetime, trip_type, status) VALUES (1131, 1401, 1, '2025-12-23 00:00:00', 'one_way', 'confirmed');
INSERT INTO ticket (ticket_id, booking_id, passenger_category, passenger_fare_amount, status) VALUES (1401, 1131, 'senior', 0.0, 'active');
INSERT INTO booking (booking_id, person_id, schedule_id, booking_datetime, trip_type, status) VALUES (1132, 1402, 2, '2025-12-20 00:00:00', 'one_way', 'confirmed');
INSERT INTO ticket (ticket_id, booking_id, passenger_category, passenger_fare_amount, status) VALUES (1402, 1132, 'child', 200.0, 'active');
INSERT INTO ticket (ticket_id, booking_id, passenger_category, passenger_fare_amount, status) VALUES (1403, 1132, 'adult', 380.0, 'active');
INSERT INTO booking (booking_id, person_id, schedule_id, booking_datetime, trip_type, status) VALUES (1133, 1404, 1, '2025-12-27 00:00:00', 'one_way', 'confirmed');
INSERT INTO ticket (ticket_id, booking_id, passenger_category, passenger_fare_amount, status) VALUES (1404, 1133, 'adult', 380.0, 'active');
INSERT INTO ticket (ticket_id, booking_id, passenger_category, passenger_fare_amount, status) VALUES (1405, 1133, 'senior', 0.0, 'active');
INSERT INTO ticket (ticket_id, booking_id, passenger_category, passenger_fare_amount, status) VALUES (1406, 1133, 'adult', 380.0, 'active');
INSERT INTO booking (booking_id, person_id, schedule_id, booking_datetime, trip_type, status) VALUES (1134, 1407, 5, '2025-12-30 00:00:00', 'one_way', 'confirmed');
INSERT INTO ticket (ticket_id, booking_id, passenger_category, passenger_fare_amount, status) VALUES (1407, 1134, 'child', 200.0, 'active');
INSERT INTO ticket (ticket_id, booking_id, passenger_category, passenger_fare_amount, status) VALUES (1408, 1134, 'senior', 0.0, 'active');
INSERT INTO ticket (ticket_id, booking_id, passenger_category, passenger_fare_amount, status) VALUES (1409, 1134, 'adult', 380.0, 'active');
INSERT INTO ticket (ticket_id, booking_id, passenger_category, passenger_fare_amount, status) VALUES (1410, 1134, 'adult', 380.0, 'active');
INSERT INTO booking (booking_id, person_id, schedule_id, booking_datetime, trip_type, status) VALUES (1135, 1411, 7, '2025-12-20 00:00:00', 'one_way', 'confirmed');
INSERT INTO ticket (ticket_id, booking_id, passenger_category, passenger_fare_amount, status) VALUES (1411, 1135, 'child', 200.0, 'active');
INSERT INTO ticket (ticket_id, booking_id, passenger_category, passenger_fare_amount, status) VALUES (1412, 1135, 'child', 200.0, 'active');
INSERT INTO ticket (ticket_id, booking_id, passenger_category, passenger_fare_amount, status) VALUES (1413, 1135, 'senior', 0.0, 'active');
INSERT INTO booking (booking_id, person_id, schedule_id, booking_datetime, trip_type, status) VALUES (1136, 1414, 5, '2025-12-26 00:00:00', 'one_way', 'confirmed');
INSERT INTO ticket (ticket_id, booking_id, passenger_category, passenger_fare_amount, status) VALUES (1414, 1136, 'adult', 380.0, 'active');
INSERT INTO ticket (ticket_id, booking_id, passenger_category, passenger_fare_amount, status) VALUES (1415, 1136, 'senior', 0.0, 'active');
INSERT INTO booking (booking_id, person_id, schedule_id, booking_datetime, trip_type, status) VALUES (1137, 1416, 8, '2025-12-26 00:00:00', 'one_way', 'confirmed');
INSERT INTO ticket (ticket_id, booking_id, passenger_category, passenger_fare_amount, status) VALUES (1416, 1137, 'senior', 0.0, 'active');
INSERT INTO ticket (ticket_id, booking_id, passenger_category, passenger_fare_amount, status) VALUES (1417, 1137, 'senior', 0.0, 'active');
INSERT INTO ticket (ticket_id, booking_id, passenger_category, passenger_fare_amount, status) VALUES (1418, 1137, 'adult', 380.0, 'active');
INSERT INTO ticket (ticket_id, booking_id, passenger_category, passenger_fare_amount, status) VALUES (1419, 1137, 'adult', 380.0, 'active');
INSERT INTO ticket (ticket_id, booking_id, passenger_category, passenger_fare_amount, status) VALUES (1420, 1137, 'adult', 380.0, 'active');
INSERT INTO booking (booking_id, person_id, schedule_id, booking_datetime, trip_type, status) VALUES (1138, 1421, 4, '2025-12-25 00:00:00', 'one_way', 'confirmed');
INSERT INTO ticket (ticket_id, booking_id, passenger_category, passenger_fare_amount, status) VALUES (1421, 1138, 'senior', 0.0, 'active');
INSERT INTO ticket (ticket_id, booking_id, passenger_category, passenger_fare_amount, status) VALUES (1422, 1138, 'senior', 0.0, 'active');
INSERT INTO ticket (ticket_id, booking_id, passenger_category, passenger_fare_amount, status) VALUES (1423, 1138, 'child', 200.0, 'active');
INSERT INTO ticket (ticket_id, booking_id, passenger_category, passenger_fare_amount, status) VALUES (1424, 1138, 'child', 200.0, 'active');
INSERT INTO ticket (ticket_id, booking_id, passenger_category, passenger_fare_amount, status) VALUES (1425, 1138, 'child', 200.0, 'active');
INSERT INTO booking (booking_id, person_id, schedule_id, booking_datetime, trip_type, status) VALUES (1139, 1426, 8, '2025-12-23 00:00:00', 'one_way', 'confirmed');
INSERT INTO ticket (ticket_id, booking_id, passenger_category, passenger_fare_amount, status) VALUES (1426, 1139, 'adult', 380.0, 'active');
INSERT INTO ticket (ticket_id, booking_id, passenger_category, passenger_fare_amount, status) VALUES (1427, 1139, 'senior', 0.0, 'active');
INSERT INTO ticket (ticket_id, booking_id, passenger_category, passenger_fare_amount, status) VALUES (1428, 1139, 'adult', 380.0, 'active');
INSERT INTO booking (booking_id, person_id, schedule_id, booking_datetime, trip_type, status) VALUES (1140, 1429, 8, '2025-12-22 00:00:00', 'one_way', 'confirmed');
INSERT INTO ticket (ticket_id, booking_id, passenger_category, passenger_fare_amount, status) VALUES (1429, 1140, 'senior', 0.0, 'active');
INSERT INTO ticket (ticket_id, booking_id, passenger_category, passenger_fare_amount, status) VALUES (1430, 1140, 'child', 200.0, 'active');
INSERT INTO ticket (ticket_id, booking_id, passenger_category, passenger_fare_amount, status) VALUES (1431, 1140, 'senior', 0.0, 'active');
INSERT INTO ticket (ticket_id, booking_id, passenger_category, passenger_fare_amount, status) VALUES (1432, 1140, 'senior', 0.0, 'active');
INSERT INTO booking (booking_id, person_id, schedule_id, booking_datetime, trip_type, status) VALUES (1141, 1433, 5, '2025-12-25 00:00:00', 'one_way', 'confirmed');
INSERT INTO ticket (ticket_id, booking_id, passenger_category, passenger_fare_amount, status) VALUES (1433, 1141, 'senior', 0.0, 'active');
INSERT INTO ticket (ticket_id, booking_id, passenger_category, passenger_fare_amount, status) VALUES (1434, 1141, 'adult', 380.0, 'active');
INSERT INTO ticket (ticket_id, booking_id, passenger_category, passenger_fare_amount, status) VALUES (1435, 1141, 'adult', 380.0, 'active');
INSERT INTO booking (booking_id, person_id, schedule_id, booking_datetime, trip_type, status) VALUES (1142, 1436, 1, '2025-12-24 00:00:00', 'one_way', 'confirmed');
INSERT INTO ticket (ticket_id, booking_id, passenger_category, passenger_fare_amount, status) VALUES (1436, 1142, 'senior', 0.0, 'active');
INSERT INTO ticket (ticket_id, booking_id, passenger_category, passenger_fare_amount, status) VALUES (1437, 1142, 'senior', 0.0, 'active');
INSERT INTO ticket (ticket_id, booking_id, passenger_category, passenger_fare_amount, status) VALUES (1438, 1142, 'child', 200.0, 'active');
INSERT INTO booking (booking_id, person_id, schedule_id, booking_datetime, trip_type, status) VALUES (1143, 1439, 8, '2025-12-21 00:00:00', 'one_way', 'confirmed');
INSERT INTO ticket (ticket_id, booking_id, passenger_category, passenger_fare_amount, status) VALUES (1439, 1143, 'senior', 0.0, 'active');
INSERT INTO ticket (ticket_id, booking_id, passenger_category, passenger_fare_amount, status) VALUES (1440, 1143, 'senior', 0.0, 'active');
INSERT INTO booking (booking_id, person_id, schedule_id, booking_datetime, trip_type, status) VALUES (1144, 1441, 6, '2025-12-22 00:00:00', 'one_way', 'confirmed');
INSERT INTO ticket (ticket_id, booking_id, passenger_category, passenger_fare_amount, status) VALUES (1441, 1144, 'child', 200.0, 'active');
INSERT INTO booking (booking_id, person_id, schedule_id, booking_datetime, trip_type, status) VALUES (1145, 1442, 6, '2025-12-24 00:00:00', 'one_way', 'confirmed');
INSERT INTO ticket (ticket_id, booking_id, passenger_category, passenger_fare_amount, status) VALUES (1442, 1145, 'child', 200.0, 'active');
INSERT INTO ticket (ticket_id, booking_id, passenger_category, passenger_fare_amount, status) VALUES (1443, 1145, 'senior', 0.0, 'active');
INSERT INTO booking (booking_id, person_id, schedule_id, booking_datetime, trip_type, status) VALUES (1146, 1444, 1, '2025-12-27 00:00:00', 'one_way', 'confirmed');
INSERT INTO ticket (ticket_id, booking_id, passenger_category, passenger_fare_amount, status) VALUES (1444, 1146, 'adult', 380.0, 'active');
INSERT INTO ticket (ticket_id, booking_id, passenger_category, passenger_fare_amount, status) VALUES (1445, 1146, 'adult', 380.0, 'active');
INSERT INTO ticket (ticket_id, booking_id, passenger_category, passenger_fare_amount, status) VALUES (1446, 1146, 'adult', 380.0, 'active');
INSERT INTO ticket (ticket_id, booking_id, passenger_category, passenger_fare_amount, status) VALUES (1447, 1146, 'child', 200.0, 'active');
INSERT INTO ticket (ticket_id, booking_id, passenger_category, passenger_fare_amount, status) VALUES (1448, 1146, 'adult', 380.0, 'active');
INSERT INTO booking (booking_id, person_id, schedule_id, booking_datetime, trip_type, status) VALUES (1147, 1449, 1, '2025-12-22 00:00:00', 'one_way', 'confirmed');
INSERT INTO ticket (ticket_id, booking_id, passenger_category, passenger_fare_amount, status) VALUES (1449, 1147, 'child', 200.0, 'active');
INSERT INTO ticket (ticket_id, booking_id, passenger_category, passenger_fare_amount, status) VALUES (1450, 1147, 'senior', 0.0, 'active');
INSERT INTO booking (booking_id, person_id, schedule_id, booking_datetime, trip_type, status) VALUES (1148, 1451, 1, '2025-12-28 00:00:00', 'one_way', 'confirmed');
INSERT INTO ticket (ticket_id, booking_id, passenger_category, passenger_fare_amount, status) VALUES (1451, 1148, 'senior', 0.0, 'active');
INSERT INTO booking (booking_id, person_id, schedule_id, booking_datetime, trip_type, status) VALUES (1149, 1452, 1, '2025-12-24 00:00:00', 'one_way', 'confirmed');
INSERT INTO ticket (ticket_id, booking_id, passenger_category, passenger_fare_amount, status) VALUES (1452, 1149, 'child', 200.0, 'active');
INSERT INTO ticket (ticket_id, booking_id, passenger_category, passenger_fare_amount, status) VALUES (1453, 1149, 'senior', 0.0, 'active');
INSERT INTO ticket (ticket_id, booking_id, passenger_category, passenger_fare_amount, status) VALUES (1454, 1149, 'adult', 380.0, 'active');
INSERT INTO ticket (ticket_id, booking_id, passenger_category, passenger_fare_amount, status) VALUES (1455, 1149, 'adult', 380.0, 'active');
INSERT INTO ticket (ticket_id, booking_id, passenger_category, passenger_fare_amount, status) VALUES (1456, 1149, 'senior', 0.0, 'active');
INSERT INTO booking (booking_id, person_id, schedule_id, booking_datetime, trip_type, status) VALUES (1150, 1457, 1, '2025-12-28 00:00:00', 'one_way', 'confirmed');
INSERT INTO ticket (ticket_id, booking_id, passenger_category, passenger_fare_amount, status) VALUES (1457, 1150, 'senior', 0.0, 'active');
INSERT INTO ticket (ticket_id, booking_id, passenger_category, passenger_fare_amount, status) VALUES (1458, 1150, 'senior', 0.0, 'active');
INSERT INTO ticket (ticket_id, booking_id, passenger_category, passenger_fare_amount, status) VALUES (1459, 1150, 'adult', 380.0, 'active');
INSERT INTO ticket (ticket_id, booking_id, passenger_category, passenger_fare_amount, status) VALUES (1460, 1150, 'adult', 380.0, 'active');
INSERT INTO booking (booking_id, person_id, schedule_id, booking_datetime, trip_type, status) VALUES (1151, 1461, 8, '2025-12-24 00:00:00', 'one_way', 'confirmed');
INSERT INTO ticket (ticket_id, booking_id, passenger_category, passenger_fare_amount, status) VALUES (1461, 1151, 'senior', 0.0, 'active');
INSERT INTO ticket (ticket_id, booking_id, passenger_category, passenger_fare_amount, status) VALUES (1462, 1151, 'adult', 380.0, 'active');
INSERT INTO ticket (ticket_id, booking_id, passenger_category, passenger_fare_amount, status) VALUES (1463, 1151, 'child', 200.0, 'active');
INSERT INTO ticket (ticket_id, booking_id, passenger_category, passenger_fare_amount, status) VALUES (1464, 1151, 'senior', 0.0, 'active');
INSERT INTO booking (booking_id, person_id, schedule_id, booking_datetime, trip_type, status) VALUES (1152, 1465, 1, '2025-12-27 00:00:00', 'one_way', 'confirmed');
INSERT INTO ticket (ticket_id, booking_id, passenger_category, passenger_fare_amount, status) VALUES (1465, 1152, 'adult', 380.0, 'active');
INSERT INTO ticket (ticket_id, booking_id, passenger_category, passenger_fare_amount, status) VALUES (1466, 1152, 'adult', 380.0, 'active');
INSERT INTO ticket (ticket_id, booking_id, passenger_category, passenger_fare_amount, status) VALUES (1467, 1152, 'adult', 380.0, 'active');
INSERT INTO ticket (ticket_id, booking_id, passenger_category, passenger_fare_amount, status) VALUES (1468, 1152, 'adult', 380.0, 'active');
INSERT INTO ticket (ticket_id, booking_id, passenger_category, passenger_fare_amount, status) VALUES (1469, 1152, 'adult', 380.0, 'active');
INSERT INTO booking (booking_id, person_id, schedule_id, booking_datetime, trip_type, status) VALUES (1153, 1470, 4, '2025-12-27 00:00:00', 'one_way', 'confirmed');
INSERT INTO ticket (ticket_id, booking_id, passenger_category, passenger_fare_amount, status) VALUES (1470, 1153, 'adult', 380.0, 'active');
INSERT INTO ticket (ticket_id, booking_id, passenger_category, passenger_fare_amount, status) VALUES (1471, 1153, 'senior', 0.0, 'active');
INSERT INTO booking (booking_id, person_id, schedule_id, booking_datetime, trip_type, status) VALUES (1154, 1472, 4, '2025-12-23 00:00:00', 'one_way', 'confirmed');
INSERT INTO ticket (ticket_id, booking_id, passenger_category, passenger_fare_amount, status) VALUES (1472, 1154, 'child', 200.0, 'active');
INSERT INTO booking (booking_id, person_id, schedule_id, booking_datetime, trip_type, status) VALUES (1155, 1473, 6, '2025-12-27 00:00:00', 'one_way', 'confirmed');
INSERT INTO ticket (ticket_id, booking_id, passenger_category, passenger_fare_amount, status) VALUES (1473, 1155, 'senior', 0.0, 'active');
INSERT INTO booking (booking_id, person_id, schedule_id, booking_datetime, trip_type, status) VALUES (1156, 1474, 8, '2025-12-29 00:00:00', 'one_way', 'confirmed');
INSERT INTO ticket (ticket_id, booking_id, passenger_category, passenger_fare_amount, status) VALUES (1474, 1156, 'senior', 0.0, 'active');
INSERT INTO ticket (ticket_id, booking_id, passenger_category, passenger_fare_amount, status) VALUES (1475, 1156, 'child', 200.0, 'active');
INSERT INTO ticket (ticket_id, booking_id, passenger_category, passenger_fare_amount, status) VALUES (1476, 1156, 'child', 200.0, 'active');
INSERT INTO ticket (ticket_id, booking_id, passenger_category, passenger_fare_amount, status) VALUES (1477, 1156, 'child', 200.0, 'active');
INSERT INTO booking (booking_id, person_id, schedule_id, booking_datetime, trip_type, status) VALUES (1157, 1478, 5, '2025-12-22 00:00:00', 'one_way', 'confirmed');
INSERT INTO ticket (ticket_id, booking_id, passenger_category, passenger_fare_amount, status) VALUES (1478, 1157, 'adult', 380.0, 'active');
INSERT INTO ticket (ticket_id, booking_id, passenger_category, passenger_fare_amount, status) VALUES (1479, 1157, 'child', 200.0, 'active');
INSERT INTO booking (booking_id, person_id, schedule_id, booking_datetime, trip_type, status) VALUES (1158, 1480, 1, '2025-12-26 00:00:00', 'one_way', 'confirmed');
INSERT INTO ticket (ticket_id, booking_id, passenger_category, passenger_fare_amount, status) VALUES (1480, 1158, 'child', 200.0, 'active');
INSERT INTO ticket (ticket_id, booking_id, passenger_category, passenger_fare_amount, status) VALUES (1481, 1158, 'senior', 0.0, 'active');
INSERT INTO ticket (ticket_id, booking_id, passenger_category, passenger_fare_amount, status) VALUES (1482, 1158, 'adult', 380.0, 'active');
INSERT INTO ticket (ticket_id, booking_id, passenger_category, passenger_fare_amount, status) VALUES (1483, 1158, 'adult', 380.0, 'active');
INSERT INTO ticket (ticket_id, booking_id, passenger_category, passenger_fare_amount, status) VALUES (1484, 1158, 'child', 200.0, 'active');
INSERT INTO booking (booking_id, person_id, schedule_id, booking_datetime, trip_type, status) VALUES (1159, 1485, 6, '2025-12-25 00:00:00', 'one_way', 'confirmed');
INSERT INTO ticket (ticket_id, booking_id, passenger_category, passenger_fare_amount, status) VALUES (1485, 1159, 'senior', 0.0, 'active');
INSERT INTO ticket (ticket_id, booking_id, passenger_category, passenger_fare_amount, status) VALUES (1486, 1159, 'senior', 0.0, 'active');
INSERT INTO ticket (ticket_id, booking_id, passenger_category, passenger_fare_amount, status) VALUES (1487, 1159, 'adult', 380.0, 'active');
INSERT INTO ticket (ticket_id, booking_id, passenger_category, passenger_fare_amount, status) VALUES (1488, 1159, 'senior', 0.0, 'active');
INSERT INTO ticket (ticket_id, booking_id, passenger_category, passenger_fare_amount, status) VALUES (1489, 1159, 'senior', 0.0, 'active');
INSERT INTO booking (booking_id, person_id, schedule_id, booking_datetime, trip_type, status) VALUES (1160, 1490, 6, '2025-12-22 00:00:00', 'one_way', 'confirmed');
INSERT INTO ticket (ticket_id, booking_id, passenger_category, passenger_fare_amount, status) VALUES (1490, 1160, 'child', 200.0, 'active');
INSERT INTO ticket (ticket_id, booking_id, passenger_category, passenger_fare_amount, status) VALUES (1491, 1160, 'senior', 0.0, 'active');
INSERT INTO ticket (ticket_id, booking_id, passenger_category, passenger_fare_amount, status) VALUES (1492, 1160, 'adult', 380.0, 'active');
INSERT INTO booking (booking_id, person_id, schedule_id, booking_datetime, trip_type, status) VALUES (1161, 1493, 3, '2025-12-30 00:00:00', 'one_way', 'confirmed');
INSERT INTO ticket (ticket_id, booking_id, passenger_category, passenger_fare_amount, status) VALUES (1493, 1161, 'child', 200.0, 'active');
INSERT INTO booking (booking_id, person_id, schedule_id, booking_datetime, trip_type, status) VALUES (1162, 1494, 2, '2025-12-23 00:00:00', 'one_way', 'confirmed');
INSERT INTO ticket (ticket_id, booking_id, passenger_category, passenger_fare_amount, status) VALUES (1494, 1162, 'adult', 380.0, 'active');
INSERT INTO ticket (ticket_id, booking_id, passenger_category, passenger_fare_amount, status) VALUES (1495, 1162, 'senior', 0.0, 'active');
INSERT INTO ticket (ticket_id, booking_id, passenger_category, passenger_fare_amount, status) VALUES (1496, 1162, 'adult', 380.0, 'active');
INSERT INTO ticket (ticket_id, booking_id, passenger_category, passenger_fare_amount, status) VALUES (1497, 1162, 'senior', 0.0, 'active');
INSERT INTO booking (booking_id, person_id, schedule_id, booking_datetime, trip_type, status) VALUES (1163, 1498, 5, '2025-12-24 00:00:00', 'one_way', 'confirmed');
INSERT INTO ticket (ticket_id, booking_id, passenger_category, passenger_fare_amount, status) VALUES (1498, 1163, 'adult', 380.0, 'active');
INSERT INTO ticket (ticket_id, booking_id, passenger_category, passenger_fare_amount, status) VALUES (1499, 1163, 'child', 200.0, 'active');
INSERT INTO ticket (ticket_id, booking_id, passenger_category, passenger_fare_amount, status) VALUES (1500, 1163, 'senior', 0.0, 'active');
INSERT INTO ticket (ticket_id, booking_id, passenger_category, passenger_fare_amount, status) VALUES (1501, 1163, 'adult', 380.0, 'active');
INSERT INTO ticket (ticket_id, booking_id, passenger_category, passenger_fare_amount, status) VALUES (1502, 1163, 'adult', 380.0, 'active');
INSERT INTO booking (booking_id, person_id, schedule_id, booking_datetime, trip_type, status) VALUES (1164, 1503, 7, '2025-12-26 00:00:00', 'one_way', 'confirmed');
INSERT INTO ticket (ticket_id, booking_id, passenger_category, passenger_fare_amount, status) VALUES (1503, 1164, 'adult', 380.0, 'active');
INSERT INTO ticket (ticket_id, booking_id, passenger_category, passenger_fare_amount, status) VALUES (1504, 1164, 'child', 200.0, 'active');
INSERT INTO ticket (ticket_id, booking_id, passenger_category, passenger_fare_amount, status) VALUES (1505, 1164, 'senior', 0.0, 'active');
INSERT INTO ticket (ticket_id, booking_id, passenger_category, passenger_fare_amount, status) VALUES (1506, 1164, 'senior', 0.0, 'active');
INSERT INTO booking (booking_id, person_id, schedule_id, booking_datetime, trip_type, status) VALUES (1165, 1507, 6, '2025-12-23 00:00:00', 'one_way', 'confirmed');
INSERT INTO ticket (ticket_id, booking_id, passenger_category, passenger_fare_amount, status) VALUES (1507, 1165, 'adult', 380.0, 'active');
INSERT INTO booking (booking_id, person_id, schedule_id, booking_datetime, trip_type, status) VALUES (1166, 1508, 7, '2025-12-20 00:00:00', 'one_way', 'confirmed');
INSERT INTO ticket (ticket_id, booking_id, passenger_category, passenger_fare_amount, status) VALUES (1508, 1166, 'senior', 0.0, 'active');
INSERT INTO booking (booking_id, person_id, schedule_id, booking_datetime, trip_type, status) VALUES (1167, 1509, 1, '2025-12-25 00:00:00', 'one_way', 'confirmed');
INSERT INTO ticket (ticket_id, booking_id, passenger_category, passenger_fare_amount, status) VALUES (1509, 1167, 'adult', 380.0, 'active');
INSERT INTO ticket (ticket_id, booking_id, passenger_category, passenger_fare_amount, status) VALUES (1510, 1167, 'child', 200.0, 'active');
INSERT INTO ticket (ticket_id, booking_id, passenger_category, passenger_fare_amount, status) VALUES (1511, 1167, 'adult', 380.0, 'active');
INSERT INTO booking (booking_id, person_id, schedule_id, booking_datetime, trip_type, status) VALUES (1168, 1512, 6, '2025-12-27 00:00:00', 'one_way', 'confirmed');
INSERT INTO ticket (ticket_id, booking_id, passenger_category, passenger_fare_amount, status) VALUES (1512, 1168, 'senior', 0.0, 'active');
INSERT INTO ticket (ticket_id, booking_id, passenger_category, passenger_fare_amount, status) VALUES (1513, 1168, 'child', 200.0, 'active');
INSERT INTO ticket (ticket_id, booking_id, passenger_category, passenger_fare_amount, status) VALUES (1514, 1168, 'adult', 380.0, 'active');
INSERT INTO ticket (ticket_id, booking_id, passenger_category, passenger_fare_amount, status) VALUES (1515, 1168, 'senior', 0.0, 'active');
INSERT INTO ticket (ticket_id, booking_id, passenger_category, passenger_fare_amount, status) VALUES (1516, 1168, 'child', 200.0, 'active');
INSERT INTO booking (booking_id, person_id, schedule_id, booking_datetime, trip_type, status) VALUES (1169, 1517, 4, '2025-12-23 00:00:00', 'one_way', 'confirmed');
INSERT INTO ticket (ticket_id, booking_id, passenger_category, passenger_fare_amount, status) VALUES (1517, 1169, 'child', 200.0, 'active');
INSERT INTO booking (booking_id, person_id, schedule_id, booking_datetime, trip_type, status) VALUES (1170, 1518, 4, '2025-12-25 00:00:00', 'one_way', 'confirmed');
INSERT INTO ticket (ticket_id, booking_id, passenger_category, passenger_fare_amount, status) VALUES (1518, 1170, 'adult', 380.0, 'active');
INSERT INTO ticket (ticket_id, booking_id, passenger_category, passenger_fare_amount, status) VALUES (1519, 1170, 'child', 200.0, 'active');
INSERT INTO ticket (ticket_id, booking_id, passenger_category, passenger_fare_amount, status) VALUES (1520, 1170, 'senior', 0.0, 'active');
INSERT INTO ticket (ticket_id, booking_id, passenger_category, passenger_fare_amount, status) VALUES (1521, 1170, 'child', 200.0, 'active');
INSERT INTO ticket (ticket_id, booking_id, passenger_category, passenger_fare_amount, status) VALUES (1522, 1170, 'senior', 0.0, 'active');
INSERT INTO booking (booking_id, person_id, schedule_id, booking_datetime, trip_type, status) VALUES (1171, 1523, 7, '2025-12-24 00:00:00', 'one_way', 'confirmed');
INSERT INTO ticket (ticket_id, booking_id, passenger_category, passenger_fare_amount, status) VALUES (1523, 1171, 'senior', 0.0, 'active');
INSERT INTO booking (booking_id, person_id, schedule_id, booking_datetime, trip_type, status) VALUES (1172, 1524, 2, '2025-12-24 00:00:00', 'one_way', 'confirmed');
INSERT INTO ticket (ticket_id, booking_id, passenger_category, passenger_fare_amount, status) VALUES (1524, 1172, 'senior', 0.0, 'active');
INSERT INTO ticket (ticket_id, booking_id, passenger_category, passenger_fare_amount, status) VALUES (1525, 1172, 'child', 200.0, 'active');
INSERT INTO booking (booking_id, person_id, schedule_id, booking_datetime, trip_type, status) VALUES (1173, 1526, 6, '2025-12-28 00:00:00', 'one_way', 'confirmed');
INSERT INTO ticket (ticket_id, booking_id, passenger_category, passenger_fare_amount, status) VALUES (1526, 1173, 'senior', 0.0, 'active');
INSERT INTO booking (booking_id, person_id, schedule_id, booking_datetime, trip_type, status) VALUES (1174, 1527, 8, '2025-12-22 00:00:00', 'one_way', 'confirmed');
INSERT INTO ticket (ticket_id, booking_id, passenger_category, passenger_fare_amount, status) VALUES (1527, 1174, 'adult', 380.0, 'active');
INSERT INTO ticket (ticket_id, booking_id, passenger_category, passenger_fare_amount, status) VALUES (1528, 1174, 'adult', 380.0, 'active');
INSERT INTO booking (booking_id, person_id, schedule_id, booking_datetime, trip_type, status) VALUES (1175, 1529, 7, '2025-12-21 00:00:00', 'one_way', 'confirmed');
INSERT INTO ticket (ticket_id, booking_id, passenger_category, passenger_fare_amount, status) VALUES (1529, 1175, 'senior', 0.0, 'active');
INSERT INTO ticket (ticket_id, booking_id, passenger_category, passenger_fare_amount, status) VALUES (1530, 1175, 'child', 200.0, 'active');
INSERT INTO ticket (ticket_id, booking_id, passenger_category, passenger_fare_amount, status) VALUES (1531, 1175, 'senior', 0.0, 'active');
INSERT INTO ticket (ticket_id, booking_id, passenger_category, passenger_fare_amount, status) VALUES (1532, 1175, 'senior', 0.0, 'active');
INSERT INTO booking (booking_id, person_id, schedule_id, booking_datetime, trip_type, status) VALUES (1176, 1533, 7, '2025-12-21 00:00:00', 'one_way', 'confirmed');
INSERT INTO ticket (ticket_id, booking_id, passenger_category, passenger_fare_amount, status) VALUES (1533, 1176, 'child', 200.0, 'active');
INSERT INTO booking (booking_id, person_id, schedule_id, booking_datetime, trip_type, status) VALUES (1177, 1534, 8, '2025-12-27 00:00:00', 'one_way', 'confirmed');
INSERT INTO ticket (ticket_id, booking_id, passenger_category, passenger_fare_amount, status) VALUES (1534, 1177, 'child', 200.0, 'active');
INSERT INTO booking (booking_id, person_id, schedule_id, booking_datetime, trip_type, status) VALUES (1178, 1535, 3, '2025-12-20 00:00:00', 'one_way', 'confirmed');
INSERT INTO ticket (ticket_id, booking_id, passenger_category, passenger_fare_amount, status) VALUES (1535, 1178, 'adult', 380.0, 'active');
INSERT INTO ticket (ticket_id, booking_id, passenger_category, passenger_fare_amount, status) VALUES (1536, 1178, 'senior', 0.0, 'active');
INSERT INTO ticket (ticket_id, booking_id, passenger_category, passenger_fare_amount, status) VALUES (1537, 1178, 'child', 200.0, 'active');
INSERT INTO ticket (ticket_id, booking_id, passenger_category, passenger_fare_amount, status) VALUES (1538, 1178, 'child', 200.0, 'active');
INSERT INTO ticket (ticket_id, booking_id, passenger_category, passenger_fare_amount, status) VALUES (1539, 1178, 'child', 200.0, 'active');
INSERT INTO booking (booking_id, person_id, schedule_id, booking_datetime, trip_type, status) VALUES (1179, 1540, 1, '2025-12-22 00:00:00', 'one_way', 'confirmed');
INSERT INTO ticket (ticket_id, booking_id, passenger_category, passenger_fare_amount, status) VALUES (1540, 1179, 'senior', 0.0, 'active');
INSERT INTO ticket (ticket_id, booking_id, passenger_category, passenger_fare_amount, status) VALUES (1541, 1179, 'senior', 0.0, 'active');
INSERT INTO ticket (ticket_id, booking_id, passenger_category, passenger_fare_amount, status) VALUES (1542, 1179, 'adult', 380.0, 'active');
INSERT INTO booking (booking_id, person_id, schedule_id, booking_datetime, trip_type, status) VALUES (1180, 1543, 1, '2025-12-26 00:00:00', 'one_way', 'confirmed');
INSERT INTO ticket (ticket_id, booking_id, passenger_category, passenger_fare_amount, status) VALUES (1543, 1180, 'senior', 0.0, 'active');
INSERT INTO ticket (ticket_id, booking_id, passenger_category, passenger_fare_amount, status) VALUES (1544, 1180, 'child', 200.0, 'active');
INSERT INTO ticket (ticket_id, booking_id, passenger_category, passenger_fare_amount, status) VALUES (1545, 1180, 'adult', 380.0, 'active');
INSERT INTO booking (booking_id, person_id, schedule_id, booking_datetime, trip_type, status) VALUES (1181, 1546, 2, '2025-12-21 00:00:00', 'one_way', 'confirmed');
INSERT INTO ticket (ticket_id, booking_id, passenger_category, passenger_fare_amount, status) VALUES (1546, 1181, 'child', 200.0, 'active');
INSERT INTO ticket (ticket_id, booking_id, passenger_category, passenger_fare_amount, status) VALUES (1547, 1181, 'senior', 0.0, 'active');
INSERT INTO ticket (ticket_id, booking_id, passenger_category, passenger_fare_amount, status) VALUES (1548, 1181, 'senior', 0.0, 'active');
INSERT INTO ticket (ticket_id, booking_id, passenger_category, passenger_fare_amount, status) VALUES (1549, 1181, 'adult', 380.0, 'active');
INSERT INTO ticket (ticket_id, booking_id, passenger_category, passenger_fare_amount, status) VALUES (1550, 1181, 'adult', 380.0, 'active');
INSERT INTO booking (booking_id, person_id, schedule_id, booking_datetime, trip_type, status) VALUES (1182, 1551, 6, '2025-12-23 00:00:00', 'one_way', 'confirmed');
INSERT INTO ticket (ticket_id, booking_id, passenger_category, passenger_fare_amount, status) VALUES (1551, 1182, 'senior', 0.0, 'active');
INSERT INTO ticket (ticket_id, booking_id, passenger_category, passenger_fare_amount, status) VALUES (1552, 1182, 'child', 200.0, 'active');
INSERT INTO ticket (ticket_id, booking_id, passenger_category, passenger_fare_amount, status) VALUES (1553, 1182, 'senior', 0.0, 'active');
INSERT INTO ticket (ticket_id, booking_id, passenger_category, passenger_fare_amount, status) VALUES (1554, 1182, 'senior', 0.0, 'active');
INSERT INTO booking (booking_id, person_id, schedule_id, booking_datetime, trip_type, status) VALUES (1183, 1555, 6, '2025-12-21 00:00:00', 'one_way', 'confirmed');
INSERT INTO ticket (ticket_id, booking_id, passenger_category, passenger_fare_amount, status) VALUES (1555, 1183, 'senior', 0.0, 'active');
INSERT INTO ticket (ticket_id, booking_id, passenger_category, passenger_fare_amount, status) VALUES (1556, 1183, 'senior', 0.0, 'active');
INSERT INTO ticket (ticket_id, booking_id, passenger_category, passenger_fare_amount, status) VALUES (1557, 1183, 'child', 200.0, 'active');
INSERT INTO booking (booking_id, person_id, schedule_id, booking_datetime, trip_type, status) VALUES (1184, 1558, 5, '2025-12-20 00:00:00', 'one_way', 'confirmed');
INSERT INTO ticket (ticket_id, booking_id, passenger_category, passenger_fare_amount, status) VALUES (1558, 1184, 'child', 200.0, 'active');
INSERT INTO ticket (ticket_id, booking_id, passenger_category, passenger_fare_amount, status) VALUES (1559, 1184, 'senior', 0.0, 'active');
INSERT INTO ticket (ticket_id, booking_id, passenger_category, passenger_fare_amount, status) VALUES (1560, 1184, 'senior', 0.0, 'active');
INSERT INTO ticket (ticket_id, booking_id, passenger_category, passenger_fare_amount, status) VALUES (1561, 1184, 'adult', 380.0, 'active');
INSERT INTO ticket (ticket_id, booking_id, passenger_category, passenger_fare_amount, status) VALUES (1562, 1184, 'adult', 380.0, 'active');
INSERT INTO booking (booking_id, person_id, schedule_id, booking_datetime, trip_type, status) VALUES (1185, 1563, 3, '2025-12-27 00:00:00', 'one_way', 'confirmed');
INSERT INTO ticket (ticket_id, booking_id, passenger_category, passenger_fare_amount, status) VALUES (1563, 1185, 'adult', 380.0, 'active');
INSERT INTO booking (booking_id, person_id, schedule_id, booking_datetime, trip_type, status) VALUES (1186, 1564, 2, '2025-12-22 00:00:00', 'one_way', 'confirmed');
INSERT INTO ticket (ticket_id, booking_id, passenger_category, passenger_fare_amount, status) VALUES (1564, 1186, 'adult', 380.0, 'active');
INSERT INTO ticket (ticket_id, booking_id, passenger_category, passenger_fare_amount, status) VALUES (1565, 1186, 'senior', 0.0, 'active');
INSERT INTO booking (booking_id, person_id, schedule_id, booking_datetime, trip_type, status) VALUES (1187, 1566, 4, '2025-12-23 00:00:00', 'one_way', 'confirmed');
INSERT INTO ticket (ticket_id, booking_id, passenger_category, passenger_fare_amount, status) VALUES (1566, 1187, 'adult', 380.0, 'active');
INSERT INTO ticket (ticket_id, booking_id, passenger_category, passenger_fare_amount, status) VALUES (1567, 1187, 'senior', 0.0, 'active');
INSERT INTO ticket (ticket_id, booking_id, passenger_category, passenger_fare_amount, status) VALUES (1568, 1187, 'senior', 0.0, 'active');
INSERT INTO ticket (ticket_id, booking_id, passenger_category, passenger_fare_amount, status) VALUES (1569, 1187, 'senior', 0.0, 'active');
INSERT INTO ticket (ticket_id, booking_id, passenger_category, passenger_fare_amount, status) VALUES (1570, 1187, 'senior', 0.0, 'active');
INSERT INTO booking (booking_id, person_id, schedule_id, booking_datetime, trip_type, status) VALUES (1188, 1571, 4, '2025-12-29 00:00:00', 'one_way', 'confirmed');
INSERT INTO ticket (ticket_id, booking_id, passenger_category, passenger_fare_amount, status) VALUES (1571, 1188, 'child', 200.0, 'active');
INSERT INTO ticket (ticket_id, booking_id, passenger_category, passenger_fare_amount, status) VALUES (1572, 1188, 'adult', 380.0, 'active');
INSERT INTO ticket (ticket_id, booking_id, passenger_category, passenger_fare_amount, status) VALUES (1573, 1188, 'child', 200.0, 'active');
INSERT INTO ticket (ticket_id, booking_id, passenger_category, passenger_fare_amount, status) VALUES (1574, 1188, 'adult', 380.0, 'active');
INSERT INTO ticket (ticket_id, booking_id, passenger_category, passenger_fare_amount, status) VALUES (1575, 1188, 'child', 200.0, 'active');
INSERT INTO booking (booking_id, person_id, schedule_id, booking_datetime, trip_type, status) VALUES (1189, 1576, 2, '2025-12-24 00:00:00', 'one_way', 'confirmed');
INSERT INTO ticket (ticket_id, booking_id, passenger_category, passenger_fare_amount, status) VALUES (1576, 1189, 'child', 200.0, 'active');
INSERT INTO ticket (ticket_id, booking_id, passenger_category, passenger_fare_amount, status) VALUES (1577, 1189, 'senior', 0.0, 'active');
INSERT INTO ticket (ticket_id, booking_id, passenger_category, passenger_fare_amount, status) VALUES (1578, 1189, 'adult', 380.0, 'active');
INSERT INTO booking (booking_id, person_id, schedule_id, booking_datetime, trip_type, status) VALUES (1190, 1579, 1, '2025-12-28 00:00:00', 'one_way', 'confirmed');
INSERT INTO ticket (ticket_id, booking_id, passenger_category, passenger_fare_amount, status) VALUES (1579, 1190, 'child', 200.0, 'active');
INSERT INTO ticket (ticket_id, booking_id, passenger_category, passenger_fare_amount, status) VALUES (1580, 1190, 'child', 200.0, 'active');
INSERT INTO booking (booking_id, person_id, schedule_id, booking_datetime, trip_type, status) VALUES (1191, 1581, 5, '2025-12-24 00:00:00', 'one_way', 'confirmed');
INSERT INTO ticket (ticket_id, booking_id, passenger_category, passenger_fare_amount, status) VALUES (1581, 1191, 'child', 200.0, 'active');
INSERT INTO ticket (ticket_id, booking_id, passenger_category, passenger_fare_amount, status) VALUES (1582, 1191, 'child', 200.0, 'active');
INSERT INTO ticket (ticket_id, booking_id, passenger_category, passenger_fare_amount, status) VALUES (1583, 1191, 'child', 200.0, 'active');
INSERT INTO ticket (ticket_id, booking_id, passenger_category, passenger_fare_amount, status) VALUES (1584, 1191, 'adult', 380.0, 'active');
INSERT INTO booking (booking_id, person_id, schedule_id, booking_datetime, trip_type, status) VALUES (1192, 1585, 4, '2025-12-24 00:00:00', 'one_way', 'confirmed');
INSERT INTO ticket (ticket_id, booking_id, passenger_category, passenger_fare_amount, status) VALUES (1585, 1192, 'senior', 0.0, 'active');
INSERT INTO booking (booking_id, person_id, schedule_id, booking_datetime, trip_type, status) VALUES (1193, 1586, 3, '2025-12-27 00:00:00', 'one_way', 'confirmed');
INSERT INTO ticket (ticket_id, booking_id, passenger_category, passenger_fare_amount, status) VALUES (1586, 1193, 'senior', 0.0, 'active');
INSERT INTO ticket (ticket_id, booking_id, passenger_category, passenger_fare_amount, status) VALUES (1587, 1193, 'senior', 0.0, 'active');
INSERT INTO ticket (ticket_id, booking_id, passenger_category, passenger_fare_amount, status) VALUES (1588, 1193, 'child', 200.0, 'active');
INSERT INTO ticket (ticket_id, booking_id, passenger_category, passenger_fare_amount, status) VALUES (1589, 1193, 'senior', 0.0, 'active');
INSERT INTO booking (booking_id, person_id, schedule_id, booking_datetime, trip_type, status) VALUES (1194, 1590, 7, '2025-12-22 00:00:00', 'one_way', 'confirmed');
INSERT INTO ticket (ticket_id, booking_id, passenger_category, passenger_fare_amount, status) VALUES (1590, 1194, 'child', 200.0, 'active');
INSERT INTO ticket (ticket_id, booking_id, passenger_category, passenger_fare_amount, status) VALUES (1591, 1194, 'senior', 0.0, 'active');
INSERT INTO ticket (ticket_id, booking_id, passenger_category, passenger_fare_amount, status) VALUES (1592, 1194, 'child', 200.0, 'active');
INSERT INTO ticket (ticket_id, booking_id, passenger_category, passenger_fare_amount, status) VALUES (1593, 1194, 'adult', 380.0, 'active');
INSERT INTO booking (booking_id, person_id, schedule_id, booking_datetime, trip_type, status) VALUES (1195, 1594, 8, '2025-12-24 00:00:00', 'one_way', 'confirmed');
INSERT INTO ticket (ticket_id, booking_id, passenger_category, passenger_fare_amount, status) VALUES (1594, 1195, 'senior', 0.0, 'active');
INSERT INTO ticket (ticket_id, booking_id, passenger_category, passenger_fare_amount, status) VALUES (1595, 1195, 'senior', 0.0, 'active');
INSERT INTO ticket (ticket_id, booking_id, passenger_category, passenger_fare_amount, status) VALUES (1596, 1195, 'child', 200.0, 'active');
INSERT INTO ticket (ticket_id, booking_id, passenger_category, passenger_fare_amount, status) VALUES (1597, 1195, 'adult', 380.0, 'active');
INSERT INTO booking (booking_id, person_id, schedule_id, booking_datetime, trip_type, status) VALUES (1196, 1598, 3, '2025-12-30 00:00:00', 'one_way', 'confirmed');
INSERT INTO ticket (ticket_id, booking_id, passenger_category, passenger_fare_amount, status) VALUES (1598, 1196, 'adult', 380.0, 'active');
INSERT INTO ticket (ticket_id, booking_id, passenger_category, passenger_fare_amount, status) VALUES (1599, 1196, 'child', 200.0, 'active');
INSERT INTO booking (booking_id, person_id, schedule_id, booking_datetime, trip_type, status) VALUES (1197, 1600, 7, '2025-12-22 00:00:00', 'one_way', 'confirmed');
INSERT INTO ticket (ticket_id, booking_id, passenger_category, passenger_fare_amount, status) VALUES (1600, 1197, 'adult', 380.0, 'active');
INSERT INTO ticket (ticket_id, booking_id, passenger_category, passenger_fare_amount, status) VALUES (1601, 1197, 'senior', 0.0, 'active');
INSERT INTO booking (booking_id, person_id, schedule_id, booking_datetime, trip_type, status) VALUES (1198, 1602, 4, '2025-12-28 00:00:00', 'one_way', 'confirmed');
INSERT INTO ticket (ticket_id, booking_id, passenger_category, passenger_fare_amount, status) VALUES (1602, 1198, 'child', 200.0, 'active');
INSERT INTO ticket (ticket_id, booking_id, passenger_category, passenger_fare_amount, status) VALUES (1603, 1198, 'adult', 380.0, 'active');
INSERT INTO ticket (ticket_id, booking_id, passenger_category, passenger_fare_amount, status) VALUES (1604, 1198, 'child', 200.0, 'active');
INSERT INTO booking (booking_id, person_id, schedule_id, booking_datetime, trip_type, status) VALUES (1199, 1605, 3, '2025-12-30 00:00:00', 'one_way', 'confirmed');
INSERT INTO ticket (ticket_id, booking_id, passenger_category, passenger_fare_amount, status) VALUES (1605, 1199, 'adult', 380.0, 'active');
INSERT INTO ticket (ticket_id, booking_id, passenger_category, passenger_fare_amount, status) VALUES (1606, 1199, 'child', 200.0, 'active');
INSERT INTO ticket (ticket_id, booking_id, passenger_category, passenger_fare_amount, status) VALUES (1607, 1199, 'senior', 0.0, 'active');
INSERT INTO ticket (ticket_id, booking_id, passenger_category, passenger_fare_amount, status) VALUES (1608, 1199, 'senior', 0.0, 'active');
INSERT INTO booking (booking_id, person_id, schedule_id, booking_datetime, trip_type, status) VALUES (1200, 1609, 4, '2025-12-20 00:00:00', 'one_way', 'confirmed');
INSERT INTO ticket (ticket_id, booking_id, passenger_category, passenger_fare_amount, status) VALUES (1609, 1200, 'adult', 380.0, 'active');
INSERT INTO ticket (ticket_id, booking_id, passenger_category, passenger_fare_amount, status) VALUES (1610, 1200, 'adult', 380.0, 'active');
INSERT INTO ticket (ticket_id, booking_id, passenger_category, passenger_fare_amount, status) VALUES (1611, 1200, 'child', 200.0, 'active');
INSERT INTO ticket (ticket_id, booking_id, passenger_category, passenger_fare_amount, status) VALUES (1612, 1200, 'child', 200.0, 'active');
INSERT INTO booking (booking_id, person_id, schedule_id, booking_datetime, trip_type, status) VALUES (1201, 1613, 7, '2025-12-29 00:00:00', 'one_way', 'confirmed');
INSERT INTO ticket (ticket_id, booking_id, passenger_category, passenger_fare_amount, status) VALUES (1613, 1201, 'senior', 0.0, 'active');
INSERT INTO ticket (ticket_id, booking_id, passenger_category, passenger_fare_amount, status) VALUES (1614, 1201, 'adult', 380.0, 'active');
INSERT INTO ticket (ticket_id, booking_id, passenger_category, passenger_fare_amount, status) VALUES (1615, 1201, 'child', 200.0, 'active');
INSERT INTO ticket (ticket_id, booking_id, passenger_category, passenger_fare_amount, status) VALUES (1616, 1201, 'senior', 0.0, 'active');
INSERT INTO ticket (ticket_id, booking_id, passenger_category, passenger_fare_amount, status) VALUES (1617, 1201, 'child', 200.0, 'active');
INSERT INTO booking (booking_id, person_id, schedule_id, booking_datetime, trip_type, status) VALUES (1202, 1618, 1, '2025-12-21 00:00:00', 'one_way', 'confirmed');
INSERT INTO ticket (ticket_id, booking_id, passenger_category, passenger_fare_amount, status) VALUES (1618, 1202, 'adult', 380.0, 'active');
INSERT INTO ticket (ticket_id, booking_id, passenger_category, passenger_fare_amount, status) VALUES (1619, 1202, 'senior', 0.0, 'active');
INSERT INTO ticket (ticket_id, booking_id, passenger_category, passenger_fare_amount, status) VALUES (1620, 1202, 'senior', 0.0, 'active');
INSERT INTO ticket (ticket_id, booking_id, passenger_category, passenger_fare_amount, status) VALUES (1621, 1202, 'adult', 380.0, 'active');
INSERT INTO booking (booking_id, person_id, schedule_id, booking_datetime, trip_type, status) VALUES (1203, 1622, 8, '2025-12-24 00:00:00', 'one_way', 'confirmed');
INSERT INTO ticket (ticket_id, booking_id, passenger_category, passenger_fare_amount, status) VALUES (1622, 1203, 'child', 200.0, 'active');
INSERT INTO ticket (ticket_id, booking_id, passenger_category, passenger_fare_amount, status) VALUES (1623, 1203, 'child', 200.0, 'active');
INSERT INTO ticket (ticket_id, booking_id, passenger_category, passenger_fare_amount, status) VALUES (1624, 1203, 'senior', 0.0, 'active');
INSERT INTO ticket (ticket_id, booking_id, passenger_category, passenger_fare_amount, status) VALUES (1625, 1203, 'adult', 380.0, 'active');
INSERT INTO ticket (ticket_id, booking_id, passenger_category, passenger_fare_amount, status) VALUES (1626, 1203, 'senior', 0.0, 'active');
INSERT INTO booking (booking_id, person_id, schedule_id, booking_datetime, trip_type, status) VALUES (1204, 1627, 5, '2025-12-29 00:00:00', 'one_way', 'confirmed');
INSERT INTO ticket (ticket_id, booking_id, passenger_category, passenger_fare_amount, status) VALUES (1627, 1204, 'senior', 0.0, 'active');
INSERT INTO ticket (ticket_id, booking_id, passenger_category, passenger_fare_amount, status) VALUES (1628, 1204, 'adult', 380.0, 'active');
INSERT INTO ticket (ticket_id, booking_id, passenger_category, passenger_fare_amount, status) VALUES (1629, 1204, 'senior', 0.0, 'active');
INSERT INTO ticket (ticket_id, booking_id, passenger_category, passenger_fare_amount, status) VALUES (1630, 1204, 'senior', 0.0, 'active');
INSERT INTO booking (booking_id, person_id, schedule_id, booking_datetime, trip_type, status) VALUES (1205, 1631, 5, '2025-12-21 00:00:00', 'one_way', 'confirmed');
INSERT INTO ticket (ticket_id, booking_id, passenger_category, passenger_fare_amount, status) VALUES (1631, 1205, 'adult', 380.0, 'active');
INSERT INTO ticket (ticket_id, booking_id, passenger_category, passenger_fare_amount, status) VALUES (1632, 1205, 'adult', 380.0, 'active');
INSERT INTO ticket (ticket_id, booking_id, passenger_category, passenger_fare_amount, status) VALUES (1633, 1205, 'adult', 380.0, 'active');
INSERT INTO booking (booking_id, person_id, schedule_id, booking_datetime, trip_type, status) VALUES (1206, 1634, 5, '2025-12-28 00:00:00', 'one_way', 'confirmed');
INSERT INTO ticket (ticket_id, booking_id, passenger_category, passenger_fare_amount, status) VALUES (1634, 1206, 'senior', 0.0, 'active');
INSERT INTO ticket (ticket_id, booking_id, passenger_category, passenger_fare_amount, status) VALUES (1635, 1206, 'adult', 380.0, 'active');
INSERT INTO ticket (ticket_id, booking_id, passenger_category, passenger_fare_amount, status) VALUES (1636, 1206, 'child', 200.0, 'active');
INSERT INTO ticket (ticket_id, booking_id, passenger_category, passenger_fare_amount, status) VALUES (1637, 1206, 'senior', 0.0, 'active');
INSERT INTO ticket (ticket_id, booking_id, passenger_category, passenger_fare_amount, status) VALUES (1638, 1206, 'senior', 0.0, 'active');
INSERT INTO booking (booking_id, person_id, schedule_id, booking_datetime, trip_type, status) VALUES (1207, 1639, 2, '2025-12-22 00:00:00', 'one_way', 'confirmed');
INSERT INTO ticket (ticket_id, booking_id, passenger_category, passenger_fare_amount, status) VALUES (1639, 1207, 'adult', 380.0, 'active');
INSERT INTO ticket (ticket_id, booking_id, passenger_category, passenger_fare_amount, status) VALUES (1640, 1207, 'child', 200.0, 'active');
INSERT INTO ticket (ticket_id, booking_id, passenger_category, passenger_fare_amount, status) VALUES (1641, 1207, 'adult', 380.0, 'active');
INSERT INTO booking (booking_id, person_id, schedule_id, booking_datetime, trip_type, status) VALUES (1208, 1642, 5, '2025-12-25 00:00:00', 'one_way', 'confirmed');
INSERT INTO ticket (ticket_id, booking_id, passenger_category, passenger_fare_amount, status) VALUES (1642, 1208, 'child', 200.0, 'active');
INSERT INTO ticket (ticket_id, booking_id, passenger_category, passenger_fare_amount, status) VALUES (1643, 1208, 'child', 200.0, 'active');
INSERT INTO booking (booking_id, person_id, schedule_id, booking_datetime, trip_type, status) VALUES (1209, 1644, 6, '2025-12-28 00:00:00', 'one_way', 'confirmed');
INSERT INTO ticket (ticket_id, booking_id, passenger_category, passenger_fare_amount, status) VALUES (1644, 1209, 'senior', 0.0, 'active');
INSERT INTO ticket (ticket_id, booking_id, passenger_category, passenger_fare_amount, status) VALUES (1645, 1209, 'adult', 380.0, 'active');
INSERT INTO ticket (ticket_id, booking_id, passenger_category, passenger_fare_amount, status) VALUES (1646, 1209, 'senior', 0.0, 'active');
INSERT INTO ticket (ticket_id, booking_id, passenger_category, passenger_fare_amount, status) VALUES (1647, 1209, 'child', 200.0, 'active');
INSERT INTO ticket (ticket_id, booking_id, passenger_category, passenger_fare_amount, status) VALUES (1648, 1209, 'child', 200.0, 'active');
INSERT INTO booking (booking_id, person_id, schedule_id, booking_datetime, trip_type, status) VALUES (1210, 1649, 5, '2025-12-20 00:00:00', 'one_way', 'confirmed');
INSERT INTO ticket (ticket_id, booking_id, passenger_category, passenger_fare_amount, status) VALUES (1649, 1210, 'child', 200.0, 'active');
INSERT INTO ticket (ticket_id, booking_id, passenger_category, passenger_fare_amount, status) VALUES (1650, 1210, 'senior', 0.0, 'active');
INSERT INTO ticket (ticket_id, booking_id, passenger_category, passenger_fare_amount, status) VALUES (1651, 1210, 'adult', 380.0, 'active');
INSERT INTO booking (booking_id, person_id, schedule_id, booking_datetime, trip_type, status) VALUES (1211, 1652, 2, '2025-12-20 00:00:00', 'one_way', 'confirmed');
INSERT INTO ticket (ticket_id, booking_id, passenger_category, passenger_fare_amount, status) VALUES (1652, 1211, 'adult', 380.0, 'active');
INSERT INTO ticket (ticket_id, booking_id, passenger_category, passenger_fare_amount, status) VALUES (1653, 1211, 'child', 200.0, 'active');
INSERT INTO ticket (ticket_id, booking_id, passenger_category, passenger_fare_amount, status) VALUES (1654, 1211, 'adult', 380.0, 'active');
INSERT INTO ticket (ticket_id, booking_id, passenger_category, passenger_fare_amount, status) VALUES (1655, 1211, 'senior', 0.0, 'active');
INSERT INTO booking (booking_id, person_id, schedule_id, booking_datetime, trip_type, status) VALUES (1212, 1656, 7, '2025-12-20 00:00:00', 'one_way', 'confirmed');
INSERT INTO ticket (ticket_id, booking_id, passenger_category, passenger_fare_amount, status) VALUES (1656, 1212, 'adult', 380.0, 'active');
INSERT INTO ticket (ticket_id, booking_id, passenger_category, passenger_fare_amount, status) VALUES (1657, 1212, 'adult', 380.0, 'active');
INSERT INTO ticket (ticket_id, booking_id, passenger_category, passenger_fare_amount, status) VALUES (1658, 1212, 'senior', 0.0, 'active');
INSERT INTO ticket (ticket_id, booking_id, passenger_category, passenger_fare_amount, status) VALUES (1659, 1212, 'child', 200.0, 'active');
INSERT INTO booking (booking_id, person_id, schedule_id, booking_datetime, trip_type, status) VALUES (1213, 1660, 2, '2025-12-20 00:00:00', 'one_way', 'confirmed');
INSERT INTO ticket (ticket_id, booking_id, passenger_category, passenger_fare_amount, status) VALUES (1660, 1213, 'child', 200.0, 'active');
INSERT INTO booking (booking_id, person_id, schedule_id, booking_datetime, trip_type, status) VALUES (1214, 1661, 6, '2025-12-29 00:00:00', 'one_way', 'confirmed');
INSERT INTO ticket (ticket_id, booking_id, passenger_category, passenger_fare_amount, status) VALUES (1661, 1214, 'child', 200.0, 'active');
INSERT INTO ticket (ticket_id, booking_id, passenger_category, passenger_fare_amount, status) VALUES (1662, 1214, 'senior', 0.0, 'active');
INSERT INTO ticket (ticket_id, booking_id, passenger_category, passenger_fare_amount, status) VALUES (1663, 1214, 'senior', 0.0, 'active');
INSERT INTO ticket (ticket_id, booking_id, passenger_category, passenger_fare_amount, status) VALUES (1664, 1214, 'adult', 380.0, 'active');
INSERT INTO booking (booking_id, person_id, schedule_id, booking_datetime, trip_type, status) VALUES (1215, 1665, 7, '2025-12-23 00:00:00', 'one_way', 'confirmed');
INSERT INTO ticket (ticket_id, booking_id, passenger_category, passenger_fare_amount, status) VALUES (1665, 1215, 'child', 200.0, 'active');
INSERT INTO booking (booking_id, person_id, schedule_id, booking_datetime, trip_type, status) VALUES (1216, 1666, 4, '2025-12-28 00:00:00', 'one_way', 'confirmed');
INSERT INTO ticket (ticket_id, booking_id, passenger_category, passenger_fare_amount, status) VALUES (1666, 1216, 'adult', 380.0, 'active');
INSERT INTO ticket (ticket_id, booking_id, passenger_category, passenger_fare_amount, status) VALUES (1667, 1216, 'child', 200.0, 'active');
INSERT INTO ticket (ticket_id, booking_id, passenger_category, passenger_fare_amount, status) VALUES (1668, 1216, 'adult', 380.0, 'active');
INSERT INTO ticket (ticket_id, booking_id, passenger_category, passenger_fare_amount, status) VALUES (1669, 1216, 'adult', 380.0, 'active');
INSERT INTO ticket (ticket_id, booking_id, passenger_category, passenger_fare_amount, status) VALUES (1670, 1216, 'senior', 0.0, 'active');
INSERT INTO booking (booking_id, person_id, schedule_id, booking_datetime, trip_type, status) VALUES (1217, 1671, 5, '2025-12-24 00:00:00', 'one_way', 'confirmed');
INSERT INTO ticket (ticket_id, booking_id, passenger_category, passenger_fare_amount, status) VALUES (1671, 1217, 'adult', 380.0, 'active');
INSERT INTO ticket (ticket_id, booking_id, passenger_category, passenger_fare_amount, status) VALUES (1672, 1217, 'adult', 380.0, 'active');
INSERT INTO ticket (ticket_id, booking_id, passenger_category, passenger_fare_amount, status) VALUES (1673, 1217, 'child', 200.0, 'active');
INSERT INTO ticket (ticket_id, booking_id, passenger_category, passenger_fare_amount, status) VALUES (1674, 1217, 'child', 200.0, 'active');
INSERT INTO ticket (ticket_id, booking_id, passenger_category, passenger_fare_amount, status) VALUES (1675, 1217, 'adult', 380.0, 'active');
INSERT INTO booking (booking_id, person_id, schedule_id, booking_datetime, trip_type, status) VALUES (1218, 1676, 6, '2025-12-29 00:00:00', 'one_way', 'confirmed');
INSERT INTO ticket (ticket_id, booking_id, passenger_category, passenger_fare_amount, status) VALUES (1676, 1218, 'child', 200.0, 'active');
INSERT INTO ticket (ticket_id, booking_id, passenger_category, passenger_fare_amount, status) VALUES (1677, 1218, 'adult', 380.0, 'active');
INSERT INTO ticket (ticket_id, booking_id, passenger_category, passenger_fare_amount, status) VALUES (1678, 1218, 'senior', 0.0, 'active');
INSERT INTO booking (booking_id, person_id, schedule_id, booking_datetime, trip_type, status) VALUES (1219, 1679, 2, '2025-12-25 00:00:00', 'one_way', 'confirmed');
INSERT INTO ticket (ticket_id, booking_id, passenger_category, passenger_fare_amount, status) VALUES (1679, 1219, 'senior', 0.0, 'active');
INSERT INTO ticket (ticket_id, booking_id, passenger_category, passenger_fare_amount, status) VALUES (1680, 1219, 'senior', 0.0, 'active');
INSERT INTO ticket (ticket_id, booking_id, passenger_category, passenger_fare_amount, status) VALUES (1681, 1219, 'child', 200.0, 'active');
INSERT INTO booking (booking_id, person_id, schedule_id, booking_datetime, trip_type, status) VALUES (1220, 1682, 5, '2025-12-20 00:00:00', 'one_way', 'confirmed');
INSERT INTO ticket (ticket_id, booking_id, passenger_category, passenger_fare_amount, status) VALUES (1682, 1220, 'senior', 0.0, 'active');
INSERT INTO booking (booking_id, person_id, schedule_id, booking_datetime, trip_type, status) VALUES (1221, 1683, 2, '2025-12-28 00:00:00', 'one_way', 'confirmed');
INSERT INTO ticket (ticket_id, booking_id, passenger_category, passenger_fare_amount, status) VALUES (1683, 1221, 'child', 200.0, 'active');
INSERT INTO ticket (ticket_id, booking_id, passenger_category, passenger_fare_amount, status) VALUES (1684, 1221, 'senior', 0.0, 'active');
INSERT INTO ticket (ticket_id, booking_id, passenger_category, passenger_fare_amount, status) VALUES (1685, 1221, 'child', 200.0, 'active');
INSERT INTO booking (booking_id, person_id, schedule_id, booking_datetime, trip_type, status) VALUES (1222, 1686, 7, '2025-12-30 00:00:00', 'one_way', 'confirmed');
INSERT INTO ticket (ticket_id, booking_id, passenger_category, passenger_fare_amount, status) VALUES (1686, 1222, 'senior', 0.0, 'active');
INSERT INTO ticket (ticket_id, booking_id, passenger_category, passenger_fare_amount, status) VALUES (1687, 1222, 'child', 200.0, 'active');
INSERT INTO ticket (ticket_id, booking_id, passenger_category, passenger_fare_amount, status) VALUES (1688, 1222, 'senior', 0.0, 'active');
INSERT INTO booking (booking_id, person_id, schedule_id, booking_datetime, trip_type, status) VALUES (1223, 1689, 3, '2025-12-22 00:00:00', 'one_way', 'confirmed');
INSERT INTO ticket (ticket_id, booking_id, passenger_category, passenger_fare_amount, status) VALUES (1689, 1223, 'adult', 380.0, 'active');
INSERT INTO ticket (ticket_id, booking_id, passenger_category, passenger_fare_amount, status) VALUES (1690, 1223, 'senior', 0.0, 'active');
INSERT INTO ticket (ticket_id, booking_id, passenger_category, passenger_fare_amount, status) VALUES (1691, 1223, 'adult', 380.0, 'active');
INSERT INTO booking (booking_id, person_id, schedule_id, booking_datetime, trip_type, status) VALUES (1224, 1692, 1, '2025-12-25 00:00:00', 'one_way', 'confirmed');
INSERT INTO ticket (ticket_id, booking_id, passenger_category, passenger_fare_amount, status) VALUES (1692, 1224, 'child', 200.0, 'active');
INSERT INTO booking (booking_id, person_id, schedule_id, booking_datetime, trip_type, status) VALUES (1225, 1693, 5, '2025-12-22 00:00:00', 'one_way', 'confirmed');
INSERT INTO ticket (ticket_id, booking_id, passenger_category, passenger_fare_amount, status) VALUES (1693, 1225, 'child', 200.0, 'active');
INSERT INTO booking (booking_id, person_id, schedule_id, booking_datetime, trip_type, status) VALUES (1226, 1694, 7, '2025-12-27 00:00:00', 'one_way', 'confirmed');
INSERT INTO ticket (ticket_id, booking_id, passenger_category, passenger_fare_amount, status) VALUES (1694, 1226, 'child', 200.0, 'active');
INSERT INTO ticket (ticket_id, booking_id, passenger_category, passenger_fare_amount, status) VALUES (1695, 1226, 'child', 200.0, 'active');
INSERT INTO ticket (ticket_id, booking_id, passenger_category, passenger_fare_amount, status) VALUES (1696, 1226, 'senior', 0.0, 'active');
INSERT INTO ticket (ticket_id, booking_id, passenger_category, passenger_fare_amount, status) VALUES (1697, 1226, 'adult', 380.0, 'active');
INSERT INTO booking (booking_id, person_id, schedule_id, booking_datetime, trip_type, status) VALUES (1227, 1698, 5, '2025-12-24 00:00:00', 'one_way', 'confirmed');
INSERT INTO ticket (ticket_id, booking_id, passenger_category, passenger_fare_amount, status) VALUES (1698, 1227, 'child', 200.0, 'active');
INSERT INTO booking (booking_id, person_id, schedule_id, booking_datetime, trip_type, status) VALUES (1228, 1699, 3, '2025-12-27 00:00:00', 'one_way', 'confirmed');
INSERT INTO ticket (ticket_id, booking_id, passenger_category, passenger_fare_amount, status) VALUES (1699, 1228, 'child', 200.0, 'active');
INSERT INTO booking (booking_id, person_id, schedule_id, booking_datetime, trip_type, status) VALUES (1229, 1700, 2, '2025-12-28 00:00:00', 'one_way', 'confirmed');
INSERT INTO ticket (ticket_id, booking_id, passenger_category, passenger_fare_amount, status) VALUES (1700, 1229, 'child', 200.0, 'active');
INSERT INTO ticket (ticket_id, booking_id, passenger_category, passenger_fare_amount, status) VALUES (1701, 1229, 'child', 200.0, 'active');
INSERT INTO booking (booking_id, person_id, schedule_id, booking_datetime, trip_type, status) VALUES (1230, 1702, 3, '2025-12-22 00:00:00', 'one_way', 'confirmed');
INSERT INTO ticket (ticket_id, booking_id, passenger_category, passenger_fare_amount, status) VALUES (1702, 1230, 'child', 200.0, 'active');
INSERT INTO ticket (ticket_id, booking_id, passenger_category, passenger_fare_amount, status) VALUES (1703, 1230, 'child', 200.0, 'active');
INSERT INTO ticket (ticket_id, booking_id, passenger_category, passenger_fare_amount, status) VALUES (1704, 1230, 'child', 200.0, 'active');
INSERT INTO ticket (ticket_id, booking_id, passenger_category, passenger_fare_amount, status) VALUES (1705, 1230, 'senior', 0.0, 'active');
INSERT INTO ticket (ticket_id, booking_id, passenger_category, passenger_fare_amount, status) VALUES (1706, 1230, 'senior', 0.0, 'active');
INSERT INTO booking (booking_id, person_id, schedule_id, booking_datetime, trip_type, status) VALUES (1231, 1707, 6, '2025-12-22 00:00:00', 'one_way', 'confirmed');
INSERT INTO ticket (ticket_id, booking_id, passenger_category, passenger_fare_amount, status) VALUES (1707, 1231, 'adult', 380.0, 'active');
INSERT INTO ticket (ticket_id, booking_id, passenger_category, passenger_fare_amount, status) VALUES (1708, 1231, 'adult', 380.0, 'active');
INSERT INTO ticket (ticket_id, booking_id, passenger_category, passenger_fare_amount, status) VALUES (1709, 1231, 'child', 200.0, 'active');
INSERT INTO ticket (ticket_id, booking_id, passenger_category, passenger_fare_amount, status) VALUES (1710, 1231, 'adult', 380.0, 'active');
INSERT INTO ticket (ticket_id, booking_id, passenger_category, passenger_fare_amount, status) VALUES (1711, 1231, 'child', 200.0, 'active');
INSERT INTO booking (booking_id, person_id, schedule_id, booking_datetime, trip_type, status) VALUES (1232, 1712, 2, '2025-12-22 00:00:00', 'one_way', 'confirmed');
INSERT INTO ticket (ticket_id, booking_id, passenger_category, passenger_fare_amount, status) VALUES (1712, 1232, 'child', 200.0, 'active');
INSERT INTO ticket (ticket_id, booking_id, passenger_category, passenger_fare_amount, status) VALUES (1713, 1232, 'senior', 0.0, 'active');
INSERT INTO booking (booking_id, person_id, schedule_id, booking_datetime, trip_type, status) VALUES (1233, 1714, 8, '2025-12-23 00:00:00', 'one_way', 'confirmed');
INSERT INTO ticket (ticket_id, booking_id, passenger_category, passenger_fare_amount, status) VALUES (1714, 1233, 'senior', 0.0, 'active');
INSERT INTO ticket (ticket_id, booking_id, passenger_category, passenger_fare_amount, status) VALUES (1715, 1233, 'child', 200.0, 'active');
INSERT INTO ticket (ticket_id, booking_id, passenger_category, passenger_fare_amount, status) VALUES (1716, 1233, 'child', 200.0, 'active');
INSERT INTO booking (booking_id, person_id, schedule_id, booking_datetime, trip_type, status) VALUES (1234, 1717, 8, '2025-12-30 00:00:00', 'one_way', 'confirmed');
INSERT INTO ticket (ticket_id, booking_id, passenger_category, passenger_fare_amount, status) VALUES (1717, 1234, 'adult', 380.0, 'active');
INSERT INTO ticket (ticket_id, booking_id, passenger_category, passenger_fare_amount, status) VALUES (1718, 1234, 'senior', 0.0, 'active');
INSERT INTO ticket (ticket_id, booking_id, passenger_category, passenger_fare_amount, status) VALUES (1719, 1234, 'senior', 0.0, 'active');
INSERT INTO ticket (ticket_id, booking_id, passenger_category, passenger_fare_amount, status) VALUES (1720, 1234, 'adult', 380.0, 'active');
INSERT INTO booking (booking_id, person_id, schedule_id, booking_datetime, trip_type, status) VALUES (1235, 1721, 8, '2025-12-22 00:00:00', 'one_way', 'confirmed');
INSERT INTO ticket (ticket_id, booking_id, passenger_category, passenger_fare_amount, status) VALUES (1721, 1235, 'senior', 0.0, 'active');
INSERT INTO ticket (ticket_id, booking_id, passenger_category, passenger_fare_amount, status) VALUES (1722, 1235, 'child', 200.0, 'active');
INSERT INTO ticket (ticket_id, booking_id, passenger_category, passenger_fare_amount, status) VALUES (1723, 1235, 'child', 200.0, 'active');
INSERT INTO ticket (ticket_id, booking_id, passenger_category, passenger_fare_amount, status) VALUES (1724, 1235, 'adult', 380.0, 'active');
INSERT INTO booking (booking_id, person_id, schedule_id, booking_datetime, trip_type, status) VALUES (1236, 1725, 2, '2025-12-21 00:00:00', 'one_way', 'confirmed');
INSERT INTO ticket (ticket_id, booking_id, passenger_category, passenger_fare_amount, status) VALUES (1725, 1236, 'child', 200.0, 'active');
INSERT INTO ticket (ticket_id, booking_id, passenger_category, passenger_fare_amount, status) VALUES (1726, 1236, 'senior', 0.0, 'active');
INSERT INTO ticket (ticket_id, booking_id, passenger_category, passenger_fare_amount, status) VALUES (1727, 1236, 'senior', 0.0, 'active');
INSERT INTO ticket (ticket_id, booking_id, passenger_category, passenger_fare_amount, status) VALUES (1728, 1236, 'senior', 0.0, 'active');
INSERT INTO booking (booking_id, person_id, schedule_id, booking_datetime, trip_type, status) VALUES (1237, 1729, 6, '2025-12-26 00:00:00', 'one_way', 'confirmed');
INSERT INTO ticket (ticket_id, booking_id, passenger_category, passenger_fare_amount, status) VALUES (1729, 1237, 'adult', 380.0, 'active');
INSERT INTO ticket (ticket_id, booking_id, passenger_category, passenger_fare_amount, status) VALUES (1730, 1237, 'senior', 0.0, 'active');
INSERT INTO ticket (ticket_id, booking_id, passenger_category, passenger_fare_amount, status) VALUES (1731, 1237, 'senior', 0.0, 'active');
INSERT INTO ticket (ticket_id, booking_id, passenger_category, passenger_fare_amount, status) VALUES (1732, 1237, 'child', 200.0, 'active');
INSERT INTO booking (booking_id, person_id, schedule_id, booking_datetime, trip_type, status) VALUES (1238, 1733, 1, '2025-12-23 00:00:00', 'one_way', 'confirmed');
INSERT INTO ticket (ticket_id, booking_id, passenger_category, passenger_fare_amount, status) VALUES (1733, 1238, 'child', 200.0, 'active');
INSERT INTO ticket (ticket_id, booking_id, passenger_category, passenger_fare_amount, status) VALUES (1734, 1238, 'adult', 380.0, 'active');
INSERT INTO booking (booking_id, person_id, schedule_id, booking_datetime, trip_type, status) VALUES (1239, 1735, 2, '2025-12-21 00:00:00', 'one_way', 'confirmed');
INSERT INTO ticket (ticket_id, booking_id, passenger_category, passenger_fare_amount, status) VALUES (1735, 1239, 'adult', 380.0, 'active');
INSERT INTO ticket (ticket_id, booking_id, passenger_category, passenger_fare_amount, status) VALUES (1736, 1239, 'senior', 0.0, 'active');
INSERT INTO ticket (ticket_id, booking_id, passenger_category, passenger_fare_amount, status) VALUES (1737, 1239, 'child', 200.0, 'active');
INSERT INTO ticket (ticket_id, booking_id, passenger_category, passenger_fare_amount, status) VALUES (1738, 1239, 'adult', 380.0, 'active');
INSERT INTO booking (booking_id, person_id, schedule_id, booking_datetime, trip_type, status) VALUES (1240, 1739, 3, '2025-12-24 00:00:00', 'one_way', 'confirmed');
INSERT INTO ticket (ticket_id, booking_id, passenger_category, passenger_fare_amount, status) VALUES (1739, 1240, 'adult', 380.0, 'active');
INSERT INTO booking (booking_id, person_id, schedule_id, booking_datetime, trip_type, status) VALUES (1241, 1740, 6, '2025-12-29 00:00:00', 'one_way', 'confirmed');
INSERT INTO ticket (ticket_id, booking_id, passenger_category, passenger_fare_amount, status) VALUES (1740, 1241, 'child', 200.0, 'active');
INSERT INTO ticket (ticket_id, booking_id, passenger_category, passenger_fare_amount, status) VALUES (1741, 1241, 'child', 200.0, 'active');
INSERT INTO ticket (ticket_id, booking_id, passenger_category, passenger_fare_amount, status) VALUES (1742, 1241, 'adult', 380.0, 'active');
INSERT INTO booking (booking_id, person_id, schedule_id, booking_datetime, trip_type, status) VALUES (1242, 1743, 7, '2025-12-29 00:00:00', 'one_way', 'confirmed');
INSERT INTO ticket (ticket_id, booking_id, passenger_category, passenger_fare_amount, status) VALUES (1743, 1242, 'adult', 380.0, 'active');
INSERT INTO booking (booking_id, person_id, schedule_id, booking_datetime, trip_type, status) VALUES (1243, 1744, 6, '2025-12-22 00:00:00', 'one_way', 'confirmed');
INSERT INTO ticket (ticket_id, booking_id, passenger_category, passenger_fare_amount, status) VALUES (1744, 1243, 'senior', 0.0, 'active');
INSERT INTO ticket (ticket_id, booking_id, passenger_category, passenger_fare_amount, status) VALUES (1745, 1243, 'adult', 380.0, 'active');
INSERT INTO ticket (ticket_id, booking_id, passenger_category, passenger_fare_amount, status) VALUES (1746, 1243, 'adult', 380.0, 'active');
INSERT INTO ticket (ticket_id, booking_id, passenger_category, passenger_fare_amount, status) VALUES (1747, 1243, 'child', 200.0, 'active');
INSERT INTO ticket (ticket_id, booking_id, passenger_category, passenger_fare_amount, status) VALUES (1748, 1243, 'senior', 0.0, 'active');
INSERT INTO booking (booking_id, person_id, schedule_id, booking_datetime, trip_type, status) VALUES (1244, 1749, 2, '2025-12-24 00:00:00', 'one_way', 'confirmed');
INSERT INTO ticket (ticket_id, booking_id, passenger_category, passenger_fare_amount, status) VALUES (1749, 1244, 'child', 200.0, 'active');
INSERT INTO ticket (ticket_id, booking_id, passenger_category, passenger_fare_amount, status) VALUES (1750, 1244, 'adult', 380.0, 'active');
INSERT INTO booking (booking_id, person_id, schedule_id, booking_datetime, trip_type, status) VALUES (1245, 1751, 5, '2025-12-26 00:00:00', 'one_way', 'confirmed');
INSERT INTO ticket (ticket_id, booking_id, passenger_category, passenger_fare_amount, status) VALUES (1751, 1245, 'adult', 380.0, 'active');
INSERT INTO booking (booking_id, person_id, schedule_id, booking_datetime, trip_type, status) VALUES (1246, 1752, 1, '2025-12-22 00:00:00', 'one_way', 'confirmed');
INSERT INTO ticket (ticket_id, booking_id, passenger_category, passenger_fare_amount, status) VALUES (1752, 1246, 'adult', 380.0, 'active');
INSERT INTO ticket (ticket_id, booking_id, passenger_category, passenger_fare_amount, status) VALUES (1753, 1246, 'child', 200.0, 'active');
INSERT INTO ticket (ticket_id, booking_id, passenger_category, passenger_fare_amount, status) VALUES (1754, 1246, 'adult', 380.0, 'active');
INSERT INTO ticket (ticket_id, booking_id, passenger_category, passenger_fare_amount, status) VALUES (1755, 1246, 'senior', 0.0, 'active');
INSERT INTO ticket (ticket_id, booking_id, passenger_category, passenger_fare_amount, status) VALUES (1756, 1246, 'senior', 0.0, 'active');
INSERT INTO booking (booking_id, person_id, schedule_id, booking_datetime, trip_type, status) VALUES (1247, 1757, 5, '2025-12-25 00:00:00', 'one_way', 'confirmed');
INSERT INTO ticket (ticket_id, booking_id, passenger_category, passenger_fare_amount, status) VALUES (1757, 1247, 'child', 200.0, 'active');
INSERT INTO ticket (ticket_id, booking_id, passenger_category, passenger_fare_amount, status) VALUES (1758, 1247, 'child', 200.0, 'active');
INSERT INTO ticket (ticket_id, booking_id, passenger_category, passenger_fare_amount, status) VALUES (1759, 1247, 'child', 200.0, 'active');
INSERT INTO booking (booking_id, person_id, schedule_id, booking_datetime, trip_type, status) VALUES (1248, 1760, 8, '2025-12-28 00:00:00', 'one_way', 'confirmed');
INSERT INTO ticket (ticket_id, booking_id, passenger_category, passenger_fare_amount, status) VALUES (1760, 1248, 'senior', 0.0, 'active');
INSERT INTO ticket (ticket_id, booking_id, passenger_category, passenger_fare_amount, status) VALUES (1761, 1248, 'senior', 0.0, 'active');
INSERT INTO ticket (ticket_id, booking_id, passenger_category, passenger_fare_amount, status) VALUES (1762, 1248, 'child', 200.0, 'active');
INSERT INTO booking (booking_id, person_id, schedule_id, booking_datetime, trip_type, status) VALUES (1249, 1763, 6, '2025-12-24 00:00:00', 'one_way', 'confirmed');
INSERT INTO ticket (ticket_id, booking_id, passenger_category, passenger_fare_amount, status) VALUES (1763, 1249, 'child', 200.0, 'active');
INSERT INTO ticket (ticket_id, booking_id, passenger_category, passenger_fare_amount, status) VALUES (1764, 1249, 'adult', 380.0, 'active');
INSERT INTO ticket (ticket_id, booking_id, passenger_category, passenger_fare_amount, status) VALUES (1765, 1249, 'adult', 380.0, 'active');
INSERT INTO ticket (ticket_id, booking_id, passenger_category, passenger_fare_amount, status) VALUES (1766, 1249, 'adult', 380.0, 'active');
INSERT INTO ticket (ticket_id, booking_id, passenger_category, passenger_fare_amount, status) VALUES (1767, 1249, 'senior', 0.0, 'active');
INSERT INTO booking (booking_id, person_id, schedule_id, booking_datetime, trip_type, status) VALUES (1250, 1768, 6, '2025-12-20 00:00:00', 'one_way', 'confirmed');
INSERT INTO ticket (ticket_id, booking_id, passenger_category, passenger_fare_amount, status) VALUES (1768, 1250, 'adult', 380.0, 'active');
INSERT INTO ticket (ticket_id, booking_id, passenger_category, passenger_fare_amount, status) VALUES (1769, 1250, 'adult', 380.0, 'active');
INSERT INTO ticket (ticket_id, booking_id, passenger_category, passenger_fare_amount, status) VALUES (1770, 1250, 'child', 200.0, 'active');
INSERT INTO ticket (ticket_id, booking_id, passenger_category, passenger_fare_amount, status) VALUES (1771, 1250, 'child', 200.0, 'active');
INSERT INTO ticket (ticket_id, booking_id, passenger_category, passenger_fare_amount, status) VALUES (1772, 1250, 'child', 200.0, 'active');
INSERT INTO booking (booking_id, person_id, schedule_id, booking_datetime, trip_type, status) VALUES (1251, 1773, 1, '2025-12-30 00:00:00', 'one_way', 'confirmed');
INSERT INTO ticket (ticket_id, booking_id, passenger_category, passenger_fare_amount, status) VALUES (1773, 1251, 'child', 200.0, 'active');
INSERT INTO ticket (ticket_id, booking_id, passenger_category, passenger_fare_amount, status) VALUES (1774, 1251, 'adult', 380.0, 'active');
INSERT INTO booking (booking_id, person_id, schedule_id, booking_datetime, trip_type, status) VALUES (1252, 1775, 5, '2025-12-22 00:00:00', 'one_way', 'confirmed');
INSERT INTO ticket (ticket_id, booking_id, passenger_category, passenger_fare_amount, status) VALUES (1775, 1252, 'child', 200.0, 'active');
INSERT INTO ticket (ticket_id, booking_id, passenger_category, passenger_fare_amount, status) VALUES (1776, 1252, 'adult', 380.0, 'active');
INSERT INTO ticket (ticket_id, booking_id, passenger_category, passenger_fare_amount, status) VALUES (1777, 1252, 'child', 200.0, 'active');
INSERT INTO booking (booking_id, person_id, schedule_id, booking_datetime, trip_type, status) VALUES (1253, 1778, 6, '2025-12-29 00:00:00', 'one_way', 'confirmed');
INSERT INTO ticket (ticket_id, booking_id, passenger_category, passenger_fare_amount, status) VALUES (1778, 1253, 'child', 200.0, 'active');
INSERT INTO ticket (ticket_id, booking_id, passenger_category, passenger_fare_amount, status) VALUES (1779, 1253, 'senior', 0.0, 'active');
INSERT INTO booking (booking_id, person_id, schedule_id, booking_datetime, trip_type, status) VALUES (1254, 1780, 6, '2025-12-24 00:00:00', 'one_way', 'confirmed');
INSERT INTO ticket (ticket_id, booking_id, passenger_category, passenger_fare_amount, status) VALUES (1780, 1254, 'adult', 380.0, 'active');
INSERT INTO ticket (ticket_id, booking_id, passenger_category, passenger_fare_amount, status) VALUES (1781, 1254, 'senior', 0.0, 'active');
INSERT INTO ticket (ticket_id, booking_id, passenger_category, passenger_fare_amount, status) VALUES (1782, 1254, 'child', 200.0, 'active');
INSERT INTO ticket (ticket_id, booking_id, passenger_category, passenger_fare_amount, status) VALUES (1783, 1254, 'adult', 380.0, 'active');
INSERT INTO ticket (ticket_id, booking_id, passenger_category, passenger_fare_amount, status) VALUES (1784, 1254, 'adult', 380.0, 'active');
INSERT INTO booking (booking_id, person_id, schedule_id, booking_datetime, trip_type, status) VALUES (1255, 1785, 2, '2025-12-27 00:00:00', 'one_way', 'confirmed');
INSERT INTO ticket (ticket_id, booking_id, passenger_category, passenger_fare_amount, status) VALUES (1785, 1255, 'child', 200.0, 'active');
INSERT INTO ticket (ticket_id, booking_id, passenger_category, passenger_fare_amount, status) VALUES (1786, 1255, 'senior', 0.0, 'active');
INSERT INTO booking (booking_id, person_id, schedule_id, booking_datetime, trip_type, status) VALUES (1256, 1787, 5, '2025-12-23 00:00:00', 'one_way', 'confirmed');
INSERT INTO ticket (ticket_id, booking_id, passenger_category, passenger_fare_amount, status) VALUES (1787, 1256, 'adult', 380.0, 'active');
INSERT INTO ticket (ticket_id, booking_id, passenger_category, passenger_fare_amount, status) VALUES (1788, 1256, 'senior', 0.0, 'active');
INSERT INTO ticket (ticket_id, booking_id, passenger_category, passenger_fare_amount, status) VALUES (1789, 1256, 'child', 200.0, 'active');
INSERT INTO ticket (ticket_id, booking_id, passenger_category, passenger_fare_amount, status) VALUES (1790, 1256, 'adult', 380.0, 'active');
INSERT INTO booking (booking_id, person_id, schedule_id, booking_datetime, trip_type, status) VALUES (1257, 1791, 7, '2025-12-25 00:00:00', 'one_way', 'confirmed');
INSERT INTO ticket (ticket_id, booking_id, passenger_category, passenger_fare_amount, status) VALUES (1791, 1257, 'adult', 380.0, 'active');
INSERT INTO ticket (ticket_id, booking_id, passenger_category, passenger_fare_amount, status) VALUES (1792, 1257, 'adult', 380.0, 'active');
INSERT INTO ticket (ticket_id, booking_id, passenger_category, passenger_fare_amount, status) VALUES (1793, 1257, 'adult', 380.0, 'active');
INSERT INTO booking (booking_id, person_id, schedule_id, booking_datetime, trip_type, status) VALUES (1258, 1794, 6, '2025-12-30 00:00:00', 'one_way', 'confirmed');
INSERT INTO ticket (ticket_id, booking_id, passenger_category, passenger_fare_amount, status) VALUES (1794, 1258, 'adult', 380.0, 'active');
INSERT INTO booking (booking_id, person_id, schedule_id, booking_datetime, trip_type, status) VALUES (1259, 1795, 5, '2025-12-23 00:00:00', 'one_way', 'confirmed');
INSERT INTO ticket (ticket_id, booking_id, passenger_category, passenger_fare_amount, status) VALUES (1795, 1259, 'adult', 380.0, 'active');
INSERT INTO ticket (ticket_id, booking_id, passenger_category, passenger_fare_amount, status) VALUES (1796, 1259, 'child', 200.0, 'active');
INSERT INTO ticket (ticket_id, booking_id, passenger_category, passenger_fare_amount, status) VALUES (1797, 1259, 'senior', 0.0, 'active');
INSERT INTO booking (booking_id, person_id, schedule_id, booking_datetime, trip_type, status) VALUES (1260, 1798, 4, '2025-12-28 00:00:00', 'one_way', 'confirmed');
INSERT INTO ticket (ticket_id, booking_id, passenger_category, passenger_fare_amount, status) VALUES (1798, 1260, 'adult', 380.0, 'active');
INSERT INTO booking (booking_id, person_id, schedule_id, booking_datetime, trip_type, status) VALUES (1261, 1799, 1, '2025-12-27 00:00:00', 'one_way', 'confirmed');
INSERT INTO ticket (ticket_id, booking_id, passenger_category, passenger_fare_amount, status) VALUES (1799, 1261, 'adult', 380.0, 'active');
INSERT INTO ticket (ticket_id, booking_id, passenger_category, passenger_fare_amount, status) VALUES (1800, 1261, 'adult', 380.0, 'active');
INSERT INTO booking (booking_id, person_id, schedule_id, booking_datetime, trip_type, status) VALUES (1262, 1801, 8, '2025-12-22 00:00:00', 'one_way', 'confirmed');
INSERT INTO ticket (ticket_id, booking_id, passenger_category, passenger_fare_amount, status) VALUES (1801, 1262, 'adult', 380.0, 'active');
INSERT INTO ticket (ticket_id, booking_id, passenger_category, passenger_fare_amount, status) VALUES (1802, 1262, 'senior', 0.0, 'active');
INSERT INTO ticket (ticket_id, booking_id, passenger_category, passenger_fare_amount, status) VALUES (1803, 1262, 'senior', 0.0, 'active');
INSERT INTO ticket (ticket_id, booking_id, passenger_category, passenger_fare_amount, status) VALUES (1804, 1262, 'adult', 380.0, 'active');
INSERT INTO ticket (ticket_id, booking_id, passenger_category, passenger_fare_amount, status) VALUES (1805, 1262, 'senior', 0.0, 'active');
INSERT INTO booking (booking_id, person_id, schedule_id, booking_datetime, trip_type, status) VALUES (1263, 1806, 6, '2025-12-27 00:00:00', 'one_way', 'confirmed');
INSERT INTO ticket (ticket_id, booking_id, passenger_category, passenger_fare_amount, status) VALUES (1806, 1263, 'senior', 0.0, 'active');
INSERT INTO ticket (ticket_id, booking_id, passenger_category, passenger_fare_amount, status) VALUES (1807, 1263, 'senior', 0.0, 'active');
INSERT INTO ticket (ticket_id, booking_id, passenger_category, passenger_fare_amount, status) VALUES (1808, 1263, 'child', 200.0, 'active');
INSERT INTO ticket (ticket_id, booking_id, passenger_category, passenger_fare_amount, status) VALUES (1809, 1263, 'senior', 0.0, 'active');
INSERT INTO ticket (ticket_id, booking_id, passenger_category, passenger_fare_amount, status) VALUES (1810, 1263, 'child', 200.0, 'active');
INSERT INTO booking (booking_id, person_id, schedule_id, booking_datetime, trip_type, status) VALUES (1264, 1811, 6, '2025-12-27 00:00:00', 'one_way', 'confirmed');
INSERT INTO ticket (ticket_id, booking_id, passenger_category, passenger_fare_amount, status) VALUES (1811, 1264, 'child', 200.0, 'active');
INSERT INTO ticket (ticket_id, booking_id, passenger_category, passenger_fare_amount, status) VALUES (1812, 1264, 'adult', 380.0, 'active');
INSERT INTO booking (booking_id, person_id, schedule_id, booking_datetime, trip_type, status) VALUES (1265, 1813, 7, '2025-12-29 00:00:00', 'one_way', 'confirmed');
INSERT INTO ticket (ticket_id, booking_id, passenger_category, passenger_fare_amount, status) VALUES (1813, 1265, 'adult', 380.0, 'active');
INSERT INTO booking (booking_id, person_id, schedule_id, booking_datetime, trip_type, status) VALUES (1266, 1814, 5, '2025-12-21 00:00:00', 'one_way', 'confirmed');
INSERT INTO ticket (ticket_id, booking_id, passenger_category, passenger_fare_amount, status) VALUES (1814, 1266, 'child', 200.0, 'active');
INSERT INTO ticket (ticket_id, booking_id, passenger_category, passenger_fare_amount, status) VALUES (1815, 1266, 'child', 200.0, 'active');
INSERT INTO ticket (ticket_id, booking_id, passenger_category, passenger_fare_amount, status) VALUES (1816, 1266, 'child', 200.0, 'active');
INSERT INTO ticket (ticket_id, booking_id, passenger_category, passenger_fare_amount, status) VALUES (1817, 1266, 'child', 200.0, 'active');
INSERT INTO booking (booking_id, person_id, schedule_id, booking_datetime, trip_type, status) VALUES (1267, 1818, 4, '2025-12-30 00:00:00', 'one_way', 'confirmed');
INSERT INTO ticket (ticket_id, booking_id, passenger_category, passenger_fare_amount, status) VALUES (1818, 1267, 'senior', 0.0, 'active');
INSERT INTO booking (booking_id, person_id, schedule_id, booking_datetime, trip_type, status) VALUES (1268, 1819, 3, '2025-12-28 00:00:00', 'one_way', 'confirmed');
INSERT INTO ticket (ticket_id, booking_id, passenger_category, passenger_fare_amount, status) VALUES (1819, 1268, 'adult', 380.0, 'active');
INSERT INTO ticket (ticket_id, booking_id, passenger_category, passenger_fare_amount, status) VALUES (1820, 1268, 'child', 200.0, 'active');
INSERT INTO ticket (ticket_id, booking_id, passenger_category, passenger_fare_amount, status) VALUES (1821, 1268, 'adult', 380.0, 'active');
INSERT INTO booking (booking_id, person_id, schedule_id, booking_datetime, trip_type, status) VALUES (1269, 1822, 7, '2025-12-24 00:00:00', 'one_way', 'confirmed');
INSERT INTO ticket (ticket_id, booking_id, passenger_category, passenger_fare_amount, status) VALUES (1822, 1269, 'senior', 0.0, 'active');
INSERT INTO ticket (ticket_id, booking_id, passenger_category, passenger_fare_amount, status) VALUES (1823, 1269, 'adult', 380.0, 'active');
INSERT INTO booking (booking_id, person_id, schedule_id, booking_datetime, trip_type, status) VALUES (1270, 1824, 7, '2025-12-26 00:00:00', 'one_way', 'confirmed');
INSERT INTO ticket (ticket_id, booking_id, passenger_category, passenger_fare_amount, status) VALUES (1824, 1270, 'senior', 0.0, 'active');
INSERT INTO ticket (ticket_id, booking_id, passenger_category, passenger_fare_amount, status) VALUES (1825, 1270, 'adult', 380.0, 'active');
INSERT INTO booking (booking_id, person_id, schedule_id, booking_datetime, trip_type, status) VALUES (1271, 1826, 2, '2025-12-30 00:00:00', 'one_way', 'confirmed');
INSERT INTO ticket (ticket_id, booking_id, passenger_category, passenger_fare_amount, status) VALUES (1826, 1271, 'child', 200.0, 'active');
INSERT INTO ticket (ticket_id, booking_id, passenger_category, passenger_fare_amount, status) VALUES (1827, 1271, 'adult', 380.0, 'active');
INSERT INTO ticket (ticket_id, booking_id, passenger_category, passenger_fare_amount, status) VALUES (1828, 1271, 'senior', 0.0, 'active');
INSERT INTO ticket (ticket_id, booking_id, passenger_category, passenger_fare_amount, status) VALUES (1829, 1271, 'senior', 0.0, 'active');
INSERT INTO booking (booking_id, person_id, schedule_id, booking_datetime, trip_type, status) VALUES (1272, 1830, 7, '2025-12-21 00:00:00', 'one_way', 'confirmed');
INSERT INTO ticket (ticket_id, booking_id, passenger_category, passenger_fare_amount, status) VALUES (1830, 1272, 'adult', 380.0, 'active');
INSERT INTO ticket (ticket_id, booking_id, passenger_category, passenger_fare_amount, status) VALUES (1831, 1272, 'senior', 0.0, 'active');
INSERT INTO ticket (ticket_id, booking_id, passenger_category, passenger_fare_amount, status) VALUES (1832, 1272, 'adult', 380.0, 'active');
INSERT INTO ticket (ticket_id, booking_id, passenger_category, passenger_fare_amount, status) VALUES (1833, 1272, 'child', 200.0, 'active');
INSERT INTO booking (booking_id, person_id, schedule_id, booking_datetime, trip_type, status) VALUES (1273, 1834, 3, '2025-12-21 00:00:00', 'one_way', 'confirmed');
INSERT INTO ticket (ticket_id, booking_id, passenger_category, passenger_fare_amount, status) VALUES (1834, 1273, 'child', 200.0, 'active');
INSERT INTO ticket (ticket_id, booking_id, passenger_category, passenger_fare_amount, status) VALUES (1835, 1273, 'child', 200.0, 'active');
INSERT INTO ticket (ticket_id, booking_id, passenger_category, passenger_fare_amount, status) VALUES (1836, 1273, 'senior', 0.0, 'active');
INSERT INTO ticket (ticket_id, booking_id, passenger_category, passenger_fare_amount, status) VALUES (1837, 1273, 'senior', 0.0, 'active');
INSERT INTO booking (booking_id, person_id, schedule_id, booking_datetime, trip_type, status) VALUES (1274, 1838, 1, '2025-12-30 00:00:00', 'one_way', 'confirmed');
INSERT INTO ticket (ticket_id, booking_id, passenger_category, passenger_fare_amount, status) VALUES (1838, 1274, 'senior', 0.0, 'active');
INSERT INTO ticket (ticket_id, booking_id, passenger_category, passenger_fare_amount, status) VALUES (1839, 1274, 'senior', 0.0, 'active');
INSERT INTO ticket (ticket_id, booking_id, passenger_category, passenger_fare_amount, status) VALUES (1840, 1274, 'child', 200.0, 'active');
INSERT INTO ticket (ticket_id, booking_id, passenger_category, passenger_fare_amount, status) VALUES (1841, 1274, 'adult', 380.0, 'active');
INSERT INTO ticket (ticket_id, booking_id, passenger_category, passenger_fare_amount, status) VALUES (1842, 1274, 'adult', 380.0, 'active');
INSERT INTO booking (booking_id, person_id, schedule_id, booking_datetime, trip_type, status) VALUES (1275, 1843, 6, '2025-12-26 00:00:00', 'one_way', 'confirmed');
INSERT INTO ticket (ticket_id, booking_id, passenger_category, passenger_fare_amount, status) VALUES (1843, 1275, 'senior', 0.0, 'active');
INSERT INTO ticket (ticket_id, booking_id, passenger_category, passenger_fare_amount, status) VALUES (1844, 1275, 'child', 200.0, 'active');
INSERT INTO ticket (ticket_id, booking_id, passenger_category, passenger_fare_amount, status) VALUES (1845, 1275, 'child', 200.0, 'active');
INSERT INTO ticket (ticket_id, booking_id, passenger_category, passenger_fare_amount, status) VALUES (1846, 1275, 'senior', 0.0, 'active');
INSERT INTO booking (booking_id, person_id, schedule_id, booking_datetime, trip_type, status) VALUES (1276, 1847, 3, '2025-12-22 00:00:00', 'one_way', 'confirmed');
INSERT INTO ticket (ticket_id, booking_id, passenger_category, passenger_fare_amount, status) VALUES (1847, 1276, 'adult', 380.0, 'active');
INSERT INTO ticket (ticket_id, booking_id, passenger_category, passenger_fare_amount, status) VALUES (1848, 1276, 'senior', 0.0, 'active');
INSERT INTO booking (booking_id, person_id, schedule_id, booking_datetime, trip_type, status) VALUES (1277, 1849, 7, '2025-12-20 00:00:00', 'one_way', 'confirmed');
INSERT INTO ticket (ticket_id, booking_id, passenger_category, passenger_fare_amount, status) VALUES (1849, 1277, 'senior', 0.0, 'active');
INSERT INTO ticket (ticket_id, booking_id, passenger_category, passenger_fare_amount, status) VALUES (1850, 1277, 'senior', 0.0, 'active');
INSERT INTO booking (booking_id, person_id, schedule_id, booking_datetime, trip_type, status) VALUES (1278, 1851, 6, '2025-12-29 00:00:00', 'one_way', 'confirmed');
INSERT INTO ticket (ticket_id, booking_id, passenger_category, passenger_fare_amount, status) VALUES (1851, 1278, 'child', 200.0, 'active');
INSERT INTO booking (booking_id, person_id, schedule_id, booking_datetime, trip_type, status) VALUES (1279, 1852, 7, '2025-12-27 00:00:00', 'one_way', 'confirmed');
INSERT INTO ticket (ticket_id, booking_id, passenger_category, passenger_fare_amount, status) VALUES (1852, 1279, 'senior', 0.0, 'active');
INSERT INTO ticket (ticket_id, booking_id, passenger_category, passenger_fare_amount, status) VALUES (1853, 1279, 'senior', 0.0, 'active');
INSERT INTO ticket (ticket_id, booking_id, passenger_category, passenger_fare_amount, status) VALUES (1854, 1279, 'adult', 380.0, 'active');
INSERT INTO ticket (ticket_id, booking_id, passenger_category, passenger_fare_amount, status) VALUES (1855, 1279, 'child', 200.0, 'active');
INSERT INTO booking (booking_id, person_id, schedule_id, booking_datetime, trip_type, status) VALUES (1280, 1856, 3, '2025-12-30 00:00:00', 'one_way', 'confirmed');
INSERT INTO ticket (ticket_id, booking_id, passenger_category, passenger_fare_amount, status) VALUES (1856, 1280, 'adult', 380.0, 'active');
INSERT INTO ticket (ticket_id, booking_id, passenger_category, passenger_fare_amount, status) VALUES (1857, 1280, 'senior', 0.0, 'active');
INSERT INTO ticket (ticket_id, booking_id, passenger_category, passenger_fare_amount, status) VALUES (1858, 1280, 'senior', 0.0, 'active');
INSERT INTO ticket (ticket_id, booking_id, passenger_category, passenger_fare_amount, status) VALUES (1859, 1280, 'child', 200.0, 'active');
INSERT INTO ticket (ticket_id, booking_id, passenger_category, passenger_fare_amount, status) VALUES (1860, 1280, 'adult', 380.0, 'active');
INSERT INTO booking (booking_id, person_id, schedule_id, booking_datetime, trip_type, status) VALUES (1281, 1861, 2, '2025-12-30 00:00:00', 'one_way', 'confirmed');
INSERT INTO ticket (ticket_id, booking_id, passenger_category, passenger_fare_amount, status) VALUES (1861, 1281, 'adult', 380.0, 'active');
INSERT INTO ticket (ticket_id, booking_id, passenger_category, passenger_fare_amount, status) VALUES (1862, 1281, 'child', 200.0, 'active');
INSERT INTO ticket (ticket_id, booking_id, passenger_category, passenger_fare_amount, status) VALUES (1863, 1281, 'senior', 0.0, 'active');
INSERT INTO ticket (ticket_id, booking_id, passenger_category, passenger_fare_amount, status) VALUES (1864, 1281, 'adult', 380.0, 'active');
INSERT INTO booking (booking_id, person_id, schedule_id, booking_datetime, trip_type, status) VALUES (1282, 1865, 6, '2025-12-24 00:00:00', 'one_way', 'confirmed');
INSERT INTO ticket (ticket_id, booking_id, passenger_category, passenger_fare_amount, status) VALUES (1865, 1282, 'child', 200.0, 'active');
INSERT INTO ticket (ticket_id, booking_id, passenger_category, passenger_fare_amount, status) VALUES (1866, 1282, 'child', 200.0, 'active');
INSERT INTO ticket (ticket_id, booking_id, passenger_category, passenger_fare_amount, status) VALUES (1867, 1282, 'adult', 380.0, 'active');
INSERT INTO ticket (ticket_id, booking_id, passenger_category, passenger_fare_amount, status) VALUES (1868, 1282, 'adult', 380.0, 'active');
INSERT INTO ticket (ticket_id, booking_id, passenger_category, passenger_fare_amount, status) VALUES (1869, 1282, 'adult', 380.0, 'active');
INSERT INTO booking (booking_id, person_id, schedule_id, booking_datetime, trip_type, status) VALUES (1283, 1870, 6, '2025-12-22 00:00:00', 'one_way', 'confirmed');
INSERT INTO ticket (ticket_id, booking_id, passenger_category, passenger_fare_amount, status) VALUES (1870, 1283, 'adult', 380.0, 'active');
INSERT INTO ticket (ticket_id, booking_id, passenger_category, passenger_fare_amount, status) VALUES (1871, 1283, 'child', 200.0, 'active');
INSERT INTO booking (booking_id, person_id, schedule_id, booking_datetime, trip_type, status) VALUES (1284, 1872, 7, '2025-12-27 00:00:00', 'one_way', 'confirmed');
INSERT INTO ticket (ticket_id, booking_id, passenger_category, passenger_fare_amount, status) VALUES (1872, 1284, 'senior', 0.0, 'active');
INSERT INTO ticket (ticket_id, booking_id, passenger_category, passenger_fare_amount, status) VALUES (1873, 1284, 'adult', 380.0, 'active');
INSERT INTO ticket (ticket_id, booking_id, passenger_category, passenger_fare_amount, status) VALUES (1874, 1284, 'child', 200.0, 'active');
INSERT INTO booking (booking_id, person_id, schedule_id, booking_datetime, trip_type, status) VALUES (1285, 1875, 1, '2025-12-27 00:00:00', 'one_way', 'confirmed');
INSERT INTO ticket (ticket_id, booking_id, passenger_category, passenger_fare_amount, status) VALUES (1875, 1285, 'adult', 380.0, 'active');
INSERT INTO ticket (ticket_id, booking_id, passenger_category, passenger_fare_amount, status) VALUES (1876, 1285, 'adult', 380.0, 'active');
INSERT INTO ticket (ticket_id, booking_id, passenger_category, passenger_fare_amount, status) VALUES (1877, 1285, 'adult', 380.0, 'active');
INSERT INTO booking (booking_id, person_id, schedule_id, booking_datetime, trip_type, status) VALUES (1286, 1878, 2, '2025-12-26 00:00:00', 'one_way', 'confirmed');
INSERT INTO ticket (ticket_id, booking_id, passenger_category, passenger_fare_amount, status) VALUES (1878, 1286, 'child', 200.0, 'active');
INSERT INTO ticket (ticket_id, booking_id, passenger_category, passenger_fare_amount, status) VALUES (1879, 1286, 'adult', 380.0, 'active');
INSERT INTO ticket (ticket_id, booking_id, passenger_category, passenger_fare_amount, status) VALUES (1880, 1286, 'adult', 380.0, 'active');
INSERT INTO booking (booking_id, person_id, schedule_id, booking_datetime, trip_type, status) VALUES (1287, 1881, 4, '2025-12-21 00:00:00', 'one_way', 'confirmed');
INSERT INTO ticket (ticket_id, booking_id, passenger_category, passenger_fare_amount, status) VALUES (1881, 1287, 'child', 200.0, 'active');
INSERT INTO ticket (ticket_id, booking_id, passenger_category, passenger_fare_amount, status) VALUES (1882, 1287, 'senior', 0.0, 'active');
INSERT INTO ticket (ticket_id, booking_id, passenger_category, passenger_fare_amount, status) VALUES (1883, 1287, 'child', 200.0, 'active');
INSERT INTO ticket (ticket_id, booking_id, passenger_category, passenger_fare_amount, status) VALUES (1884, 1287, 'senior', 0.0, 'active');
INSERT INTO ticket (ticket_id, booking_id, passenger_category, passenger_fare_amount, status) VALUES (1885, 1287, 'adult', 380.0, 'active');
INSERT INTO booking (booking_id, person_id, schedule_id, booking_datetime, trip_type, status) VALUES (1288, 1886, 5, '2025-12-29 00:00:00', 'one_way', 'confirmed');
INSERT INTO ticket (ticket_id, booking_id, passenger_category, passenger_fare_amount, status) VALUES (1886, 1288, 'adult', 380.0, 'active');
INSERT INTO ticket (ticket_id, booking_id, passenger_category, passenger_fare_amount, status) VALUES (1887, 1288, 'senior', 0.0, 'active');
INSERT INTO ticket (ticket_id, booking_id, passenger_category, passenger_fare_amount, status) VALUES (1888, 1288, 'senior', 0.0, 'active');
INSERT INTO booking (booking_id, person_id, schedule_id, booking_datetime, trip_type, status) VALUES (1289, 1889, 1, '2025-12-25 00:00:00', 'one_way', 'confirmed');
INSERT INTO ticket (ticket_id, booking_id, passenger_category, passenger_fare_amount, status) VALUES (1889, 1289, 'child', 200.0, 'active');
INSERT INTO ticket (ticket_id, booking_id, passenger_category, passenger_fare_amount, status) VALUES (1890, 1289, 'senior', 0.0, 'active');
INSERT INTO ticket (ticket_id, booking_id, passenger_category, passenger_fare_amount, status) VALUES (1891, 1289, 'adult', 380.0, 'active');
INSERT INTO ticket (ticket_id, booking_id, passenger_category, passenger_fare_amount, status) VALUES (1892, 1289, 'senior', 0.0, 'active');
INSERT INTO booking (booking_id, person_id, schedule_id, booking_datetime, trip_type, status) VALUES (1290, 1893, 4, '2025-12-25 00:00:00', 'one_way', 'confirmed');
INSERT INTO ticket (ticket_id, booking_id, passenger_category, passenger_fare_amount, status) VALUES (1893, 1290, 'adult', 380.0, 'active');
INSERT INTO ticket (ticket_id, booking_id, passenger_category, passenger_fare_amount, status) VALUES (1894, 1290, 'adult', 380.0, 'active');
INSERT INTO ticket (ticket_id, booking_id, passenger_category, passenger_fare_amount, status) VALUES (1895, 1290, 'senior', 0.0, 'active');
INSERT INTO booking (booking_id, person_id, schedule_id, booking_datetime, trip_type, status) VALUES (1291, 1896, 5, '2025-12-21 00:00:00', 'one_way', 'confirmed');
INSERT INTO ticket (ticket_id, booking_id, passenger_category, passenger_fare_amount, status) VALUES (1896, 1291, 'child', 200.0, 'active');
INSERT INTO ticket (ticket_id, booking_id, passenger_category, passenger_fare_amount, status) VALUES (1897, 1291, 'senior', 0.0, 'active');
INSERT INTO ticket (ticket_id, booking_id, passenger_category, passenger_fare_amount, status) VALUES (1898, 1291, 'adult', 380.0, 'active');
INSERT INTO ticket (ticket_id, booking_id, passenger_category, passenger_fare_amount, status) VALUES (1899, 1291, 'senior', 0.0, 'active');
INSERT INTO booking (booking_id, person_id, schedule_id, booking_datetime, trip_type, status) VALUES (1292, 1900, 3, '2025-12-30 00:00:00', 'one_way', 'confirmed');
INSERT INTO ticket (ticket_id, booking_id, passenger_category, passenger_fare_amount, status) VALUES (1900, 1292, 'senior', 0.0, 'active');
INSERT INTO ticket (ticket_id, booking_id, passenger_category, passenger_fare_amount, status) VALUES (1901, 1292, 'child', 200.0, 'active');
INSERT INTO ticket (ticket_id, booking_id, passenger_category, passenger_fare_amount, status) VALUES (1902, 1292, 'child', 200.0, 'active');
INSERT INTO ticket (ticket_id, booking_id, passenger_category, passenger_fare_amount, status) VALUES (1903, 1292, 'senior', 0.0, 'active');
INSERT INTO ticket (ticket_id, booking_id, passenger_category, passenger_fare_amount, status) VALUES (1904, 1292, 'child', 200.0, 'active');
INSERT INTO booking (booking_id, person_id, schedule_id, booking_datetime, trip_type, status) VALUES (1293, 1905, 2, '2025-12-24 00:00:00', 'one_way', 'confirmed');
INSERT INTO ticket (ticket_id, booking_id, passenger_category, passenger_fare_amount, status) VALUES (1905, 1293, 'senior', 0.0, 'active');
INSERT INTO booking (booking_id, person_id, schedule_id, booking_datetime, trip_type, status) VALUES (1294, 1906, 8, '2025-12-29 00:00:00', 'one_way', 'confirmed');
INSERT INTO ticket (ticket_id, booking_id, passenger_category, passenger_fare_amount, status) VALUES (1906, 1294, 'senior', 0.0, 'active');
INSERT INTO ticket (ticket_id, booking_id, passenger_category, passenger_fare_amount, status) VALUES (1907, 1294, 'senior', 0.0, 'active');
INSERT INTO booking (booking_id, person_id, schedule_id, booking_datetime, trip_type, status) VALUES (1295, 1908, 4, '2025-12-26 00:00:00', 'one_way', 'confirmed');
INSERT INTO ticket (ticket_id, booking_id, passenger_category, passenger_fare_amount, status) VALUES (1908, 1295, 'senior', 0.0, 'active');
INSERT INTO ticket (ticket_id, booking_id, passenger_category, passenger_fare_amount, status) VALUES (1909, 1295, 'senior', 0.0, 'active');
INSERT INTO ticket (ticket_id, booking_id, passenger_category, passenger_fare_amount, status) VALUES (1910, 1295, 'adult', 380.0, 'active');
INSERT INTO ticket (ticket_id, booking_id, passenger_category, passenger_fare_amount, status) VALUES (1911, 1295, 'adult', 380.0, 'active');
INSERT INTO booking (booking_id, person_id, schedule_id, booking_datetime, trip_type, status) VALUES (1296, 1912, 5, '2025-12-25 00:00:00', 'one_way', 'confirmed');
INSERT INTO ticket (ticket_id, booking_id, passenger_category, passenger_fare_amount, status) VALUES (1912, 1296, 'senior', 0.0, 'active');
INSERT INTO ticket (ticket_id, booking_id, passenger_category, passenger_fare_amount, status) VALUES (1913, 1296, 'adult', 380.0, 'active');
INSERT INTO ticket (ticket_id, booking_id, passenger_category, passenger_fare_amount, status) VALUES (1914, 1296, 'child', 200.0, 'active');
INSERT INTO ticket (ticket_id, booking_id, passenger_category, passenger_fare_amount, status) VALUES (1915, 1296, 'child', 200.0, 'active');
INSERT INTO booking (booking_id, person_id, schedule_id, booking_datetime, trip_type, status) VALUES (1297, 1916, 3, '2025-12-28 00:00:00', 'one_way', 'confirmed');
INSERT INTO ticket (ticket_id, booking_id, passenger_category, passenger_fare_amount, status) VALUES (1916, 1297, 'senior', 0.0, 'active');
INSERT INTO ticket (ticket_id, booking_id, passenger_category, passenger_fare_amount, status) VALUES (1917, 1297, 'adult', 380.0, 'active');
INSERT INTO ticket (ticket_id, booking_id, passenger_category, passenger_fare_amount, status) VALUES (1918, 1297, 'senior', 0.0, 'active');
INSERT INTO booking (booking_id, person_id, schedule_id, booking_datetime, trip_type, status) VALUES (1298, 1919, 3, '2025-12-23 00:00:00', 'one_way', 'confirmed');
INSERT INTO ticket (ticket_id, booking_id, passenger_category, passenger_fare_amount, status) VALUES (1919, 1298, 'adult', 380.0, 'active');
INSERT INTO booking (booking_id, person_id, schedule_id, booking_datetime, trip_type, status) VALUES (1299, 1920, 1, '2025-12-26 00:00:00', 'one_way', 'confirmed');
INSERT INTO ticket (ticket_id, booking_id, passenger_category, passenger_fare_amount, status) VALUES (1920, 1299, 'adult', 380.0, 'active');
INSERT INTO ticket (ticket_id, booking_id, passenger_category, passenger_fare_amount, status) VALUES (1921, 1299, 'senior', 0.0, 'active');
INSERT INTO booking (booking_id, person_id, schedule_id, booking_datetime, trip_type, status) VALUES (1300, 1922, 7, '2025-12-29 00:00:00', 'one_way', 'confirmed');
INSERT INTO ticket (ticket_id, booking_id, passenger_category, passenger_fare_amount, status) VALUES (1922, 1300, 'child', 200.0, 'active');
INSERT INTO ticket (ticket_id, booking_id, passenger_category, passenger_fare_amount, status) VALUES (1923, 1300, 'adult', 380.0, 'active');
INSERT INTO booking (booking_id, person_id, schedule_id, booking_datetime, trip_type, status) VALUES (1301, 1924, 3, '2025-12-28 00:00:00', 'one_way', 'confirmed');
INSERT INTO ticket (ticket_id, booking_id, passenger_category, passenger_fare_amount, status) VALUES (1924, 1301, 'senior', 0.0, 'active');
INSERT INTO ticket (ticket_id, booking_id, passenger_category, passenger_fare_amount, status) VALUES (1925, 1301, 'senior', 0.0, 'active');
INSERT INTO ticket (ticket_id, booking_id, passenger_category, passenger_fare_amount, status) VALUES (1926, 1301, 'senior', 0.0, 'active');
INSERT INTO booking (booking_id, person_id, schedule_id, booking_datetime, trip_type, status) VALUES (1302, 1927, 5, '2025-12-27 00:00:00', 'one_way', 'confirmed');
INSERT INTO ticket (ticket_id, booking_id, passenger_category, passenger_fare_amount, status) VALUES (1927, 1302, 'child', 200.0, 'active');
INSERT INTO ticket (ticket_id, booking_id, passenger_category, passenger_fare_amount, status) VALUES (1928, 1302, 'senior', 0.0, 'active');
INSERT INTO booking (booking_id, person_id, schedule_id, booking_datetime, trip_type, status) VALUES (1303, 1929, 4, '2025-12-22 00:00:00', 'one_way', 'confirmed');
INSERT INTO ticket (ticket_id, booking_id, passenger_category, passenger_fare_amount, status) VALUES (1929, 1303, 'adult', 380.0, 'active');
INSERT INTO ticket (ticket_id, booking_id, passenger_category, passenger_fare_amount, status) VALUES (1930, 1303, 'child', 200.0, 'active');
INSERT INTO ticket (ticket_id, booking_id, passenger_category, passenger_fare_amount, status) VALUES (1931, 1303, 'adult', 380.0, 'active');
INSERT INTO ticket (ticket_id, booking_id, passenger_category, passenger_fare_amount, status) VALUES (1932, 1303, 'child', 200.0, 'active');
INSERT INTO booking (booking_id, person_id, schedule_id, booking_datetime, trip_type, status) VALUES (1304, 1933, 7, '2025-12-25 00:00:00', 'one_way', 'confirmed');
INSERT INTO ticket (ticket_id, booking_id, passenger_category, passenger_fare_amount, status) VALUES (1933, 1304, 'child', 200.0, 'active');
INSERT INTO ticket (ticket_id, booking_id, passenger_category, passenger_fare_amount, status) VALUES (1934, 1304, 'adult', 380.0, 'active');
INSERT INTO ticket (ticket_id, booking_id, passenger_category, passenger_fare_amount, status) VALUES (1935, 1304, 'child', 200.0, 'active');
INSERT INTO booking (booking_id, person_id, schedule_id, booking_datetime, trip_type, status) VALUES (1305, 1936, 8, '2025-12-25 00:00:00', 'one_way', 'confirmed');
INSERT INTO ticket (ticket_id, booking_id, passenger_category, passenger_fare_amount, status) VALUES (1936, 1305, 'senior', 0.0, 'active');
INSERT INTO ticket (ticket_id, booking_id, passenger_category, passenger_fare_amount, status) VALUES (1937, 1305, 'senior', 0.0, 'active');
INSERT INTO ticket (ticket_id, booking_id, passenger_category, passenger_fare_amount, status) VALUES (1938, 1305, 'adult', 380.0, 'active');
INSERT INTO ticket (ticket_id, booking_id, passenger_category, passenger_fare_amount, status) VALUES (1939, 1305, 'adult', 380.0, 'active');
INSERT INTO booking (booking_id, person_id, schedule_id, booking_datetime, trip_type, status) VALUES (1306, 1940, 1, '2025-12-21 00:00:00', 'one_way', 'confirmed');
INSERT INTO ticket (ticket_id, booking_id, passenger_category, passenger_fare_amount, status) VALUES (1940, 1306, 'adult', 380.0, 'active');
INSERT INTO ticket (ticket_id, booking_id, passenger_category, passenger_fare_amount, status) VALUES (1941, 1306, 'senior', 0.0, 'active');
INSERT INTO ticket (ticket_id, booking_id, passenger_category, passenger_fare_amount, status) VALUES (1942, 1306, 'child', 200.0, 'active');
INSERT INTO ticket (ticket_id, booking_id, passenger_category, passenger_fare_amount, status) VALUES (1943, 1306, 'senior', 0.0, 'active');
INSERT INTO booking (booking_id, person_id, schedule_id, booking_datetime, trip_type, status) VALUES (1307, 1944, 5, '2025-12-21 00:00:00', 'one_way', 'confirmed');
INSERT INTO ticket (ticket_id, booking_id, passenger_category, passenger_fare_amount, status) VALUES (1944, 1307, 'child', 200.0, 'active');
INSERT INTO ticket (ticket_id, booking_id, passenger_category, passenger_fare_amount, status) VALUES (1945, 1307, 'adult', 380.0, 'active');
INSERT INTO booking (booking_id, person_id, schedule_id, booking_datetime, trip_type, status) VALUES (1308, 1946, 6, '2025-12-26 00:00:00', 'one_way', 'confirmed');
INSERT INTO ticket (ticket_id, booking_id, passenger_category, passenger_fare_amount, status) VALUES (1946, 1308, 'senior', 0.0, 'active');
INSERT INTO ticket (ticket_id, booking_id, passenger_category, passenger_fare_amount, status) VALUES (1947, 1308, 'senior', 0.0, 'active');
INSERT INTO ticket (ticket_id, booking_id, passenger_category, passenger_fare_amount, status) VALUES (1948, 1308, 'child', 200.0, 'active');
INSERT INTO ticket (ticket_id, booking_id, passenger_category, passenger_fare_amount, status) VALUES (1949, 1308, 'child', 200.0, 'active');
INSERT INTO booking (booking_id, person_id, schedule_id, booking_datetime, trip_type, status) VALUES (1309, 1950, 2, '2025-12-29 00:00:00', 'one_way', 'confirmed');
INSERT INTO ticket (ticket_id, booking_id, passenger_category, passenger_fare_amount, status) VALUES (1950, 1309, 'adult', 380.0, 'active');
INSERT INTO ticket (ticket_id, booking_id, passenger_category, passenger_fare_amount, status) VALUES (1951, 1309, 'child', 200.0, 'active');
INSERT INTO booking (booking_id, person_id, schedule_id, booking_datetime, trip_type, status) VALUES (1310, 1952, 8, '2025-12-26 00:00:00', 'one_way', 'confirmed');
INSERT INTO ticket (ticket_id, booking_id, passenger_category, passenger_fare_amount, status) VALUES (1952, 1310, 'senior', 0.0, 'active');
INSERT INTO ticket (ticket_id, booking_id, passenger_category, passenger_fare_amount, status) VALUES (1953, 1310, 'senior', 0.0, 'active');
INSERT INTO ticket (ticket_id, booking_id, passenger_category, passenger_fare_amount, status) VALUES (1954, 1310, 'senior', 0.0, 'active');
INSERT INTO ticket (ticket_id, booking_id, passenger_category, passenger_fare_amount, status) VALUES (1955, 1310, 'senior', 0.0, 'active');
INSERT INTO booking (booking_id, person_id, schedule_id, booking_datetime, trip_type, status) VALUES (1311, 1956, 8, '2025-12-29 00:00:00', 'one_way', 'confirmed');
INSERT INTO ticket (ticket_id, booking_id, passenger_category, passenger_fare_amount, status) VALUES (1956, 1311, 'adult', 380.0, 'active');
INSERT INTO booking (booking_id, person_id, schedule_id, booking_datetime, trip_type, status) VALUES (1312, 1957, 6, '2025-12-30 00:00:00', 'one_way', 'confirmed');
INSERT INTO ticket (ticket_id, booking_id, passenger_category, passenger_fare_amount, status) VALUES (1957, 1312, 'child', 200.0, 'active');
INSERT INTO booking (booking_id, person_id, schedule_id, booking_datetime, trip_type, status) VALUES (1313, 1958, 4, '2025-12-24 00:00:00', 'one_way', 'confirmed');
INSERT INTO ticket (ticket_id, booking_id, passenger_category, passenger_fare_amount, status) VALUES (1958, 1313, 'child', 200.0, 'active');
INSERT INTO ticket (ticket_id, booking_id, passenger_category, passenger_fare_amount, status) VALUES (1959, 1313, 'adult', 380.0, 'active');
INSERT INTO ticket (ticket_id, booking_id, passenger_category, passenger_fare_amount, status) VALUES (1960, 1313, 'child', 200.0, 'active');
INSERT INTO ticket (ticket_id, booking_id, passenger_category, passenger_fare_amount, status) VALUES (1961, 1313, 'child', 200.0, 'active');
INSERT INTO ticket (ticket_id, booking_id, passenger_category, passenger_fare_amount, status) VALUES (1962, 1313, 'senior', 0.0, 'active');
INSERT INTO booking (booking_id, person_id, schedule_id, booking_datetime, trip_type, status) VALUES (1314, 1963, 3, '2025-12-23 00:00:00', 'one_way', 'confirmed');
INSERT INTO ticket (ticket_id, booking_id, passenger_category, passenger_fare_amount, status) VALUES (1963, 1314, 'adult', 380.0, 'active');
INSERT INTO ticket (ticket_id, booking_id, passenger_category, passenger_fare_amount, status) VALUES (1964, 1314, 'child', 200.0, 'active');
INSERT INTO ticket (ticket_id, booking_id, passenger_category, passenger_fare_amount, status) VALUES (1965, 1314, 'senior', 0.0, 'active');
INSERT INTO ticket (ticket_id, booking_id, passenger_category, passenger_fare_amount, status) VALUES (1966, 1314, 'child', 200.0, 'active');
INSERT INTO ticket (ticket_id, booking_id, passenger_category, passenger_fare_amount, status) VALUES (1967, 1314, 'senior', 0.0, 'active');
INSERT INTO booking (booking_id, person_id, schedule_id, booking_datetime, trip_type, status) VALUES (1315, 1968, 3, '2025-12-30 00:00:00', 'one_way', 'confirmed');
INSERT INTO ticket (ticket_id, booking_id, passenger_category, passenger_fare_amount, status) VALUES (1968, 1315, 'child', 200.0, 'active');
INSERT INTO ticket (ticket_id, booking_id, passenger_category, passenger_fare_amount, status) VALUES (1969, 1315, 'senior', 0.0, 'active');
INSERT INTO ticket (ticket_id, booking_id, passenger_category, passenger_fare_amount, status) VALUES (1970, 1315, 'child', 200.0, 'active');
INSERT INTO booking (booking_id, person_id, schedule_id, booking_datetime, trip_type, status) VALUES (1316, 1971, 6, '2025-12-24 00:00:00', 'one_way', 'confirmed');
INSERT INTO ticket (ticket_id, booking_id, passenger_category, passenger_fare_amount, status) VALUES (1971, 1316, 'child', 200.0, 'active');
INSERT INTO ticket (ticket_id, booking_id, passenger_category, passenger_fare_amount, status) VALUES (1972, 1316, 'senior', 0.0, 'active');
INSERT INTO ticket (ticket_id, booking_id, passenger_category, passenger_fare_amount, status) VALUES (1973, 1316, 'child', 200.0, 'active');
INSERT INTO booking (booking_id, person_id, schedule_id, booking_datetime, trip_type, status) VALUES (1317, 1974, 5, '2025-12-23 00:00:00', 'one_way', 'confirmed');
INSERT INTO ticket (ticket_id, booking_id, passenger_category, passenger_fare_amount, status) VALUES (1974, 1317, 'senior', 0.0, 'active');
INSERT INTO ticket (ticket_id, booking_id, passenger_category, passenger_fare_amount, status) VALUES (1975, 1317, 'child', 200.0, 'active');
INSERT INTO booking (booking_id, person_id, schedule_id, booking_datetime, trip_type, status) VALUES (1318, 1976, 3, '2025-12-29 00:00:00', 'one_way', 'confirmed');
INSERT INTO ticket (ticket_id, booking_id, passenger_category, passenger_fare_amount, status) VALUES (1976, 1318, 'child', 200.0, 'active');
INSERT INTO ticket (ticket_id, booking_id, passenger_category, passenger_fare_amount, status) VALUES (1977, 1318, 'child', 200.0, 'active');
INSERT INTO ticket (ticket_id, booking_id, passenger_category, passenger_fare_amount, status) VALUES (1978, 1318, 'senior', 0.0, 'active');
INSERT INTO booking (booking_id, person_id, schedule_id, booking_datetime, trip_type, status) VALUES (1319, 1979, 3, '2025-12-23 00:00:00', 'one_way', 'confirmed');
INSERT INTO ticket (ticket_id, booking_id, passenger_category, passenger_fare_amount, status) VALUES (1979, 1319, 'child', 200.0, 'active');
INSERT INTO ticket (ticket_id, booking_id, passenger_category, passenger_fare_amount, status) VALUES (1980, 1319, 'child', 200.0, 'active');
INSERT INTO ticket (ticket_id, booking_id, passenger_category, passenger_fare_amount, status) VALUES (1981, 1319, 'senior', 0.0, 'active');
INSERT INTO ticket (ticket_id, booking_id, passenger_category, passenger_fare_amount, status) VALUES (1982, 1319, 'senior', 0.0, 'active');
INSERT INTO ticket (ticket_id, booking_id, passenger_category, passenger_fare_amount, status) VALUES (1983, 1319, 'adult', 380.0, 'active');
INSERT INTO booking (booking_id, person_id, schedule_id, booking_datetime, trip_type, status) VALUES (1320, 1984, 1, '2025-12-24 00:00:00', 'one_way', 'confirmed');
INSERT INTO ticket (ticket_id, booking_id, passenger_category, passenger_fare_amount, status) VALUES (1984, 1320, 'senior', 0.0, 'active');
INSERT INTO ticket (ticket_id, booking_id, passenger_category, passenger_fare_amount, status) VALUES (1985, 1320, 'adult', 380.0, 'active');
INSERT INTO ticket (ticket_id, booking_id, passenger_category, passenger_fare_amount, status) VALUES (1986, 1320, 'child', 200.0, 'active');
INSERT INTO booking (booking_id, person_id, schedule_id, booking_datetime, trip_type, status) VALUES (1321, 1987, 8, '2025-12-25 00:00:00', 'one_way', 'confirmed');
INSERT INTO ticket (ticket_id, booking_id, passenger_category, passenger_fare_amount, status) VALUES (1987, 1321, 'adult', 380.0, 'active');
INSERT INTO booking (booking_id, person_id, schedule_id, booking_datetime, trip_type, status) VALUES (1322, 1988, 3, '2025-12-20 00:00:00', 'one_way', 'confirmed');
INSERT INTO ticket (ticket_id, booking_id, passenger_category, passenger_fare_amount, status) VALUES (1988, 1322, 'adult', 380.0, 'active');
INSERT INTO ticket (ticket_id, booking_id, passenger_category, passenger_fare_amount, status) VALUES (1989, 1322, 'adult', 380.0, 'active');
INSERT INTO booking (booking_id, person_id, schedule_id, booking_datetime, trip_type, status) VALUES (1323, 1990, 6, '2025-12-26 00:00:00', 'one_way', 'confirmed');
INSERT INTO ticket (ticket_id, booking_id, passenger_category, passenger_fare_amount, status) VALUES (1990, 1323, 'child', 200.0, 'active');
INSERT INTO ticket (ticket_id, booking_id, passenger_category, passenger_fare_amount, status) VALUES (1991, 1323, 'adult', 380.0, 'active');
INSERT INTO ticket (ticket_id, booking_id, passenger_category, passenger_fare_amount, status) VALUES (1992, 1323, 'adult', 380.0, 'active');
INSERT INTO booking (booking_id, person_id, schedule_id, booking_datetime, trip_type, status) VALUES (1324, 1993, 6, '2025-12-21 00:00:00', 'one_way', 'confirmed');
INSERT INTO ticket (ticket_id, booking_id, passenger_category, passenger_fare_amount, status) VALUES (1993, 1324, 'senior', 0.0, 'active');
INSERT INTO ticket (ticket_id, booking_id, passenger_category, passenger_fare_amount, status) VALUES (1994, 1324, 'senior', 0.0, 'active');
INSERT INTO ticket (ticket_id, booking_id, passenger_category, passenger_fare_amount, status) VALUES (1995, 1324, 'adult', 380.0, 'active');
INSERT INTO booking (booking_id, person_id, schedule_id, booking_datetime, trip_type, status) VALUES (1325, 1996, 3, '2025-12-21 00:00:00', 'one_way', 'confirmed');
INSERT INTO ticket (ticket_id, booking_id, passenger_category, passenger_fare_amount, status) VALUES (1996, 1325, 'adult', 380.0, 'active');
INSERT INTO ticket (ticket_id, booking_id, passenger_category, passenger_fare_amount, status) VALUES (1997, 1325, 'child', 200.0, 'active');
INSERT INTO booking (booking_id, person_id, schedule_id, booking_datetime, trip_type, status) VALUES (1326, 1998, 8, '2025-12-29 00:00:00', 'one_way', 'confirmed');
INSERT INTO ticket (ticket_id, booking_id, passenger_category, passenger_fare_amount, status) VALUES (1998, 1326, 'senior', 0.0, 'active');
INSERT INTO ticket (ticket_id, booking_id, passenger_category, passenger_fare_amount, status) VALUES (1999, 1326, 'senior', 0.0, 'active');

-- Script finished successfully
